row ID,row m/z,row retention time,row ion mobility,row ion mobility unit,row CCS,correlation group ID,annotation network number,best ion,auto MS2 verify,identified by n=,partners,neutral M mass,53_Brote_24_ 8mg_2.mzXML Peak height,65_QC.mzXML Peak height,50_Brote_24_ 8mg_1.mzXML Peak height,39_Callo_52_9mg_1.mzXML Peak height,57_Brote_27_8 mg_3.mzXML Peak height,24_Brote_33_4mg_1.mzXML Peak height,21_QC.mzXML Peak height,47_Brote_12_5mg_1.mzXML Peak height,38_Callo_40_2mg_3.mzXML Peak height,28_Brote_24_ 8mg_3.mzXML Peak height,9_QC.mzXML Peak height,63_Brote_6_8mg_2.mzXML Peak height,10_QC.mzXML Peak height,29_Brote_25_ 3 mg_3.mzXML Peak height,55_QC.mzXML Peak height,25_Brote_44_2 mg_3.mzXML Peak height,23_Brote_50 _ 1mg_2.mzXML Peak height,35_Brote_76_08mg_3.mzXML Peak height,26_Brote_6_8mg_1.mzXML Peak height,43_Brote_33_5 mg_2.mzXML Peak height,41_Brote_12_5mg_3.mzXML Peak height,36_Callo_40_2mg_1.mzXML Peak height,44_QC.mzXML Peak height,15_Brote_76_08mg_1.mzXML Peak height,58_Brote_22_3mg_1.mzXML Peak height,66_QC.mzXML Peak height,45_Callo_52_9mg_2.mzXML Peak height,12_Brote_14_5mg_1.mzXML Peak height,20_Brote_6_6mg_1.mzXML Peak height,46_Brote_33_4mg_3.mzXML Peak height,5_Ext_blank.mzXML Peak height,40_Brote_6_6mg_2.mzXML Peak height,19_Brote_22_3mg_2.mzXML Peak height,11_Callo_52_9mg_3.mzXML Peak height,48_Brote_6_8mg_3.mzXML Peak height,59_Callo_40_2mg_2.mzXML Peak height,14_Brote_44_2 mg_2.mzXML Peak height,27_Brote_12_5mg_2.mzXML Peak height,30_Brote_33_4mg_2.mzXML Peak height,31_Brote_22_3mg_3.mzXML Peak height,42_Callo_56_2mg_2.mzXML Peak height,16_Brote_25_ 3 mg_1.mzXML Peak height,32_QC.mzXML Peak height,54_Brote_44_2 mg_1.mzXML Peak height,17_Brote_33_5 mg_3.mzXML Peak height,18_Brote_6_6mg_2.mzXML Peak height,34_Brote_14_5mg_2.mzXML Peak height,49_Brote_27_8 mg_2.mzXML Peak height,22_Brote_76_08mg_2.mzXML Peak height,61_Callo_56_2mg_3.mzXML Peak height,62_Callo_56_2mg_1.mzXML Peak height,13_Brote_50 _ 1mg_3.mzXML Peak height,52_Brote_14_5mg_3.mzXML Peak height,64_Brote_25_ 3 mg_2.mzXML Peak height,51_Brote_33_5 mg_1.mzXML Peak height,60_Brote_50 _ 1mg_1.mzXML Peak height,37_Brote_27_8 mg_1.mzXML Peak height,
755,52.99462674632364,55.718334,,,,,,,,,,,849.29877,0,840.8826,0,0,0,0,0,0,873.21185,0,0,0,0,0,0,0,0,0,0,0,0,0,0,0,0,0,0,0,0,0,0,0,0,0,0,0,0,0,0,0,0,0,0,0,0,0,0,0,0,0,0,0,0,0,0,0,
179,52.99734125214977,54.31831,,,,,,,,,,,0,1028.5309,0,1236.6104,1177.765,1522.6381,1448.1886,985.3423,1174.6371,0,1056.6355,888.82837,1017.29517,1235.2513,1094.2811,1305.9104,1472.3698,1854.4874,915.3694,1734.5001,1118.8506,1087.968,1361.0778,1893.8761,1408.2272,1117.0935,1173.1769,1867.2373,1733.1315,1389.0585,0,1730.7084,1923.6564,1115.3972,919.6064,944.1873,1224.4329,1127.7633,1420.6747,1775.3,1775.6178,1305.8411,1232.4991,1109.3838,1408.9955,1701.7656,1876.7214,1600.714,2167.2866,1593.8398,1553.3949,1346.3073,1970.6774,1167.9784,1465.4436,1201.9435,1563.663,
656,52.99846260630096,55.629185,,,,,,,,,,,815.7208,1319.9402,826.89246,1605.473,1699.611,2243.1167,1780.1726,1405.3926,1659.9281,887.6434,1322.3168,1547.6166,1278.4354,1733.6597,1506.6665,1999.7966,1412.185,2887.9468,1633.9696,2315.327,1464.428,1503.915,1796.3164,3013.1226,2561.9163,1505.826,1658.595,1907.565,1632.2357,2149.0647,0,1663.0579,3032.8564,1281.7744,1493.5505,1354.7284,1876.7228,1550.1226,2072.2886,2892.6538,1636.3076,1737.103,1713.7509,1854.9628,1945.2778,1733.2511,2047.9314,2111.5803,3295.325,1461.0255,1494.7179,1242.1344,2106.7954,1570.0481,2019.714,1090.1769,2045.0555,
377,52.99846466561665,54.767494,,,,,,,,,,,1324.8369,2835.531,1278.9977,4083.723,3017.9717,4029.3923,3606.8796,2776.477,3991.1736,1260.1206,2861.2373,1775.7323,2740.0813,3542.9512,2994.949,3605.1821,3816.2302,3713.1348,1880.503,4116.7197,3009.1465,3715.2673,3619.0745,3726.7615,3777.6223,3145.8918,4208.944,5690.0146,5755.1025,3985.8103,0,5997.527,4379.5703,3507.8914,1863.9912,3514.816,3401.3132,3047.3777,3859.0398,4174.6675,5144.282,3651.646,3464.294,3452.022,3328.5012,5989.5303,5849.4233,3787.3613,4212.7314,4764.177,5068.9736,3444.5103,6344.828,3658.016,3545.6636,3189.201,3717.515,
61,54.02829414728258,54.31633,,,,,,,,,,,0,601.6208,0,0,527.729,1035.0706,1013.102,768.8084,849.43677,0,615.2517,0,711.95557,898.36743,578.5417,884.7551,0,805.28406,0,925.9739,901.2262,740.96173,857.69336,1149.0984,542.46747,519.77246,836.49005,1010.9356,1351.2157,768.6669,0,1149.576,1011.80975,815.05817,0,0,953.68353,0,857.03204,952.60803,940.52893,0,768.9235,638.02094,918.1242,1248.849,887.9163,716.7561,1257.8888,696.54694,742.2903,999.8908,919.6744,696.4011,696.11444,536.74274,748.9585,
666,54.038910786527,55.62944,,,,,,,,,,,0,611.1422,0,851.31647,664.46844,1033.2593,1044.5132,789.2586,883.59467,0,651.2056,0,0,918.78296,669.80615,923.3449,992.12555,1072.1373,895.6852,1100.7313,936.3635,760.2831,882.6018,1209.8362,767.79865,668.66425,852.2308,957.0566,0,892.35925,0,0,1218.5833,0,813.3759,599.26154,930.6273,970.7225,939.65155,1103.0579,0,0,877.18604,777.3233,961.764,0,865.57043,863.6365,1283.6162,695.0098,652.2344,0,848.2259,738.238,815.15265,532.4629,877.9356,
378,54.046000703590884,54.767494,,,,,,,,,,,0,1070.679,0,1551.7892,1088.8038,1674.0922,1612.4377,1159.4247,1573.3717,0,1015.033,0,1160.1124,1439.716,1009.4995,1367.3043,1493.7627,1312.593,1011.08795,1509.1157,1306.0837,1376.1804,1481.5979,1603.6918,1227.1592,1124.2899,1596.7421,1952.0212,2347.246,1309.3805,0,2309.75,1736.8693,1469.3665,968.1517,1145.7231,1339.9242,1388.9869,1522.932,1521.8163,1885.5443,1758.241,1372.2272,1255.6028,1343.607,2167.3835,2032.1954,1386.6248,1774.4777,1524.0801,1624.49,1449.7705,1998.4442,1270.745,1264.133,1078.2174,1344.9376,
170,55.0,54.318024,,,,,,,,,,,0,8940.807,0,11103.573,12400.621,14427.351,13057.752,8589.121,10934.087,0,9461.543,7143.286,9478.732,11092.257,10273.993,12045.823,13825.588,19026.451,7935.7583,16484.086,9787.074,10262.922,12678.551,20233.998,14552.869,10155.34,11133.429,18576.934,16596.467,12964.422,0,16418.219,18761.934,9932.131,7853.1606,9026.819,11916.975,9647.715,13307.635,17993.125,16368.545,11824.224,11942.923,11044.371,13486.064,16710.682,19707.201,15370.242,22432.51,14463.904,15209.17,12563.777,20005.174,10581.734,14535.764,10493.396,14975.975,
657,55.0,55.629185,,,,,,,,,,,7499.334,13927.582,7500.9365,16642.23,19532.094,24345.857,19206.895,14631.576,16430.31,7720.458,14585.615,15882.46,13680.2,17092.963,16175.302,21462.914,14511.791,34528.117,16147.651,25628.45,15727.05,15725.56,18997.406,34872.527,28768.627,16341.358,16580.154,20641.137,16794.232,23547.969,0,16625.111,33078.727,14026.827,16096.528,14157.056,19774.896,15716.708,22967.16,32123.482,17143.705,18802.855,18369.795,19854.277,20992.533,16936.537,22034.422,24169.67,38041.27,15630.157,16499.576,12957.013,22608.031,17343.162,22959.963,11096.027,23131.607,
863,55.0,56.256668,,,,,,,,,,,8143.0156,0,8307.842,0,0,0,0,0,0,7537.4556,0,0,0,0,0,0,0,0,0,0,0,0,0,0,0,0,0,0,0,0,0,0,0,0,0,0,0,0,0,0,0,0,0,0,0,0,0,0,0,0,0,0,0,0,0,0,0,
394,55.00010330575501,54.767715,,,,,,,,,,,18967.582,47773.31,18256.576,71521.7,55587.16,72476.195,62354.355,47781.28,69439.38,17951.773,49245.72,28055.762,47024.754,60260.63,52686.723,62873.23,65128.26,65167.58,27894.652,71029.8,49074.047,65819.914,62474.418,65672.65,67097.195,55278.09,73638.62,103892.984,102884.95,68552.99,1372.1052,108011.14,78246.82,63674.695,28402.742,62009.547,57897.45,49750.156,67560.766,74364.55,91634.91,63166.62,59940.504,58609.918,56550.68,105677.695,108792.98,66539.016,73255.81,87385.75,90480.625,59962.062,113628.38,61843.18,63415.84,55362.43,65018.805,
344,56.00735555514378,54.767048,,,,,,,,,,,1547.7843,2930.9583,1454.2838,4162.0796,3158.4517,4133.7104,3827.0452,2944.4978,4084.5518,1666.5322,3027.2688,1916.61,3041.558,3559.602,3022.3752,3736.1536,4171.0527,3680.5457,2037.4672,4023.2537,3158.1912,3833.5093,3691.1184,4024.836,3670.2153,3283.1833,4305.791,5824.115,6017.9194,3835.2258,0,6021.939,4371.8423,3929.8228,1995.9006,3448.515,3649.0269,3257.4163,3805.3455,4233.853,5333.9346,3905.5332,3648.1655,3361.8958,3431.105,6251.6284,5916.6396,3821.8247,4498.5317,4577.5186,5073.001,3840.3384,6015.397,3503.5884,3584.2668,3338.1619,3725.759,
605,56.01758184870083,55.62838,,,,,,,,,,,1086.6191,1369.0994,1036.4685,1739.4557,1778.7228,2314.1877,2022.6711,1578.8196,1792.4746,1175.3053,1633.9081,1630.6525,1518.4027,1795.7944,1556.7518,1958.3063,1681.4263,2876.7288,1719.4097,2285.034,1786.337,1632.1173,1904.8077,3085.6047,2363.476,1593.3838,1772.6162,2134.385,1999.3312,2060.3306,0,1943.1761,3013.8503,1607.1915,1659.6561,1514.866,2108.0503,1723.7068,2128.7766,2760.0117,1922.2363,2045.7803,1908.15,1836.1216,1990.0117,2009.6375,2023.2655,2143.932,3255.1455,1637.8196,1630.1461,1650.374,1969.3406,1631.3442,2077.207,1211.1664,2120.0457,
127,56.01769790529328,54.317398,,,,,,,,,,,0,963.1883,0,1403.8676,1144.7267,1597.6326,1603.5728,1161.1465,1364.782,0,1258.7224,0,1257.4005,1314.256,1073.2184,1382.0543,1627.7761,1724.2455,0,1623.5544,1359.2671,1212.3589,1445.9268,1967.3236,1278.2759,1102.1962,1327.1863,1786.2291,2150.2083,1381.2605,0,1858.0886,1853.4384,1434.3033,0,1055.9379,1529.9915,1370.05,1418.7976,1582.3027,1772.54,1487.2416,1293.0844,1168.9977,1442.9497,2002.9088,1750.7701,1403.8385,2164.1382,1434.998,1476.1062,1579.2445,1830.7758,1185.2776,1432.0804,1065.8555,1464.5823,
400,57.00184550305142,54.767857,,,,,,,,,,,5683.2544,11240.296,5676.461,17041.244,12693.91,17007.936,15275.128,11795.456,16305.223,5857.2153,12041.866,7278.0483,11581.933,14639.181,12139.217,14786.093,16064.263,15400.495,7584.466,16634.55,12397.818,15569.017,15061.405,16077.746,15123.605,12743.531,17020.373,24272.525,25068.375,15594.833,0,25150.701,18424.29,15564.734,7481.0264,14128.901,14357.412,12659.265,15906.7295,17332.27,21393.346,15616.644,14087.854,13787.675,13465.719,25301.74,24901.104,15388.572,17691.438,19883.562,20457.008,14746.454,25445.904,14436.025,14685.418,12693.274,15091.991,
647,57.00228951899088,55.62901,,,,,,,,,,,6583.0874,12773.473,6501.3594,15073.786,18398.18,22628.705,17705.383,13318.626,15080.712,6696.5684,13454.963,14587.013,12858.914,15732.708,14918.746,19889.176,13294.511,32404.465,14699.102,23803.676,14204.94,14356.576,17506.674,32570.82,27258.346,15214.641,15105.462,19054.213,15099.661,21319.074,0,14896.383,30829.451,12811.731,15162.502,13161.865,18341.605,14206.171,21294.51,29684.371,15593.713,17042.102,16610.95,18277.434,19419.65,15369.839,20530.63,22430.924,35109.746,14335.316,14930.994,11680.755,20441.443,16226.136,21466.227,10168.646,21455.04,
178,57.002907484153305,54.318306,,,,,,,,,,,0,7353.9863,0,8857.759,9976.593,11555.252,10579.586,6794.801,8738.6,0,8070.908,6134.43,7825.451,8711.508,8264.823,9560.785,11124.487,15488.581,6502.684,13086.7295,7650.4795,8333.583,10081.79,16449.143,11850.585,8357.744,8839.258,15554.068,13210.224,10302.989,0,13300.878,15235.574,8155.3374,6551.397,7132.012,9562.634,7716.5503,10774.713,14464.887,12953.066,9457.912,9608.172,8759.439,10896.551,13471.436,15810.416,12248.098,17856.758,11748.969,12061.256,10299.739,16186.109,8358.704,11565.523,8296.742,12392.039,
360,58.00210144418551,54.767235,,,,,,,,,,,0,0,0,1095.173,744.44196,1128.1033,1144.541,798.7297,992.1984,0,845.324,635.085,853.0605,965.77637,0,989.3171,1049.1416,968.3867,0,1042.0461,867.2638,930.2439,996.9176,1055.4296,905.1965,820.2399,1079.4158,1482.1948,1589.106,976.1811,0,1628.867,1230.4675,1057.5757,596.39264,0,951.33575,0,965.25366,1015.52924,1348.6084,1065.1935,934.7228,912.2962,866.91437,1607.4106,1389.0107,902.74896,1144.5568,1105.7705,1181.0896,995.3318,1447.4939,914.3256,929.2795,0,947.0118,
114,58.003402178824906,54.317333,,,,,,,,,,,0,0,0,631.0226,694.55707,903.5074,799.30695,550.82574,626.27985,0,635.0363,505.36743,592.202,640.6924,0,700.3655,819.8094,896.6744,0,851.6505,650.79504,636.62146,743.1873,1026.5527,696.7261,591.6195,678.4586,948.881,1008.85455,753.0438,0,1026.3969,1008.8787,647.58417,0,0,748.88165,0,747.3622,911.2403,926.4312,761.0778,702.4178,670.9585,745.92316,0,1015.38605,809.252,1121.1204,756.32104,763.6165,790.62274,935.55804,638.985,738.14087,0,798.21344,
622,58.00513937757673,55.62862,,,,,,,,,,,0,0,0,950.76855,1051.6051,1320.256,1185.3335,880.62177,927.1282,0,897.15265,950.252,829.85876,1023.59595,0,1178.3345,970.4799,1718.4473,0,1346.527,988.4508,893.07587,1049.0765,1808.0356,1408.9137,904.5871,999.98755,1193.0085,1168.5743,1213.7358,0,1109.221,1666.7695,902.28735,947.89343,0,1094.2909,0,1248.631,1581.2946,983.66003,1135.9546,956.65643,1123.0752,1186.5204,1146.7944,1206.4691,1145.8911,1929.8206,907.19257,915.8689,840.73065,1186.6914,941.35406,1228.9634,0,1220.3661,
222,58.98469888202023,54.688,,,,,,,,,,,0,979.15234,0,0,0,0,0,0,0,0,0,0,0,0,0,0,0,0,0,0,0,0,1140.5656,0,0,0,0,0,1726.1572,0,0,1630.761,0,0,1179.1693,0,0,0,0,0,0,0,0,0,0,0,0,0,0,0,0,0,0,0,0,0,0,
228,58.984714478469655,54.758636,,,,,,,,,,,1005.6813,0,1057.8745,0,0,1116.0154,0,1105.7405,1064.4132,0,0,1190.4214,0,1128.6992,958.1605,1002.29,1101.4985,0,0,1045.1824,0,1028.9291,1117.6904,970.57996,899.2628,981.44653,1025.8787,1111.0284,1725.233,1036.2291,0,0,1122.5652,902.3576,0,964.4387,934.28345,0,1100.337,1065.015,1147.286,0,1075.577,957.42664,980.33997,0,1110.3802,1037.4655,1133.9741,1040.4253,1040.4119,973.9778,1171.9507,1021.92053,0,940.33673,987.36774,
704,58.98983767552299,55.63409,,,,,,,,,,,0,0,0,0,0,0,0,0,0,0,0,0,0,0,0,1002.89703,1086.5334,972.7136,0,0,0,0,0,1013.6201,0,0,0,0,0,1032.8931,0,0,1126.1364,0,0,0,940.846,0,0,1076.3331,0,0,0,0,0,0,0,990.37006,1076.2576,0,0,0,0,0,0,0,1051.0785,
841,59.96753425890372,56.224995,,,,,,,,,,,0,0,0,0,0,0,0,0,0,0,0,0,0,0,0,0,0,0,0,0,0,0,0,0,0,0,0,0,1328.8048,0,0,1160.4152,0,0,0,0,0,0,0,0,0,0,0,0,0,1375.0095,0,0,0,0,0,0,0,0,0,0,0,
826,60.95631449985634,56.22,,,,,,,,,,,0,0,0,0,0,0,0,0,0,0,0,0,0,0,0,0,0,0,0,0,0,0,0,0,0,0,0,0,1567.0442,0,0,1248.4594,0,0,0,0,0,0,0,0,0,0,0,0,0,1680.965,0,0,0,0,0,0,0,0,0,0,0,
843,64.98122882007058,56.225002,,,,,,,,,,,0,0,0,0,0,0,0,0,0,0,0,0,0,0,0,0,0,0,0,0,0,0,0,0,0,0,0,0,1297.8519,0,0,1031.8967,0,0,0,0,0,0,0,0,0,0,0,0,0,1482.487,0,0,0,0,0,0,0,0,0,0,0,
169,64.98245189257044,54.31802,,,,,,,,,,,0,621.94867,0,826.32526,764.61096,1014.5005,858.2847,696.1033,795.8261,0,603.5855,605.47955,629.26544,785.729,680.55475,800.54004,996.3978,1192.3396,627.1481,1105.2969,806.05817,773.0333,855.48645,1212.4027,927.4292,757.75385,812.89374,1130.1416,1102.8153,863.5682,0,1106.1981,1180.9467,665.2707,627.73944,626.29553,806.9739,785.1422,894.188,1126.9509,1063.4282,842.2789,824.4534,771.5613,947.6881,1165.496,1203.2014,1028.7999,1407.354,1009.9686,1010.09155,861.90027,1286.7103,773.2259,967.35144,702.42365,959.13434,
395,64.98538004092072,54.767735,,,,,,,,,,,0,1772.255,0,2501.4087,1871.4119,2506.949,2205.5696,1782.9039,2461.2864,0,1632.503,1201.6349,1547.1843,2038.7944,1868.0828,2225.6936,2312.9453,2256.8794,1170.797,2507.9219,1883.051,2195.917,2302.219,2184.0828,2314.9597,1906.879,2534.8496,3363.114,3634.484,2396.952,0,3653.7437,2698.7283,2066.7668,1190.9287,2081.8079,1974.6653,1882.5406,2277.0967,2637.5662,3035.6328,2231.2961,2096.5745,2044.5806,2015.3975,3593.5806,3443.461,2390.3445,2611.6191,2847.2383,3080.0625,1971.9739,3732.105,2189.4954,2218.9722,1958.068,2189.305,
668,64.98606209091481,55.6295,,,,,,,,,,,0,851.2445,0,980.3867,1042.4734,1361.579,1217.627,929.0379,1060.8015,0,804.2867,1023.83295,764.91797,1145.5015,985.54266,1244.5322,946.02716,1797.847,1084.7551,1480.0288,962.4946,952.21967,1172.781,1863.6064,1501.2034,961.5041,1058.2776,1177.6263,0,1373.9526,0,1168.0627,1760.1445,884.0909,1060.9579,859.6728,1081.5907,996.89246,1351.255,1794.565,999.97125,1141.3417,1110.2625,1217.2122,1222.5178,0,1237.408,1352.0402,1979.9081,949.33704,973.02057,809.40436,1321.7787,1025.4391,1358.0056,686.8794,1337.1294,
159,66.021296480094,54.31785,,,,,,,,,,,0,0,0,478.51782,0,572.90356,571.53613,0,486.3063,0,0,0,0,0,0,531.4328,577.12683,586.22363,0,568.3835,0,408.01276,551.2703,683.3429,0,0,482.39032,634.711,709.492,508.11606,0,661.80286,674.3616,434.21118,0,0,0,0,551.4727,630.9892,618.65283,587.22754,473.18634,0,503.9042,729.6165,685.38184,567.00946,779.23895,501.41486,508.47107,491.491,695.3259,528.27167,529.9359,0,566.1572,
671,66.02991681670545,55.629574,,,,,,,,,,,0,0,0,537.15594,0,743.1605,639.2864,0,537.0765,0,0,0,0,0,0,657.29224,524.38184,905.6113,0,781.3939,0,499.07812,641.5466,905.59467,0,0,561.6149,676.2638,0,665.23865,0,667.6476,930.0713,456.8199,0,451.72345,0,0,700.80225,849.0,606.083,649.63354,569.5986,0,621.3563,641.12555,709.20135,675.9882,1011.6149,512.5567,492.52893,466.30664,652.32855,599.2743,673.43054,0,678.9951,
407,66.0403124761386,54.768623,,,,,,,,,,,0,0,0,1039.489,0,1125.8116,1024.3193,0,1003.9307,0,0,0,0,0,0,989.7627,963.63354,937.74927,0,1110.5024,0,944.57697,998.25824,1037.0817,0,0,1080.2747,1439.0935,1490.4705,1037.6094,0,1583.4783,1102.4247,882.1569,0,899.85156,0,0,1047.4177,1094.2749,1255.676,1052.1327,890.729,0,905.879,1498.2632,1482.8584,1021.71655,1128.9539,1174.9398,1221.7767,929.79047,1497.2396,906.94147,933.58386,0,954.2707,
173,67.0,54.318115,,,,,,,,,,,0,5629.0425,0,6894.2437,7555.6006,9203.498,8166.218,5511.7236,6795.285,0,5489.7383,4425.531,5512.532,6799.267,6477.846,7578.925,8647.617,11697.014,4966.777,10431.222,6073.8384,6208.7393,8227.203,12430.343,8801.662,6529.498,7102.33,11037.882,10545.919,8377.064,0,10683.466,11757.147,5967.3584,4887.226,5401.6553,6923.8696,5991.041,8313.78,11381.698,10025.004,7498.0093,7546.7896,6758.0586,8175.7407,10329.269,11993.454,9969.328,14123.416,9206.288,9307.54,7555.4663,12671.013,6385.904,9279.073,6523.8604,9380.394,
372,67.0,54.767406,,,,,,,,,,,7549.229,17806.934,7255.295,26641.555,19835.777,26704.389,23501.365,18025.232,25190.602,7321.557,17400.416,10662.375,16634.668,22179.65,19213.328,23295.205,23734.799,23464.91,10761.815,26200.646,18455.984,23365.312,23207.014,23784.549,24168.35,20693.727,27053.936,36088.434,37926.7,25289.686,0,39355.7,28814.248,22586.629,10907.506,22455.441,21032.377,18715.244,25109.967,27391.564,33710.64,23055.436,22644.787,21984.904,20488.059,38481.926,38215.793,24441.664,27632.27,31411.896,32759.408,21338.777,41386.766,22714.518,23585.332,20326.303,23862.492,
641,67.0,55.628834,,,,,,,,,,,4332.2627,8566.323,4467.55,10149.12,11669.62,14712.58,11397.185,9058.343,9859.444,4505.833,8294.81,9789.25,7721.2803,10307.09,9845.667,12829.793,8547.19,20487.684,9761.478,15590.08,9348.66,9165.939,11766.023,20219.586,17183.627,10027.829,10377.161,11938.717,10185.877,14421.14,0,10125.806,19810.4,8098.9614,9834.656,8476.895,11489.249,9304.518,14051.489,19474.32,10246.506,11105.566,11198.461,12055.824,12516.171,9981.738,12831.408,15038.191,23107.824,9600.05,9749.753,7169.7334,13405.317,10636.26,13836.201,6570.535,13790.141,
745,67.0,55.716663,,,,,,,,,,,3821.7659,0,3877.746,0,0,0,0,0,0,3871.0457,0,0,0,0,0,0,0,0,0,0,0,0,0,0,0,0,0,0,0,0,0,0,0,0,0,0,0,0,0,0,0,0,0,0,0,0,0,0,0,0,0,0,0,0,0,0,0,
872,67.0,56.258335,,,,,,,,,,,4085.5186,0,4195.5327,0,0,0,0,0,0,3756.457,0,0,0,0,0,0,0,0,0,0,0,0,0,0,0,0,0,0,0,0,0,0,0,0,0,0,0,0,0,0,0,0,0,0,0,0,0,0,0,0,0,0,0,0,0,0,0,
162,68.01461344153114,54.31788,,,,,,,,,,,0,1042.6826,0,1479.4188,1228.0327,1771.2874,1706.0261,1258.0912,1438.6371,0,1095.5476,983.779,1166.5453,1477.2441,1166.4315,1513.983,1756.1691,1855.172,0,1813.7113,1474.5819,1314.5192,1606.3145,2244.542,1349.3723,1150.2275,1437.6417,1897.8029,2333.1946,1467.1171,0,2128.02,2104.5002,1268.0664,1104.5182,1048.1517,1506.2632,1395.9614,1583.9392,1931.3923,1915.3201,1710.2513,1420.269,1241.8477,1630.7578,2266.4014,2035.1147,1668.1138,2420.3167,1464.3289,1567.8229,1624.289,2011.4828,1249.9137,1548.595,1095.3883,1588.2671,
630,68.01693421002386,55.628742,,,,,,,,,,,1085.3635,1489.7806,1043.0604,1771.6117,1759.7045,2409.4697,2213.026,1622.6879,1863.4103,1192.0739,1480.5044,1612.4734,1482.2412,1933.6139,1622.8179,2148.5686,1732.2753,3025.3916,1812.3606,2543.8362,1784.9316,1699.592,1996.4567,3112.1418,2358.4976,1597.2036,1814.167,2104.5745,2282.4636,2276.8242,0,2254.732,3038.4255,1648.1292,1836.7368,1371.8885,2022.5172,1856.7976,2289.9316,2952.931,1889.7041,2148.8892,1969.2661,1900.7719,2153.1716,2259.8696,2057.5828,2265.7412,3572.7417,1631.6525,1677.2357,1576.2178,2195.065,1714.3312,2189.537,1167.609,2231.2458,
350,68.02808826547066,54.76713,,,,,,,,,,,1591.9379,2848.5962,1553.1736,4231.048,3069.166,4316.549,3865.512,2916.4463,4006.2246,1734.647,2816.3623,1979.8097,2666.79,3770.7866,3149.2808,3639.3337,3942.1743,3667.6116,2227.0647,4111.7554,3133.0813,3732.4434,3675.788,4044.7244,3492.5881,3116.0315,4328.335,5640.696,6265.878,3856.706,0,6176.535,4609.147,3713.8506,2020.0612,3413.2476,3449.754,3302.3801,3966.426,4200.324,5163.557,3862.025,3557.5403,3416.6414,3366.788,6279.584,5928.7285,3835.2324,4537.186,4682.0005,4916.0884,3599.0244,6191.667,3589.651,3510.5493,3207.8984,3671.325,
864,69.00168794586436,56.256668,,,,,,,,,,,4189.9985,0,4203.7764,0,0,0,0,0,0,4045.2485,0,0,0,0,0,0,0,0,0,0,0,0,0,0,0,0,0,0,0,0,0,0,0,0,0,0,0,0,0,0,0,0,0,0,0,0,0,0,0,0,0,0,0,0,0,0,0,
398,69.00358456719982,54.7678,,,,,,,,,,,11401.72,29205.79,10896.948,42820.875,32242.379,42685.164,37008.168,28491.658,41428.457,10608.974,29080.906,17233.188,27267.256,35556.07,31739.127,37420.64,38642.324,37958.324,16906.285,41937.42,29750.684,38916.73,37431.73,38354.23,39572.37,33635.777,43669.016,61382.594,61791.504,41068.992,963.86304,64559.043,46493.973,36880.242,17269.588,36834.37,33917.94,29432.213,40059.45,44232.496,54365.215,37081.035,36249.594,35103.152,32937.81,62730.285,64662.37,40140.113,44051.414,52239.023,54554.305,35025.96,68093.055,37741.4,37837.312,33114.27,38257.445,
640,69.00481073966174,55.628826,,,,,,,,,,,5260.6426,10071.155,5363.135,12122.405,14125.852,17287.436,13651.625,10485.718,11759.612,5239.578,10080.318,11437.095,9713.571,12288.099,11633.248,15173.767,10426.163,24776.303,11660.173,18706.088,11251.311,10977.143,13770.634,24605.83,21204.354,12108.916,11989.047,14567.448,11975.317,17273.74,0,12215.3955,23951.389,9764.115,11729.798,10252.999,13737.227,11068.406,16810.348,23286.855,12501.019,12815.302,13393.294,14236.978,15024.145,12301.653,15643.722,17843.822,27133.084,11238.02,11884.517,8853.184,16283.968,12723.041,16839.965,7959.1533,16598.32,
174,69.00638688905927,54.31812,,,,,,,,,,,0,5778.0737,0,6907.474,7363.951,8881.574,7967.588,5436.7393,6811.301,0,5724.463,4624.952,5708.3506,6718.802,6374.79,7443.613,8659.234,11575.237,4967.0986,9991.394,5814.5205,6305.1655,8084.8857,12161.597,8929.192,6642.8467,6983.1934,11162.048,10273.012,8093.754,0,10269.853,11438.075,6106.2383,4781.8286,5575.669,7119.1797,6048.3184,8012.6763,10884.542,9990.695,7154.1826,7418.3677,6711.354,8256.223,10183.763,11646.095,9504.371,13569.941,9033.367,9281.154,7697.0205,12355.125,6368.339,8972.016,6520.415,9303.628,
352,70.04096162273935,54.76714,,,,,,,,,,,1666.7457,3695.3074,1582.0736,5434.2773,3916.3975,5195.8057,4712.136,3552.914,5039.7515,1786.217,3597.8271,2310.3499,3396.4377,4433.14,4036.6619,4531.3403,4964.2793,4739.8564,2365.5664,5230.94,3878.5532,4773.8423,4699.88,4953.4683,4787.5103,4125.412,5567.7544,7457.3765,7705.575,4990.4087,0,7996.774,5652.0317,4672.4097,2439.9692,4509.8223,4255.4805,3886.7087,5061.1265,5338.6177,6815.7686,4742.141,4455.492,4322.952,4130.0234,7811.5347,7708.989,4909.265,5414.7485,6222.7383,6448.7905,4352.4595,7997.589,4561.763,4620.3306,3962.3103,4696.9136,
150,70.04497994353137,54.317757,,,,,,,,,,,0,911.25793,0,1176.9147,952.3815,1368.962,1413.7454,968.4011,1181.3174,0,1041.0481,0,1033.0396,1172.1771,984.12714,1215.6692,1391.0343,1442.6819,0,1356.8774,1142.9059,1098.0563,1243.8813,1703.4344,1218.6038,978.97845,1159.6201,1591.5685,1760.5466,1176.3154,0,1663.2004,1581.4286,1090.677,0,884.7591,1222.7368,1212.7509,1142.2825,1449.8888,1613.001,1318.2017,1143.1173,1013.11017,1277.5724,0,1577.5217,1356.9961,1756.3394,1325.3854,1339.5217,1387.6881,1588.6943,984.97906,1270.5568,949.18604,1285.9932,
615,70.04511975987872,55.628513,,,,,,,,,,,828.5972,1187.931,856.3831,1445.457,1451.8804,1846.1442,1720.6244,1321.2249,1446.2197,0,1269.54,1331.782,1153.4584,1414.3766,1308.7375,1672.5024,1409.2949,2421.4646,1458.5603,1989.7142,1454.5496,1327.2838,1608.8441,2588.3403,1927.0173,1343.3396,1482.2217,1711.8872,0,1727.6992,0,1764.6417,2451.7905,1321.4672,1418.3384,1129.7705,1588.2579,1445.3694,1733.0304,2279.6682,1593.9133,1611.6012,1535.2439,1502.9333,1616.3053,1762.7509,1720.1611,1792.0095,2743.4658,1335.6149,1477.7208,1318.7366,1757.5983,1402.2723,1705.5718,1022.7741,1756.0892,
399,71.04908702391847,54.767853,,,,,,,,,,,3682.6992,7243.5117,3483.423,10643.739,7813.7095,10450.29,9523.011,7459.2764,10346.968,3664.8872,7114.3584,4700.522,6993.997,9094.381,7767.4814,9336.531,9976.583,9418.264,4829.2295,10624.5,7595.381,9655.993,9310.206,9725.228,9442.936,8228.306,10779.476,14518.021,15592.959,9927.502,0,16054.921,11425.067,9262.144,4675.0205,8882.744,8573.114,7695.4497,9972.535,10851.921,13195.903,9386.478,8999.314,8680.396,8306.386,15695.253,15344.958,9862.62,11241.629,12624.002,12843.964,9150.133,16014.638,9241.132,9382.568,8199.756,9668.794,
155,71.04963992358651,54.31784,,,,,,,,,,,0,6082.21,0,6766.2183,7807.6396,8877.833,8146.9727,5249.185,6767.2197,0,5845.585,4855.871,5682.7256,6697.067,6662.1704,7371.989,8412.366,12031.982,4782.5356,10450.828,5846.047,6336.9146,7914.3364,12427.751,9448.11,6989.0986,6769.6895,11323.801,9807.659,8116.535,0,10259.72,11683.161,5968.283,4807.8174,5706.317,6750.7437,5684.4463,8163.2915,11326.901,10135.666,6740.618,7514.5034,6924.1235,8163.352,10173.801,12377.509,9759.4,13856.556,9447.55,9735.394,7506.049,12945.801,6448.5654,9230.415,6829.389,9609.103,
652,71.04986798552528,55.6291,,,,,,,,,,,4462.209,9102.968,4512.7324,10401.457,12478.956,15210.64,11793.198,9144.89,10173.976,4423.4995,8946.612,10448.917,8323.421,10704.629,10130.611,13480.074,8735.3955,21902.768,9917.939,16152.864,9720.774,9632.015,11833.762,21640.98,18645.43,10722.021,10476.506,12777.249,9848.344,15122.937,0,10207.682,20968.84,8281.538,10368.452,9166.648,12049.786,9607.363,14588.365,20715.607,10401.227,11187.24,11674.111,12731.739,12724.512,10146.047,13373.003,15305.762,24000.846,10030.106,10438.111,7638.3745,14262.965,11329.075,14524.463,7008.7197,14769.428,
664,72.0477231961492,55.62943,,,,,,,,,,,0,0,0,892.6123,0,1091.4991,1011.66034,0,913.67505,0,0,0,0,0,0,1082.4865,774.21936,1510.7999,0,1253.8885,843.77966,0,0,1561.4861,1261.375,0,855.6986,954.5665,873.0369,1178.543,0,921.3769,1535.4321,0,0,0,941.29193,910.77673,1115.8085,1435.3717,902.9392,882.2109,897.93036,1016.05396,1023.75775,877.2772,1016.77966,1102.7623,1679.4341,810.94965,832.78687,0,1102.9045,0,1087.3857,0,1055.4874,
168,72.048145532342,54.31799,,,,,,,,,,,0,0,0,660.5953,0,824.1556,742.15625,0,598.0033,0,0,0,0,0,0,683.7826,757.1991,926.2622,0,906.2674,583.07355,0,0,966.2344,735.38184,0,619.9523,910.3596,918.5979,713.70087,0,928.2648,967.72736,0,0,0,644.48773,636.2403,704.5649,842.69794,835.6502,663.5626,665.7594,641.9062,688.62866,865.4423,981.74695,807.6022,1078.932,841.27295,876.3488,0,1006.6417,0,741.70807,0,820.38184,
405,72.04895883635957,54.76844,,,,,,,,,,,0,0,0,913.91144,0,904.57336,832.5502,0,911.2684,0,0,0,0,0,0,793.46027,908.4031,781.1893,0,864.966,694.07684,0,0,859.45966,735.6012,0,923.8261,1180.2007,1279.1448,849.32104,0,1279.0308,947.8042,0,0,0,795.1118,753.23175,817.3825,842.67535,1090.6561,877.3609,776.76855,762.017,704.93036,1228.1732,1196.8032,867.3779,900.6283,989.0461,1133.1366,0,1240.3721,0,796.1324,0,782.6005,
491,74.01095582554565,55.417614,,,,,,,,,,,1481.5862,1444.4321,1467.1932,1892.6542,1401.6293,1956.5217,1470.9418,1380.6022,1711.1837,0,995.4632,1495.2766,0,0,1524.2472,1901.8506,1426.85,1348.8336,1318.7035,1961.7584,0,1628.118,1650.1893,1252.563,1455.423,1504.2289,2168.1777,0,1625.2579,2364.57,0,1611.8297,1380.6113,1070.3413,1432.5623,1576.9706,1454.6976,1335.4512,1945.5975,1554.068,1818.4364,0,1629.6005,1824.5048,1250.5714,1537.7031,1529.7607,1754.5901,1442.5619,1923.7333,2076.405,0,1740.8179,0,1827.8336,1424.3707,1564.8365,
18,74.0112349265919,54.143932,,,,,,,,,,,0,0,0,1430.1857,0,0,0,0,1324.1418,0,0,0,0,0,0,0,1561.6205,1147.969,0,0,0,1248.6051,0,0,0,0,1513.0442,0,1754.2236,0,0,1689.5671,0,0,0,1226.5839,0,0,0,0,1475.0189,0,0,0,0,1542.3318,0,0,0,1423.4897,1415.3805,0,0,0,0,1463.8954,0,
6,74.01374433685116,54.037575,,,,,,,,,,,1448.5597,1367.8241,1351.9219,1524.8967,1170.746,1372.712,0,1465.7489,1418.0703,1401.7783,1015.24713,1355.8839,0,0,1365.445,1514.3427,1460.7019,1242.6084,0,1486.9984,0,1353.1399,1524.322,0,1209.6509,1418.9365,1679.5469,0,0,1570.9532,0,0,1331.8839,0,0,1369.8636,1269.7247,1401.488,1388.9124,1413.8787,1559.7695,0,1397.6136,1498.1138,0,1509.9225,1298.301,1479.2795,1383.3834,1533.3518,1528.4812,0,1539.1262,0,1453.9084,1385.8843,1330.4783,
223,75.00059215497217,54.691917,,,,,,,,,,,0,1905.9548,0,0,1440.0448,2020.798,0,2236.131,0,0,0,2431.7593,1599.6871,0,1744.3752,0,0,0,0,0,2264.5845,0,2071.748,0,1684.2808,0,0,0,4207.601,1948.8473,0,3853.8677,2260.8503,0,2540.065,0,0,0,1917.9156,2208.0947,0,0,2073.9026,0,0,3927.8494,2024.7528,1883.321,0,0,0,0,2180.1147,2074.8765,1766.503,1662.3969,1805.6335,
488,75.00121983681464,55.412663,,,,,,,,,,,0,0,0,1926.4563,1478.8264,2209.6921,2362.7378,0,1982.5132,0,1556.2122,0,0,0,1741.4734,2030.322,2134.261,1623.2952,2630.3816,2339.897,0,1822.9951,0,1721.492,1570.8391,1808.6329,2135.1265,0,0,2298.2559,0,0,0,1475.1105,0,1742.0101,1698.1991,2381.248,2125.8438,2107.2026,2270.0557,0,1996.728,1965.6267,0,0,2034.0491,1983.1315,0,1906.1857,1989.8438,0,2219.8853,0,1961.6127,0,1888.3655,
473,75.0015296855384,55.254215,,,,,,,,,,,1950.6604,0,1896.3337,1946.5332,0,0,2519.6868,0,0,2137.113,1680.3115,2817.6812,1684.6727,2624.053,0,2038.1909,2177.0996,1720.5406,4150.986,0,2436.507,0,2076.6865,2003.9987,0,0,1865.8258,3006.7976,3805.944,0,0,3549.9644,0,1682.001,3156.7983,0,1816.4459,2548.8513,0,0,2119.787,2751.651,1938.1638,1830.4348,1778.3018,4033.976,2751.65,0,2229.6116,1758.1163,1821.2034,1947.3772,2542.1099,2111.6663,1756.3456,0,0,
851,76.99949142063963,56.241253,,,,,,,,,,,1678.4711,0,1761.5829,0,0,0,0,0,0,0,0,0,0,0,0,0,0,0,0,0,0,0,0,0,0,0,0,0,3831.7493,0,0,0,0,0,0,0,0,0,0,0,0,0,0,0,0,4191.6504,0,0,0,0,0,0,0,0,0,0,0,
373,77.00120853801036,54.767406,,,,,,,,,,,2642.5007,5739.9033,2545.0244,8010.4893,6124.7026,8262.635,7194.772,5674.1914,7933.426,2530.5532,5371.9194,3775.3655,5239.3403,6915.341,6093.329,7114.962,7436.8076,7243.3735,3649.4302,8041.7974,5991.4395,7247.5425,7316.726,7198.4946,7315.467,6534.598,8186.8257,10791.547,11967.573,7886.8354,0,12192.2,8891.625,6688.0464,3801.3865,7059.5454,6287.7363,5897.246,7672.769,8491.716,10125.301,7047.5317,7125.593,6779.909,6154.775,11840.91,11546.172,7628.8223,8395.444,9530.099,10079.257,6358.1436,12666.17,7314.4365,7380.956,6329.1553,7396.991,
659,77.00278226039009,55.62919,,,,,,,,,,,1708.2991,2898.0166,1678.1284,3202.1912,3672.912,4725.1855,3822.022,3032.7751,3245.6714,1652.3789,2744.9192,3440.4734,2546.1646,3356.5535,3242.645,4074.4734,2856.8203,6162.632,3372.7444,5014.6533,3285.5334,3078.6904,3798.06,6279.002,5220.722,3441.0476,3322.882,3807.4126,3829.0925,4663.128,0,3867.9502,6220.423,2585.9583,3331.0264,2876.6902,3615.5442,3215.7773,4550.684,6061.3774,3389.0627,3604.1995,3592.0615,3903.7659,3972.079,3820.4243,4173.3516,4761.1543,7262.2085,3256.513,3172.351,2435.2244,4340.7373,3560.757,4453.3105,2358.3083,4493.868,
167,77.00344101883607,54.317986,,,,,,,,,,,0,2193.0674,0,2418.7341,2506.6487,3127.8435,2726.7146,2097.9229,2320.106,0,1879.6901,1770.7731,1903.6047,2514.802,2259.816,2602.596,3040.547,3765.5432,1745.6924,3446.303,2124.3035,2176.3247,2670.539,3929.0876,3039.665,2356.5447,2492.519,3606.669,3461.675,2792.6558,0,3540.2183,3920.9666,2073.169,1864.8519,1930.9445,2443.136,2228.8252,2795.651,3638.7058,3457.0347,2583.384,2604.563,2448.9973,2844.0103,0,3981.57,3443.084,4446.4834,3146.711,3280.2393,2551.8777,4223.095,2466.5293,3206.0596,2307.9524,3157.539,
746,77.00357605953862,55.716663,,,,,,,,,,,1802.967,0,1926.2634,0,0,0,0,0,0,1693.1292,0,0,0,0,0,0,0,0,0,0,0,0,0,0,0,0,0,0,0,0,0,0,0,0,0,0,0,0,0,0,0,0,0,0,0,0,0,0,0,0,0,0,0,0,0,0,0,
735,78.00728551982264,55.715,,,,,,,,,,,926.5067,0,869.06604,0,0,0,0,0,0,971.30176,0,0,0,0,0,0,0,0,0,0,0,0,0,0,0,0,0,0,0,0,0,0,0,0,0,0,0,0,0,0,0,0,0,0,0,0,0,0,0,0,0,0,0,0,0,0,0,
850,78.01696800111561,56.233334,,,,,,,,,,,809.6273,0,0,0,0,0,0,0,0,0,0,0,0,0,0,0,0,0,0,0,0,0,0,0,0,0,0,0,1438.0961,0,0,0,0,0,0,0,0,0,0,0,0,0,0,0,0,1576.8636,0,0,0,0,0,0,0,0,0,0,0,
110,78.01922821810614,54.31727,,,,,,,,,,,0,931.82806,0,1081.9961,1020.23175,1278.743,1157.0444,929.14514,1055.0703,0,845.8424,840.08435,878.73816,1051.903,910.5933,1143.5782,1288.288,1434.8555,894.78656,1360.5963,1008.96045,922.4446,1207.9572,1595.1771,1190.3478,926.78784,1026.0039,1373.6493,1420.6407,1167.5568,0,1458.4615,1482.098,905.9709,881.0634,858.879,1066.2383,1041.2694,1176.9762,1425.5309,1362.6431,1138.8015,1098.6838,1042.4547,1188.3304,1482.3593,1523.7175,1289.2161,1772.7483,1226.1448,1250.1755,1085.9739,1530.8584,1057.9941,1261.6803,983.4694,1298.5247,
650,78.02306362705448,55.629086,,,,,,,,,,,791.39264,1139.8666,822.3871,1353.174,1405.1151,1811.63,1567.2308,1273.9258,1311.8673,0,1090.8813,1280.7914,1173.166,1371.863,1240.2122,1647.8767,1239.0706,2249.816,1396.6339,1832.4374,1269.3024,1228.7162,1477.2554,2188.2422,1906.8365,1342.8693,1316.9885,1525.8182,1525.0588,1694.257,0,1418.8915,2274.2832,1091.8529,1343.3589,1147.7744,1431.187,1293.9114,1727.8899,2103.0425,1389.5979,1409.6718,1419.6055,1485.2373,1552.5266,1514.7996,1579.5437,1748.5283,2536.4429,1263.6182,1315.811,1064.6649,1637.0278,1394.4208,1700.4512,960.4668,1696.2128,
364,78.03010870666675,54.767315,,,,,,,,,,,972.4018,1569.4456,934.9663,2261.3086,1773.9219,2295.8013,2113.44,1707.8015,2152.0676,977.0029,1547.7487,1204.0719,1537.8888,1940.1932,1762.8307,2085.6982,2050.9592,1935.9702,1265.0177,2246.645,1744.9467,1970.8405,2069.5122,2023.0275,2097.4973,1823.1183,2302.2437,2850.3638,3203.2053,2166.1614,0,3301.5706,2462.1921,1968.7672,1233.3292,1918.4603,1862.202,1734.901,2212.3252,2328.3965,2779.809,2149.7856,1999.7094,1865.6665,1878.6384,3213.9065,3042.0032,2183.261,2413.7761,2574.4426,2621.0098,1861.0791,3203.7207,2002.7185,2082.2305,1767.2266,2076.4534,
379,79.00112585143374,54.767494,,,,,,,,,,,7639.297,19057.54,7347.223,27651.248,20293.906,27717.963,23949.576,18465.34,26259.107,7282.9497,17498.562,11180.157,17152.73,23005.535,20525.428,24382.918,25093.69,24388.879,11112.1455,27206.902,19194.316,24775.02,24179.402,24409.496,25607.594,21751.44,28378.361,37516.14,39774.14,26925.682,0,41065.996,29993.295,23239.082,11260.704,23934.748,21344.371,19054.016,26219.566,28916.406,35004.863,23728.39,23560.46,22668.959,21296.76,40096.734,40146.06,26005.72,28527.262,33143.71,34786.27,21959.012,43056.26,24005.025,24929.97,21479.459,25047.053,
176,79.00130183928967,54.31821,,,,,,,,,,,0,6573.2046,0,7629.7554,8771.398,10638.588,9084.073,6053.1313,7665.746,0,6128.737,5023.5293,6096.741,7406.0024,7474.424,8592.363,9782.415,13935.083,5270.095,12196.009,6648.3247,6995.8384,9133.154,14099.869,10837.75,7636.0005,7793.5176,12806.752,11482.315,9519.972,0,11637.658,13480.963,6478.531,5258.4614,6285.357,7706.579,6464.3403,9411.967,13481.475,11517.717,7988.4585,8735.239,7911.227,9691.118,11495.99,13923.352,11617.248,16317.286,10608.059,11036.6875,8222.259,15243.931,7471.9062,10848.9375,7624.6885,11116.384,
648,79.00145576026853,55.62901,,,,,,,,,,,4799.2266,10038.607,4931.075,11721.312,13848.215,17451.244,13515.26,10567.027,11612.674,4630.494,9587.346,11515.86,9125.227,12128.776,11809.154,14886.674,9546.035,24668.727,11382.204,18332.363,10863.888,10758.908,13473.2705,24179.11,21021.82,11953.896,11830.619,13902.208,11754.617,16905.639,0,11919.785,23648.316,9322.488,11645.08,10301.02,13155.1,10989.188,16820.1,23607.44,11650.57,12856.146,13261.366,14113.094,14938.881,11582.098,15426.26,17698.86,27287.83,11166.352,11551.417,8116.331,16255.021,12424.6455,16855.195,7746.877,16595.893,
729,79.00455296779377,55.714996,,,,,,,,,,,3980.894,0,4032.6873,0,0,0,0,0,0,3871.965,0,0,0,0,0,0,0,0,0,0,0,0,0,0,0,0,0,0,0,0,0,0,0,0,0,0,0,0,0,0,0,0,0,0,0,0,0,0,0,0,0,0,0,0,0,0,0,
135,80.03104607971561,54.317547,,,,,,,,,,,0,1247.2821,0,1596.1223,1503.7029,2047.6727,1900.7029,1348.2786,1613.7502,0,1195.7538,1023.4825,1312.93,1643.4247,1377.9539,1711.339,1970.3586,2218.5322,1365.8274,2270.9617,1516.9235,1453.832,1850.727,2855.9067,1762.8627,1315.9924,1714.5659,2257.7012,2475.0789,1800.7136,0,2487.5764,2519.5315,1376.081,1201.1122,1189.1013,1623.3593,1570.9102,1818.8997,2311.2546,2206.658,1881.7607,1676.5809,1387.8212,1787.7941,2437.2317,2452.7673,2046.2484,2933.055,1857.5103,1815.1118,1717.7931,2575.1511,1396.369,1901.3645,1351.6616,1922.3236,
611,80.03564081484409,55.62847,,,,,,,,,,,1062.631,1672.626,1047.647,2113.7214,2200.289,2965.8467,2482.861,1905.6803,2150.1523,1143.5011,1655.3203,1946.0121,1659.0107,2219.1116,1952.0948,2650.807,1973.2157,3781.2354,2106.8518,3013.6821,2015.6427,1925.2615,2342.5422,3914.254,3112.71,1993.0797,2144.3494,2387.3936,2415.099,2698.0723,0,2317.3884,3773.8354,1756.0526,2046.0164,1624.0513,2452.5544,2116.858,2769.1816,3764.292,2129.0115,2413.065,2178.5403,2371.9756,2474.6917,2426.0166,2593.5112,2836.1758,4298.0225,1885.8777,1873.8323,1642.9143,2665.142,2109.8103,2621.3982,1363.2135,2698.4973,
362,80.04236068225114,54.76731,,,,,,,,,,,1536.5901,3137.083,1583.4655,4710.2275,3355.7124,4902.8804,4263.202,3252.8457,4716.527,1652.1085,3038.7405,2109.1768,3010.298,3974.7634,3386.604,4180.0264,4386.852,4023.623,2315.2163,4717.9634,3453.301,4238.329,4229.03,4388.3193,4228.4106,3565.723,4770.1714,6218.0215,6890.6343,4564.658,0,7016.1294,5076.2803,3933.7366,2163.6328,3978.237,3929.8726,3418.787,4414.986,4747.9434,5861.149,4367.806,4013.3,3893.9363,3679.5247,6807.446,6637.7188,4374.9116,5141.125,5469.0024,5541.7227,3970.7637,7024.644,4023.5457,4208.0776,3499.2683,4127.175,
730,81.01004489129619,55.714996,,,,,,,,,,,6707.2583,0,6899.0654,0,0,0,0,0,0,6652.4565,0,0,0,0,0,0,0,0,0,0,0,0,0,0,0,0,0,0,0,0,0,0,0,0,0,0,0,0,0,0,0,0,0,0,0,0,0,0,0,0,0,0,0,0,0,0,0,
629,81.01894246382787,55.628735,,,,,,,,,,,7623.559,15800.466,7688.3193,18119.002,21836.25,27203.533,20979.846,16339.665,18114.047,7485.6865,15347.611,17879.59,14587.858,18905.49,18264.852,23939.875,15328.458,39110.58,17642.66,28988.8,17211.057,17211.658,21396.332,38598.664,33228.016,18989.883,18620.18,22614.057,18153.137,26928.805,0,18415.537,37305.16,14631.404,18262.545,16148.717,20830.81,16597.826,26437.438,36891.043,18481.145,20054.775,20676.445,22466.74,23231.877,18022.203,23909.238,28000.105,42992.29,17717.018,18062.328,13016.918,25799.484,19618.938,26351.0,12253.565,25918.496,
368,81.01987914489796,54.767323,,,,,,,,,,,14724.964,37412.72,14418.567,55391.824,41891.992,55967.72,47623.703,36591.68,53103.24,13748.165,36391.168,22057.102,34748.13,45827.01,41194.79,48155.96,50034.56,49660.48,21319.309,54314.945,37590.785,50146.004,48176.605,49144.6,51283.72,43690.44,56201.53,77619.99,79275.09,53449.473,0,82962.84,59703.117,46684.938,22313.654,46855.1,43471.14,38426.027,52177.805,57454.336,70006.41,47336.645,46586.996,45422.555,42691.637,80500.2,82299.02,51811.53,56737.176,66747.47,70053.984,44169.914,88166.39,48087.33,48996.51,42865.81,49716.918,
156,81.02028298241098,54.31784,,,,,,,,,,,0,10138.508,0,11556.549,13463.18,15658.248,13344.214,8980.9375,11444.274,0,9681.903,7667.4053,9473.102,11281.985,11168.021,12874.243,14614.499,21147.465,7777.567,18021.502,9975.085,10648.124,13763.842,21675.498,16598.889,11818.214,11719.624,19969.771,17156.781,14468.538,0,17818.621,20468.227,9720.578,8039.1523,9810.297,11768.092,9633.396,14465.834,20159.32,17391.36,12097.327,13085.307,11785.553,14133.233,17343.71,21573.154,17615.852,24563.393,16313.234,16791.705,12699.289,22594.404,11237.873,16380.368,11468.635,16849.652,
865,81.02105119158942,56.256668,,,,,,,,,,,7811.872,0,8173.883,0,0,0,0,0,0,6829.745,0,0,0,0,0,0,0,0,0,0,0,0,0,0,0,0,0,0,0,0,0,0,0,0,0,0,0,0,0,0,0,0,0,0,0,0,0,0,0,0,0,0,0,0,0,0,0,
849,82.0113958308387,56.23,,,,,,,,,,,0,0,1757.8827,0,0,0,0,0,0,0,0,0,0,0,0,0,0,0,0,0,0,0,0,0,0,0,0,0,4983.57,0,0,3895.9888,0,0,0,0,0,0,0,0,0,0,0,0,0,5378.4517,0,0,0,0,0,0,0,0,0,0,0,
88,82.02666895793398,54.3169,,,,,,,,,,,0,1917.1409,0,2565.658,2206.1016,3100.6382,2916.9458,2235.9622,2413.3552,0,1927.8925,1912.3213,2021.4521,2588.923,2168.799,2599.569,3085.5596,3314.2788,0,3243.521,2412.739,2254.8845,2757.9954,3769.7847,2453.5989,2094.78,2528.8032,3344.4949,0,2634.534,0,3744.483,3589.5085,2196.9463,2052.076,1843.9745,2570.206,2441.7688,2855.9187,3355.0173,3318.3086,2712.1494,2569.6204,2407.436,2785.542,0,3594.7722,2936.6243,4181.2925,2846.5725,2909.9775,2655.4736,3722.1199,2195.5198,2816.9893,2192.4146,2873.4224,
609,82.02805131158392,55.628414,,,,,,,,,,,1845.2928,2741.924,1918.9219,3344.622,3245.7134,4320.227,3824.9546,2991.133,3245.834,2124.1753,2630.0762,3019.6477,2634.3113,3385.526,3133.0251,3810.9932,3054.572,5527.7505,3213.144,4476.3184,3237.0002,3061.3154,3809.6062,5656.815,4530.0386,3072.6367,3297.432,3769.8914,0,4104.777,0,3576.792,5322.9043,2769.7004,3126.0657,2569.357,3542.5947,3228.9482,4232.132,5416.4497,3393.9414,3600.571,3537.3193,3606.8186,3713.5112,0,3796.4907,4227.654,6199.425,2933.1067,2993.1235,2746.8225,4009.8865,3285.916,4006.842,2255.169,4051.068,
358,82.0415669333985,54.76723,,,,,,,,,,,3616.4814,7878.354,3504.6545,11610.452,8518.639,11452.193,10239.756,7948.1313,11086.592,3663.4436,7762.381,5030.9014,7292.25,9949.573,8500.455,10132.036,10656.2295,10096.044,4991.7065,11292.089,8251.086,10529.752,10219.946,10560.043,10366.946,9050.735,11821.155,15906.391,16531.502,10889.891,0,17169.785,12642.367,10082.198,5040.293,9783.488,9324.296,8411.696,11053.031,11860.804,14534.679,10312.686,9761.942,9505.4375,8970.602,16683.52,16894.992,10853.173,11877.347,13694.163,13929.403,9339.627,17467.645,10036.475,10052.601,8887.687,10397.005,
873,83.04472086111679,56.258335,,,,,,,,,,,3703.8333,0,3901.4397,0,0,0,0,0,0,3554.8574,0,0,0,0,0,0,0,0,0,0,0,0,0,0,0,0,0,0,0,0,0,0,0,0,0,0,0,0,0,0,0,0,0,0,0,0,0,0,0,0,0,0,0,0,0,0,0,
164,83.04493301225352,54.317932,,,,,,,,,,,0,4837.7925,0,5762.6245,6290.2925,7486.5107,6773.912,4767.6313,5574.1787,0,4868.696,3974.936,4850.136,5763.6987,5517.8843,6173.054,7140.5796,9797.734,4031.8987,8507.315,5060.7603,5228.584,6723.9175,10269.249,7568.0938,5610.9146,5954.0674,9329.228,8562.68,6960.899,0,8601.158,9899.937,5141.6177,4146.9443,4660.318,5937.647,4875.8203,6829.8286,9224.455,8523.546,6044.3726,6294.635,5860.184,6779.586,8555.363,9833.432,8169.4243,11395.938,7598.934,8020.054,6470.56,10540.482,5402.2603,7547.2925,5609.905,7823.9116,
631,83.04671006335441,55.628742,,,,,,,,,,,3850.0784,6849.2783,3842.2766,8360.604,9792.884,11976.922,9321.475,7451.7275,8264.382,3836.4312,6983.6606,7961.0195,6663.0356,8698.034,8018.473,10402.136,7327.787,16830.945,7956.502,12715.318,7759.209,7751.7173,9357.64,16724.615,14154.691,8209.726,8115.5166,9958.675,8210.234,11754.848,0,8362.521,16331.493,6749.443,8082.487,7275.989,9493.424,7725.1895,11375.788,15697.534,8475.401,9066.27,9038.018,9917.718,10212.492,8268.417,10885.502,12177.28,18173.299,7911.2275,8321.597,6168.228,11117.909,8614.405,11451.651,5650.6333,11332.43,
384,83.04980961544037,54.767586,,,,,,,,,,,16186.693,43871.504,15711.137,65073.4,49151.71,64612.188,55043.074,42473.273,62439.11,14912.731,43231.277,25084.738,41120.72,53612.93,48292.273,55880.5,58646.543,57700.723,24066.95,63807.914,43826.01,59000.094,55671.434,57646.17,60208.625,50973.844,66108.67,92994.49,92323.19,61830.594,0,97738.55,71350.62,56053.293,24641.424,55796.668,50546.605,43899.535,60048.492,67971.25,81849.87,55914.906,54200.227,53209.387,49762.043,94649.516,98543.98,60427.54,65537.945,79122.52,82626.8,52144.816,104242.516,56536.49,57118.543,50159.574,58342.188,
115,84.03939219534446,54.31735,,,,,,,,,,,0,944.5126,0,1274.6787,1018.33575,1394.6296,1411.1132,1080.0844,1216.0817,0,1070.2089,0,1072.812,1232.2504,974.12683,1237.9297,1446.5385,1495.3256,0,1437.7555,1245.3031,1051.2043,1276.1553,1766.7296,1042.1576,956.6551,1228.7662,1636.3896,1987.692,1190.3896,0,1957.7045,1675.758,1182.2147,0,923.9523,1292.847,1279.487,0,1452.8202,1684.5747,1349.946,1133.475,1068.8104,1323.489,1881.8997,1625.8251,1255.9912,1908.8369,1286.6918,1416.9104,1498.4767,1738.965,1100.5453,1275.0667,975.2906,1324.5632,
346,84.04341729943512,54.76705,,,,,,,,,,,2204.6665,5008.7573,2147.0264,7311.3154,5362.5703,7220.876,6482.647,5059.5645,6864.1865,2274.3403,4974.497,3024.0173,4721.0566,6143.32,5452.967,6230.7593,6659.719,6446.0356,3184.6694,7151.27,5306.304,6641.5024,6476.286,6689.67,6462.4844,5574.685,7248.6816,10068.994,10512.647,6800.755,0,10894.683,7832.497,6334.258,3180.336,5956.0103,5808.413,5126.7876,6716.1855,7475.2935,9138.603,6537.9443,6198.379,5855.51,5578.1025,10578.967,10551.518,6665.4404,7636.59,8550.577,8939.676,6167.408,11046.207,6314.7314,6422.4585,5474.1313,6518.522,
582,84.04613929081415,55.628204,,,,,,,,,,,1032.6503,1202.5751,1007.6963,1574.4393,1514.1716,2005.8268,1768.472,1454.341,1431.8997,1112.5907,1373.9398,1341.3386,1345.03,1630.1556,1397.4625,1831.2778,1567.8492,2368.9746,1574.9706,2068.253,1586.205,1426.5063,1710.067,2619.8354,2035.7882,1441.1477,1580.1749,1842.7264,1987.1755,1891.6176,0,1911.3168,2482.6162,1428.9941,1483.3959,1251.1252,1723.2874,1556.916,1813.2932,2417.3916,1712.9846,1787.5946,1590.6871,1529.8081,1723.1664,1979.2141,1729.8823,1897.0594,2890.1775,1447.133,1476.8381,1484.0828,1786.9749,1553.46,1805.0768,1045.4167,1846.9677,
385,85.04760161865708,54.767586,,,,,,,,,,,2659.5076,4906.225,2529.212,7007.986,5137.5093,6899.3145,6392.873,5125.879,6788.5317,2605.618,4853.9937,3441.92,4786.086,6059.866,5362.138,6278.268,6508.143,6058.614,3498.1938,6978.9966,5460.4126,6491.701,6381.688,6348.876,6397.986,5516.803,6947.6733,9625.147,10588.535,6582.0093,0,10417.918,7759.21,6091.021,3386.3318,5938.355,5555.4316,5202.9146,6560.6416,7191.1333,8842.995,6206.477,6171.2637,5654.3706,5522.8247,10608.591,9833.317,6627.2695,7177.3296,8115.045,8370.866,5893.315,10813.2295,6258.9395,6177.577,5291.2744,6257.9185,
632,85.04929308961842,55.628742,,,,,,,,,,,3913.611,7613.583,3857.755,8927.415,10706.719,12979.088,9990.498,7817.3433,8756.096,3756.71,7738.307,9000.031,7207.9263,9125.196,8806.481,11410.737,7439.948,18755.56,8814.074,13827.189,8294.149,8068.7637,10227.699,18427.227,15959.031,9165.022,8768.856,10850.031,9089.531,12686.499,0,9190.811,17987.055,7082.2583,8854.478,7692.745,10198.893,8325.9375,12441.225,17992.375,8887.868,9485.694,9904.162,10897.07,11260.253,9330.039,11806.742,13266.04,20538.408,8390.062,8901.948,6380.0874,12259.063,9624.125,12677.571,6080.815,12451.019,
154,85.04977720682022,54.317802,,,,,,,,,,,0,3222.3147,0,3667.207,3976.653,4718.328,4344.6553,2998.8171,3674.7827,0,3156.6094,0,3125.2798,3662.3037,3582.6294,3927.3027,4590.026,6072.493,0,5468.831,3359.705,3461.5132,4354.0005,6236.541,4844.8013,3611.3936,3664.1929,6009.9097,5411.0625,4208.221,0,5519.819,6293.69,3159.4062,0,3007.7937,3639.3025,3237.142,4353.841,5715.392,5354.582,3740.9766,4000.7502,3697.6973,4282.8394,5478.306,6306.7114,5189.792,7078.4375,4805.3975,4965.3604,4027.2756,6605.306,3476.0012,4772.1177,3496.129,4896.774,
847,86.01546575561692,56.226665,,,,,,,,,,,0,0,0,0,0,0,0,0,0,0,0,0,0,0,0,0,0,0,0,0,0,0,0,0,0,0,0,0,926.13666,0,0,779.1945,0,0,0,0,0,0,0,0,0,0,0,0,0,1024.1082,0,0,0,0,0,0,0,0,0,0,0,
160,86.02835377875965,54.317863,,,,,,,,,,,0,0,0,0,0,464.06833,468.73227,0,0,0,0,0,0,0,0,406.68814,0,518.27295,0,551.4694,0,0,0,598.0062,415.2007,0,0,555.77576,0,461.31644,0,0,630.10297,0,0,0,0,0,423.9356,516.019,547.82056,0,0,0,484.5152,0,568.54333,483.5626,683.9287,0,474.58157,0,587.9474,0,447.23996,0,485.06537,
410,86.03253463895352,54.768753,,,,,,,,,,,0,0,0,0,0,749.2141,700.5665,0,0,0,0,0,0,0,0,673.9781,0,635.916,0,775.0477,0,0,0,639.2867,632.7669,0,0,903.36255,1071.7411,676.3465,0,1123.9893,789.1739,0,0,0,0,0,735.6875,733.2599,958.34717,0,0,0,592.01373,1066.7614,1052.593,689.9539,746.14056,0,961.3642,0,1020.7643,0,698.2775,0,710.4204,
693,86.04232960895864,55.630833,,,,,,,,,,,0,0,0,0,0,1017.1883,894.28375,0,0,0,0,0,0,0,0,982.4655,0,1455.0421,0,1159.5603,0,0,0,1442.2289,1184.511,0,0,940.1762,835.966,1086.9373,0,869.6489,1405.9084,0,0,0,0,0,1027.5823,1352.2439,810.3207,0,0,0,875.0925,873.8542,925.8722,996.5485,1564.5767,0,746.0438,0,1026.3096,0,992.2589,0,1028.8137,
7,86.99478801891522,54.037674,,,,,,,,,,,0,0,1236.3632,1286.2498,965.21313,1198.8336,0,1201.2073,1202.8229,0,0,1096.9507,0,0,0,1233.8516,0,0,0,1196.7345,0,1117.3553,1236.15,1121.8591,917.40405,1057.1843,1409.3442,0,0,1338.8555,0,0,0,996.4475,0,0,1128.7522,0,1201.8441,0,1428.165,0,0,1223.9731,0,0,1052.564,1103.1389,1234.1713,1236.0612,1330.0043,0,1260.8774,0,1169.7966,1075.0696,1094.2704,
490,86.99732445225774,55.416454,,,,,,,,,,,1247.0013,1059.4884,1285.305,1574.0869,1199.6482,1546.5371,1223.8284,1166.9513,1424.0824,0,0,1229.5685,0,0,1281.8564,1610.5334,1313.5734,1219.0269,1136.1017,1716.4639,0,1358.931,1346.5823,1116.85,1135.8882,1132.2632,1880.1707,0,0,2020.7136,0,0,1263.2926,0,1200.3043,1216.6476,1295.05,1239.4299,1762.7362,1356.4847,1661.6655,0,1384.5538,1565.7051,1111.0127,1352.3511,1371.745,1482.542,1261.3877,1534.9948,1579.6486,0,1456.2092,1030.1243,1543.9242,1149.5217,1308.2554,
415,87.00226985198883,54.769474,,,,,,,,,,,0,0,0,0,0,0,0,0,1103.999,0,0,0,0,1170.9205,1034.0645,1121.421,0,0,0,1159.0507,1231.4364,0,0,0,0,0,0,1106.1638,1433.9922,0,0,0,0,0,0,973.97284,1073.9866,0,0,0,1342.7686,1144.8934,0,1126.1396,993.7293,0,1029.6571,0,0,1114.9183,1131.104,0,1164.9716,1082.1373,0,0,0,
17,87.00248543347101,54.14333,,,,,,,,,,,0,0,0,1208.6655,0,0,0,0,0,0,0,0,0,0,0,0,1332.0121,0,0,0,0,1061.9478,0,0,0,0,0,0,0,0,0,1389.5757,0,0,0,958.8611,0,0,0,0,0,0,0,0,0,0,0,0,0,0,0,0,0,0,0,1162.5515,0,
519,87.00517408579354,55.626667,,,,,,,,,,,0,0,0,0,0,0,0,0,0,0,0,0,0,0,0,0,0,1026.8634,0,0,0,0,0,0,866.7231,0,0,997.6417,0,0,0,0,0,0,0,0,0,0,0,0,0,0,0,0,0,0,0,0,0,0,0,0,0,0,0,0,0,
457,88.95832360089724,55.0,,,,,,,,,,,0,0,0,0,0,0,0,0,946.5832,0,0,0,0,0,0,0,0,0,0,0,0,0,0,0,0,0,951.31415,0,0,0,0,0,0,0,0,0,0,0,0,0,0,0,991.01666,0,0,0,0,0,970.6241,0,0,0,0,0,0,0,0,
438,88.96558535004539,54.787,,,,,,,,,,,970.84015,977.30566,0,0,0,0,1089.4479,0,0,0,0,0,0,0,0,0,0,0,0,0,0,0,0,0,0,0,947.2442,0,0,0,0,0,0,0,0,0,0,0,0,0,1010.60315,0,0,0,0,0,0,0,0,0,895.8192,0,1091.2441,1068.556,910.73193,884.29816,0,
225,88.97019601990509,54.695747,,,,,,,,,,,973.8718,999.55444,0,0,0,989.52466,1126.5956,1131.6626,0,1032.644,0,1241.2645,0,1103.9778,0,0,0,0,0,1001.9065,0,0,1153.2141,0,0,1003.52795,0,950.9513,1943.8549,988.2485,0,1893.2151,1137.758,0,1328.1857,0,0,1167.4403,971.252,1171.4413,0,0,1034.4237,0,0,1914.1569,1044.9248,1066.3162,0,0,0,0,0,1112.242,940.9166,0,952.45276,
342,91.00412180983069,54.767017,,,,,,,,,,,8795.088,20975.896,8470.474,29221.654,22005.102,29419.895,25536.602,19853.287,28210.287,8096.948,18562.271,12817.794,18148.979,24645.5,22574.043,25636.95,26430.145,26069.215,12521.605,29121.025,20783.145,26080.848,25691.39,25389.633,27509.965,23981.568,30074.129,39124.28,41308.25,28874.234,1105.6747,43591.95,32069.348,23989.904,12988.449,25422.764,22387.385,20825.7,27772.377,30599.752,36787.855,24523.652,25643.545,24740.87,22128.527,41767.62,41615.16,27956.996,29822.115,35368.48,36846.297,22445.201,45755.82,26257.88,26813.637,23274.088,26599.629,
651,91.00460361592471,55.629097,,,,,,,,,,,6176.1465,12177.183,6374.176,13547.617,16157.881,20024.104,15568.844,12342.859,13415.902,5770.222,11001.161,13905.493,10534.399,14065.3545,13758.608,17484.443,11256.923,27763.002,13400.356,21477.65,12783.419,12652.199,16069.342,26741.646,24511.729,14586.536,13747.909,16019.917,13457.501,19653.48,0,14136.692,26889.299,10155.882,13905.363,12269.153,14728.47,12783.3545,19546.873,27320.67,13788.056,14341.914,15472.608,16913.328,16747.598,13756.4795,17681.105,20662.5,30525.293,13417.867,13823.058,9309.219,18931.219,15073.967,19519.656,9594.2,19267.088,
171,91.00577484179466,54.318027,,,,,,,,,,,0,8200.058,0,9216.643,10574.766,11788.473,10613.439,7304.601,8919.591,0,7224.7773,6354.5156,7095.717,9033.226,9240.544,9721.232,11112.393,16096.973,6065.668,14004.535,7702.238,8546.842,11020.8545,15935.194,13292.974,9852.029,9480.944,14891.179,12861.767,11671.676,0,13433.066,15953.389,7311.4355,6275.336,7979.959,8727.026,7595.918,11247.361,15449.849,13354.838,8452.826,10232.69,9423.588,11019.624,12890.387,16298.343,13943.472,18563.79,12779.99,13346.354,9281.276,17699.871,9119.466,13099.564,9441.606,13266.119,
756,91.01136689090231,55.718334,,,,,,,,,,,6838.941,0,6860.7856,0,0,0,0,0,0,6074.5703,0,0,0,0,0,0,0,0,0,0,0,0,0,0,0,0,0,0,0,0,0,0,0,0,0,0,0,0,0,0,0,0,0,0,0,0,0,0,0,0,0,0,0,0,0,0,0,
722,92.02393467333046,55.713333,,,,,,,,,,,1040.7571,0,1032.5587,0,0,0,0,0,0,963.50146,0,0,0,0,0,0,0,0,0,0,0,0,0,0,0,0,0,0,0,0,0,0,0,0,0,0,0,0,0,0,0,0,0,0,0,0,0,0,0,0,0,0,0,0,0,0,0,
165,92.03174221280567,54.317932,,,,,,,,,,,0,1891.7715,0,2157.126,2554.4163,2804.0356,2413.7114,1741.8163,2139.8208,0,1779.4083,1561.6215,1742.767,2158.9094,2187.712,2387.471,2650.003,3878.643,1483.3785,3322.5427,1888.9965,2039.3462,2483.8914,3860.597,3138.0369,2136.7437,2151.3792,3521.7598,3026.5496,2759.5947,0,3168.5806,3766.932,1756.457,1582.1282,1868.9235,2173.9363,1734.5122,2611.0059,3589.1707,3198.6946,2208.3347,2369.7598,2276.843,2641.597,3096.4172,3746.2693,3229.4375,4398.12,3002.8955,3028.2722,2311.811,4170.0303,2178.288,2967.0884,2194.6833,3120.157,
567,92.03473609296678,55.62811,,,,,,,,,,,1320.4299,2861.9048,1440.7156,3205.358,3783.0637,4787.5635,3731.5823,2886.942,3096.387,1310.8954,2690.5486,3270.1045,2556.4824,3391.546,3223.75,4257.797,2566.1912,6632.644,3136.4717,5071.1006,2975.4395,2971.5613,3736.3503,6592.8047,5712.255,3405.2131,3341.7205,3858.9548,3090.8677,4721.1094,0,3217.647,6611.5454,2396.105,3253.3503,2900.8762,3643.159,2933.5967,4587.414,6534.661,3166.8342,3512.3767,3659.2534,4013.5002,3984.4832,3035.1348,4318.661,4907.3833,7274.812,3166.535,3181.9202,2189.7014,4593.496,3537.698,4657.095,2250.1118,4477.391,
355,92.03795229488924,54.767143,,,,,,,,,,,1607.102,3768.294,1562.3746,5383.1963,4150.4985,5518.639,4845.034,3809.7378,4995.9976,1553.7902,3490.4558,2324.9116,3292.3125,4637.953,4130.4043,4810.4526,4798.862,4851.888,2373.5293,5390.6807,3811.4998,4874.426,4664.667,4724.289,5035.796,4472.765,5623.311,7207.992,7703.941,5203.8774,0,8033.042,5951.5547,4413.1387,2478.8523,4696.661,4246.4517,3904.6855,5124.7783,5607.0205,6728.55,4834.147,4559.4385,4557.31,4305.0024,7844.834,7721.769,5162.693,5775.948,6547.499,6808.1416,4266.938,8320.9,4830.159,4850.2485,4235.152,5020.6396,
147,93.04307811177867,54.31774,,,,,,,,,,,0,7369.0137,0,8310.256,9932.698,11204.675,9962.6875,6464.385,8066.815,0,6813.8105,5299.814,6542.846,7957.531,8226.813,9082.699,10454.112,15549.955,5480.5176,13335.056,6743.8696,7589.274,9970.184,15604.61,12260.975,8526.858,8436.689,14305.734,12183.939,10256.442,0,12586.028,15110.44,6605.8315,5417.5586,6929.4204,8213.911,6855.597,10213.232,14630.952,12561.792,8026.503,9355.983,8616.817,10296.389,12250.701,15606.471,12881.235,17950.066,11867.86,12580.742,8675.69,16800.156,8294.45,12058.396,8580.434,12435.449,
731,93.04374047047371,55.714996,,,,,,,,,,,4178.406,0,4316.072,0,0,0,0,0,0,3772.8687,0,0,0,0,0,0,0,0,0,0,0,0,0,0,0,0,0,0,0,0,0,0,0,0,0,0,0,0,0,0,0,0,0,0,0,0,0,0,0,0,0,0,0,0,0,0,0,
644,93.04471660925287,55.628918,,,,,,,,,,,5159.6265,11370.987,5245.0464,13029.646,16429.758,19730.697,14654.168,11873.718,12903.877,4983.85,10705.025,12872.028,10222.147,13479.1,13273.968,17226.475,10721.918,28555.348,12747.555,21411.762,11852.839,12008.823,15481.028,28058.686,24400.252,13847.308,13454.94,15738.853,12029.461,19804.85,0,12567.46,26683.459,10209.975,13085.504,11717.302,14874.566,11830.39,19063.678,26698.94,13083.361,14107.263,14788.703,16196.482,16967.521,12233.467,17469.45,20232.617,31111.879,12711.0,13198.743,8833.875,18296.762,14647.683,19220.385,8921.822,19175.22,
359,93.04592425160524,54.76723,,,,,,,,,,,7873.1323,21089.139,7788.6626,30297.268,23046.016,30294.61,25995.648,20209.57,28613.293,7432.1035,19296.416,11959.509,18398.73,25081.469,22475.645,26386.055,27041.09,26818.676,11480.764,29834.244,20705.936,27340.879,26427.295,26469.502,28232.422,24251.5,30844.371,41218.03,42804.74,29259.973,0,44846.89,32692.01,25243.264,11975.2,25888.104,23031.537,20852.475,28754.254,31682.92,37969.055,25654.11,25409.19,25063.756,22799.553,43041.574,43874.492,28406.494,31107.697,36544.023,38277.062,23810.016,48303.195,26300.26,27060.625,23817.004,27215.195,
148,94.04319410289595,54.31774,,,,,,,,,,,0,2419.8013,0,2921.005,3172.507,3806.3542,3433.747,2314.6006,2830.6318,0,2278.4329,1982.8422,2350.4253,2832.1853,2541.846,3078.357,3634.9702,4885.481,2171.672,4347.255,2635.7268,2648.563,3485.2769,5102.211,3799.664,2855.2634,2947.4512,4751.702,4397.8076,3511.5208,0,4367.527,4934.696,2411.7637,2092.9114,2319.6892,2783.6672,2512.0547,3489.4126,4759.991,4266.766,3019.301,3095.7312,2739.5845,3649.7979,4376.9067,5204.8315,4170.9,5757.889,3949.19,4096.6323,2993.5508,5418.244,2783.8271,3914.8228,2691.3567,3988.654,
577,94.04479600972975,55.6282,,,,,,,,,,,1955.4152,3960.6038,1989.5009,4304.5854,5075.847,6533.8887,4922.0293,4109.202,4262.848,1944.3782,3723.6985,4667.694,3591.6748,4606.519,4373.199,5690.024,3793.4934,8884.766,4590.1855,6835.4,4345.5723,4053.0012,5144.6934,9029.9375,7779.749,4623.7334,4434.3887,5357.1094,5282.95,6294.538,0,5195.5815,8820.109,3391.6133,4915.494,3886.007,4911.356,4466.9243,6000.229,8652.087,4522.1343,5038.339,4968.2617,5363.235,5477.777,5431.076,5801.1294,6423.8213,9963.553,4145.7295,4490.88,3167.4736,6092.141,4797.821,6199.748,2914.929,6145.684,
347,94.04488542610451,54.76705,,,,,,,,,,,2607.3025,6035.525,2563.8777,8454.146,6233.7026,8615.604,7616.678,5890.0195,7997.917,2500.4893,5568.391,4041.3857,5367.9014,7395.6196,6359.155,7343.245,7566.763,7286.2563,4066.891,8222.222,6093.9746,7446.3936,7590.2266,7599.0034,7768.1816,6698.34,8470.715,11463.234,12740.363,8028.8843,0,13001.361,9293.256,6988.16,4042.6062,7172.234,6564.2607,6187.5557,7934.8726,8966.837,10615.019,7335.338,7238.9995,7006.983,6446.044,12818.213,12246.436,8120.918,8685.93,10002.365,10288.627,6763.0264,13087.146,7522.2725,7477.762,6329.2476,7471.6426,
157,95.04881078462091,54.31784,,,,,,,,,,,0,10633.099,0,11945.735,14250.57,16522.533,14223.353,9344.495,11973.262,0,10127.681,7973.2603,9830.895,11727.912,11766.541,13632.1045,15287.581,22228.684,8178.287,19307.943,10358.265,11090.425,14187.763,22834.637,17703.613,12355.054,12165.595,21188.965,18160.578,15136.955,0,18299.168,22076.24,10294.06,8171.8643,10351.722,12088.772,9712.252,15130.463,21549.258,18369.086,12480.97,13685.672,12565.125,15220.313,18120.346,23009.754,18792.06,26201.744,17465.617,17729.088,13299.266,24199.582,11959.587,17248.092,12387.222,18076.424,
624,95.04949128150096,55.62865,,,,,,,,,,,7507.519,16526.932,7927.0723,19028.422,23556.527,29193.434,21716.66,17110.717,18913.832,7257.183,16230.145,18730.11,15193.307,19670.764,19171.338,24967.143,15822.326,41397.395,18595.941,31363.83,17534.008,17874.05,22568.402,40800.39,35659.67,20001.531,19515.545,23134.264,17895.637,28284.715,0,18324.348,39755.312,14919.157,19228.168,17256.531,22008.592,17775.775,27857.76,39842.7,19249.162,20841.342,21493.67,23659.602,24572.277,18105.463,25864.477,29507.354,46057.055,18803.701,19254.336,13278.49,26967.56,20547.152,28107.31,12766.98,27955.338,
353,95.04975707932093,54.76714,,,,,,,,,,,9805.994,24500.709,9553.668,35708.78,26796.83,36230.605,30887.613,24097.332,33968.473,9299.466,23260.768,14244.048,22181.098,29636.729,26498.52,31753.395,32528.465,32109.584,13861.45,35255.855,24920.686,32240.182,31003.156,32245.402,32785.523,28130.094,36753.15,49309.508,51012.348,34914.957,0,53331.49,38647.473,30441.61,14464.82,30325.906,28401.979,24659.998,34207.35,37130.152,44919.9,30812.322,30411.701,29438.469,27007.502,52126.97,52362.656,33257.95,37371.797,43326.184,44795.973,28499.812,56085.633,30897.035,32031.078,27242.191,32312.383,
153,96.01119295354881,54.3178,,,,,,,,,,,0,6703.7666,0,6837.442,6300.003,7321.91,7166.9165,6578.6353,6604.3677,0,5219.467,0,5294.6416,6772.588,6649.163,6989.2896,7070.6763,7716.4727,0,7826.9956,6569.602,6562.587,7305.0215,7874.8804,6939.584,6821.479,6968.423,7194.054,8086.152,7080.118,0,8252.86,8044.931,5720.6606,0,6129.9067,6202.841,6603.3623,7240.2295,8016.6787,7976.2466,6405.3774,7182.4907,6833.2183,6561.265,7614.605,7786.403,7766.997,9034.38,7685.3057,7573.115,6471.8057,8577.139,6687.2324,7522.2417,6465.1064,7517.1006,
535,96.01268563526915,55.627537,,,,,,,,,,,0,6964.6387,0,7270.3896,7283.358,8198.636,7450.545,7120.9253,7204.597,6004.9043,5764.59,7210.0044,5724.018,7482.4546,7300.7744,7887.496,6840.1665,9384.9375,7069.515,8783.112,7054.1025,6831.378,7818.862,9209.199,8716.928,7551.99,7495.8687,6873.8696,0,8411.118,0,7694.284,9486.797,6103.1133,7399.206,6633.772,6824.2466,7034.1055,8154.7466,9604.304,7490.7217,6932.2,7742.517,7474.6777,7410.394,7155.502,7686.833,8531.363,10289.299,7170.893,7313.6255,5952.223,8013.147,7409.8525,8307.2,6288.7354,8330.513,
351,96.0339816812585,54.76713,,,,,,,,,,,7412.389,10945.123,7291.4023,14144.846,11224.179,13958.972,12695.158,10842.954,13643.597,7234.0815,9948.485,8361.827,9582.073,12585.724,11362.772,12616.13,12950.758,12703.328,8400.403,14083.589,11163.238,13128.623,12984.979,12616.833,12883.994,12098.467,14168.187,17167.441,18025.365,13650.59,0,18797.129,14372.989,12087.876,8681.821,12316.985,11318.739,11116.248,13399.375,14122.151,16771.924,12189.093,12797.128,12176.368,11222.309,18222.012,17907.281,13445.197,14194.881,15986.209,16211.947,11670.45,19296.246,12643.861,13044.633,11609.111,13035.053,
130,97.0388923444054,54.317463,,,,,,,,,,,0,5293.389,0,6167.9727,6848.771,7840.783,7161.9346,4856.795,6071.843,0,5263.9883,4404.1973,4986.0986,5997.6343,5959.2144,6615.745,7565.5083,10325.079,4461.3438,8868.129,5449.8506,5549.7334,7111.395,10379.279,8252.816,6218.847,6262.246,9800.16,8856.208,7264.061,0,8981.372,10208.527,5409.3643,4613.031,5113.337,6105.0854,5234.033,7167.6294,9704.203,8787.684,6341.8916,6762.4175,6161.7354,7249.5337,8645.318,10556.713,8510.573,11878.283,8234.894,8402.676,6726.928,10888.342,5827.6953,8052.6284,6046.444,8233.285,
633,97.0394506401947,55.628742,,,,,,,,,,,3849.003,6754.0054,4146.741,7945.292,9274.84,11034.84,8857.572,7191.342,7824.1084,3994.5898,6745.3228,7591.8066,6332.459,8053.0825,7662.226,9981.79,6858.2925,15611.49,7596.8906,11865.289,7440.8936,7283.873,8956.779,15675.211,13303.592,7963.1147,7861.712,9405.283,7741.4253,10976.744,0,7906.3066,15117.677,6590.5728,7657.305,6907.1934,9056.989,7290.7407,10608.703,14775.773,7958.404,8330.22,8588.106,9127.048,9666.128,7881.7246,10087.765,11214.663,17147.623,7653.057,7919.1626,6082.231,10455.579,8238.01,10808.424,5578.413,10754.883,
366,97.0482974066614,54.767315,,,,,,,,,,,9942.099,24302.262,9353.384,36868.26,27508.701,36009.742,31279.162,24225.611,34715.805,9195.568,24497.637,14311.636,23465.809,30416.746,26785.379,31412.625,32826.74,32740.803,14140.578,36157.91,25102.393,32896.438,31848.912,32111.533,34103.54,28600.197,37074.64,51821.742,52327.223,34409.363,0,54781.78,39454.8,31977.436,14748.608,31605.107,29009.73,25216.643,34087.996,37732.777,46042.555,31082.582,30701.164,29858.217,27979.646,53097.31,54669.168,33870.82,37184.438,44294.707,46336.91,29707.904,57995.977,31598.47,32215.975,28615.625,32961.2,
58,98.03205081157401,54.316242,,,,,,,,,,,0,1023.85095,0,0,985.6247,1658.9977,1668.0768,0,0,0,1165.8588,0,1227.9811,1481.2125,1040.5613,1384.2334,1745.6534,1411.0847,0,1634.1487,0,0,1495.8293,2043.0575,1012.13763,991.3223,0,1750.423,0,1295.3857,0,2179.2854,1759.97,1405.812,1215.2618,938.2527,1565.9788,0,1474.4194,1584.2096,1736.2266,1745.5192,1295.7839,0,1500.2393,0,1512.6649,1263.7113,2096.709,1339.1677,1367.6587,0,1606.2831,1154.7954,1331.352,1067.5332,1373.029,
336,98.04593831309926,54.76696,,,,,,,,,,,1838.0275,3268.4424,1801.9382,4904.341,3407.9265,4808.735,4488.7188,3416.1648,4660.987,2049.9028,3386.8892,2185.0156,3319.3252,4268.805,3488.8967,4353.256,4673.881,4112.5063,2380.8945,4660.475,3723.9343,4449.7817,4260.491,4552.9014,4075.3296,3649.807,4803.2495,6528.493,7290.188,4466.6436,0,7300.342,5115.839,4501.9805,2331.9307,3965.9597,3965.4946,3775.5576,4506.965,4872.1274,5888.8823,4557.178,4087.488,3889.324,3868.3167,7332.449,6796.852,4263.865,5079.4663,5329.798,5628.7275,4285.2524,6838.864,4223.065,4076.6917,3528.4292,4258.388,
572,98.04877834971713,55.62812,,,,,,,,,,,1097.3024,1215.4253,0,1623.6747,1291.27,1936.9427,1851.9156,1387.964,1567.3132,0,1404.0203,1399.947,1424.5802,1677.7535,1341.6688,1827.0752,0,2183.8167,1678.1537,1922.0647,1699.0641,1475.4106,1631.4792,2477.6506,1714.2108,1314.2275,1623.7397,1800.4551,0,1708.5685,0,0,2361.7378,1710.2573,1491.7222,1167.7783,1913.4767,1708.8467,1899.2655,2174.071,1778.6577,1829.2706,1550.1147,1641.0984,1746.0955,2278.326,1704.428,1692.564,2613.4636,1348.3573,1500.7966,1729.0961,1705.8173,1351.7319,1656.0516,1040.9059,1732.4299,
838,99.01800269255881,56.221664,,,,,,,,,,,0,0,0,0,0,0,0,0,0,0,0,0,0,0,0,0,0,0,0,0,0,0,0,0,0,0,0,0,2453.801,0,0,1937.6443,0,0,0,0,0,0,0,0,0,0,0,0,0,2762.576,0,0,0,0,0,0,0,0,0,0,0,
389,99.05357842869333,54.76763,,,,,,,,,,,839.7143,1156.9772,838.64856,1604.5116,1100.7382,1621.0559,1615.7345,1265.9729,1586.5878,922.27625,1146.9758,0,1126.8241,1484.6472,1223.3579,1422.7927,1544.1438,1311.9755,0,1545.166,1446.3485,1408.3341,1550.4175,1516.4933,1289.3893,1214.0137,1577.2815,1988.1069,2432.3904,1548.1072,0,2483.6892,1689.6257,1408.7607,0,1365.2484,1358.2517,1444.8346,1450.9427,1475.9585,1986.6875,1586.307,1472.2001,1407.273,1258.6453,2481.295,2074.4429,1521.3795,1833.0939,1712.1344,1716.0078,1473.2739,2046.3668,1491.9893,1353.8192,1182.9507,1355.2432,
444,99.05643268609225,54.838333,,,,,,,,,,,0,0,0,0,0,0,0,0,0,0,0,1241.7526,0,0,0,0,0,0,1387.7924,0,0,0,0,0,0,0,0,0,0,0,0,0,0,0,1331.9729,0,0,0,0,0,0,0,0,0,0,0,0,0,0,0,0,0,0,0,0,0,0,
104,99.06449291476048,54.317154,,,,,,,,,,,0,815.6849,0,1016.035,953.75287,1183.029,1283.7966,0,997.8277,0,903.5737,0,844.2001,1085.4982,925.6839,1027.6127,1296.0045,1363.289,0,1296.5266,0,958.18604,1116.34,1606.9277,1030.0317,880.3612,0,1452.458,0,1077.3292,0,0,1535.9478,929.7156,0,841.26575,1068.4432,1050.0898,1146.6542,1399.8722,1363.5907,1158.4736,1098.6279,1004.5109,1116.7238,0,1432.5554,1252.066,1691.8601,1141.6289,1212.6351,1202.8307,1461.0791,965.57764,1124.3593,858.24615,1202.0405,
620,99.07021372984896,55.628563,,,,,,,,,,,1245.9478,2032.0637,1187.7898,2480.6536,2852.1062,3468.602,2761.6772,2274.2922,2486.2124,1222.4512,2085.7954,2435.318,2055.0151,2507.262,2428.7039,3159.2622,2161.4795,4774.7593,2448.4834,3742.1184,2305.6382,2329.524,2817.0898,4779.9707,4022.5576,2443.1638,2420.4622,2958.1357,2755.2913,3383.068,0,2596.3674,4741.254,2040.9287,2417.944,2129.467,2787.53,2455.5671,3323.6917,4715.7627,2521.4404,2750.8914,2654.296,2888.8267,2986.6956,2846.5403,3171.2373,3512.4143,5271.423,2320.5237,2342.4504,1960.1471,3318.5596,2568.3528,3282.253,1700.6361,3330.7234,
226,100.99969485639555,54.69917,,,,,,,,,,,0,0,0,0,0,0,974.7447,0,0,0,0,0,0,0,0,0,0,0,1104.2065,0,0,0,0,0,0,0,0,0,1743.134,0,0,1656.4855,0,0,939.3671,0,0,0,0,0,0,0,0,0,0,1737.6614,0,0,0,0,0,0,0,0,0,0,0,
426,101.00149781224509,54.770832,,,,,,,,,,,0,0,0,0,0,0,0,0,0,0,0,0,0,0,0,0,1050.4146,0,0,0,1027.6035,0,0,0,0,0,0,0,1728.203,0,0,0,914.37396,0,0,0,0,0,0,0,980.3282,0,0,0,0,0,0,0,0,0,0,940.763,0,0,0,0,0,
757,102.97017537788236,55.718334,,,,,,,,,,,1389.7545,0,1416.8463,0,0,0,0,0,0,1405.3688,0,0,0,0,0,0,0,0,0,0,0,0,0,0,0,0,0,0,0,0,0,0,0,0,0,0,0,0,0,0,0,0,0,0,0,0,0,0,0,0,0,0,0,0,0,0,0,
141,102.98478386175198,54.31762,,,,,,,,,,,0,1425.524,0,1443.9382,1328.4534,1570.1033,1548.4688,0,0,0,0,0,1100.9889,0,1429.2844,1440.9984,1518.6967,1642.0471,0,1607.5903,0,0,1581.5767,1554.3207,1447.7002,0,1439.9408,1475.6094,0,1580.9467,0,0,1673.7633,1130.7637,0,1277.5492,1256.476,0,1479.8062,1720.0573,1736.2275,1389.0431,1509.1641,1413.1436,1335.1602,0,1703.8523,1649.5568,1808.6031,1523.0206,1639.1011,1318.8967,1775.8116,0,1525.4894,1349.1693,1500.4064,
663,102.98807688490879,55.629417,,,,,,,,,,,1378.1566,1641.325,1367.8356,1625.4253,1718.6466,1897.2612,1850.9163,1641.8876,1659.2161,0,1352.407,1873.9376,1366.4949,1748.098,1704.7689,1700.632,1559.9176,2209.3308,1771.9229,1979.0719,1871.2747,1575.931,1674.4734,2096.4553,2021.4724,1645.5208,1641.4528,1656.9833,0,1908.9078,0,0,2334.9666,1241.3596,1752.947,1516.1576,1586.2435,1766.6885,1967.5426,2254.1128,1749.931,1665.611,1764.7578,1767.6992,1739.6813,0,1813.8588,1923.8248,2470.8264,1590.1075,1638.0797,1276.406,1932.4521,1782.4746,1898.2772,1316.8046,1850.0386,
367,102.99123078466734,54.767315,,,,,,,,,,,1439.7136,2152.891,1511.4299,2338.888,2011.2412,2473.912,2454.0413,2183.8872,2286.0955,1475.5662,1702.0797,1873.492,1712.0399,2395.1929,2061.0151,2247.3916,2150.275,2201.9167,1800.7234,2505.674,2192.6897,2263.9028,2428.6768,2140.8984,2285.2595,2365.1455,2502.1082,2878.9163,3685.2805,2400.5708,0,3619.9192,2759.0627,1889.3105,1961.2494,2329.513,1950.3472,2256.6992,2446.0732,2603.0842,2970.5295,2160.4785,2351.1765,2326.811,1959.067,3523.1226,3017.9902,2517.0925,2478.297,2719.105,2843.168,1959.037,3455.9404,2387.5842,2341.086,2041.0807,2454.3057,
810,102.99649554831657,56.2125,,,,,,,,,,,0,0,0,0,0,0,0,0,0,0,0,0,0,0,0,0,0,0,1670.5391,0,0,0,0,0,0,0,0,0,4209.899,0,0,3506.71,0,0,0,0,0,0,0,0,0,0,0,0,0,4646.63,0,0,0,0,0,0,0,0,0,0,0,
94,104.03532583003951,54.316967,,,,,,,,,,,0,701.19775,0,858.2599,819.0784,1015.69666,878.7584,712.01733,829.66626,0,660.69336,686.6548,658.1265,827.05786,810.6384,880.02814,886.2975,1221.4642,722.78296,1102.6312,749.4769,736.76166,837.63025,1161.7087,976.19415,763.08044,856.81006,1083.664,0,970.5528,0,1046.0376,1232.2706,631.6721,646.6649,759.20233,785.2406,755.5561,923.3429,1150.458,1091.2726,792.4171,894.04706,781.271,900.14087,0,1185.6865,1105.9244,1328.2681,1035.6326,1041.3632,783.87317,1239.8911,880.7676,1000.50867,874.3992,1001.3763,
670,104.03604166229539,55.629528,,,,,,,,,,,0,976.73914,0,992.2252,1114.0693,1411.6702,1202.2543,984.7218,1076.4358,0,850.3537,1010.1844,817.8712,1046.0573,1055.6986,1283.9,931.40436,1850.8676,1128.5254,1518.1229,1009.4132,976.57434,1177.2589,1699.919,1615.2246,1107.1798,1042.7676,1194.3187,1245.5792,1397.6561,0,1217.7686,1806.7516,847.03986,1097.5842,964.4769,1088.0955,1039.3132,1303.1118,1910.2537,1104.6178,1086.7571,1177.3906,1250.9454,1220.849,1228.6182,1241.9673,1421.4633,1959.0187,1039.8601,1063.8323,831.0814,1339.7767,1193.9628,1401.6764,804.67865,1314.0497,
839,104.03623633486376,56.22167,,,,,,,,,,,0,0,0,0,0,0,0,0,0,0,0,0,0,0,0,0,0,0,0,0,0,0,0,0,0,0,0,0,1290.971,0,0,1112.0259,0,0,0,0,0,0,0,0,0,0,0,0,0,1471.716,0,0,0,0,0,0,0,0,0,0,0,
390,104.0427671533149,54.76764,,,,,,,,,,,0,1231.3785,0,1572.5096,1244.9467,1609.2258,1459.3018,1248.5688,1489.0797,0,1086.8492,876.00555,1047.8221,1381.3201,1249.9762,1429.256,1467.5636,1328.1284,929.7666,1553.3514,1248.7391,1431.4835,1445.1749,1405.122,1495.4469,1369.7859,1657.3992,2010.6653,2275.5686,1547.6168,0,2426.673,1736.5741,1374.0997,934.9882,1381.1471,1224.6519,1312.7509,1604.7826,1643.135,1895.4364,1397.5459,1383.5767,1355.2347,1313.3394,2259.5293,2092.5442,1576.8909,1739.6538,1837.4933,1923.0791,1265.9637,2311.4092,1467.2056,1388.6482,1307.9304,1515.7894,
732,105.03090602801036,55.714996,,,,,,,,,,,4465.429,0,4620.6455,0,0,0,0,0,0,4278.1016,0,0,0,0,0,0,0,0,0,0,0,0,0,0,0,0,0,0,0,0,0,0,0,0,0,0,0,0,0,0,0,0,0,0,0,0,0,0,0,0,0,0,0,0,0,0,0,
166,105.04499603329633,54.317932,,,,,,,,,,,0,9614.418,0,10324.915,12506.321,13888.495,12113.209,8095.847,10146.12,0,8741.9795,7135.1504,8331.847,10102.583,10733.159,11700.512,12713.828,19509.941,6577.493,16610.076,8521.356,9565.428,12361.98,19229.855,15710.72,11149.662,10577.993,17887.645,14950.102,13278.586,0,15500.777,18750.555,8221.319,7007.2524,9121.874,10197.28,8299.606,13141.981,18288.459,15817.725,9805.205,11910.116,11131.213,12962.079,14843.743,19520.266,16447.629,21981.951,15492.05,15778.922,11044.974,21123.047,10723.042,15465.217,11040.4375,15492.029,
625,105.04638673943042,55.62865,,,,,,,,,,,6835.6333,14710.131,6952.7095,16358.409,20269.572,24884.264,18747.953,14870.211,16458.979,6248.0815,13732.3125,16991.695,12833.753,17173.584,16681.135,21237.107,13684.097,35778.56,16696.043,26321.586,15244.741,15245.178,19176.434,34499.55,30913.781,17683.826,16606.121,19787.814,16616.664,24912.023,0,17279.275,34125.277,12319.255,17397.605,15111.951,18577.697,15418.983,23718.068,34079.844,16954.447,17541.973,18705.367,20557.148,20606.865,16792.748,22092.895,25943.21,39126.85,16240.706,16938.324,11011.273,23325.025,18319.303,24657.678,11468.396,23938.355,
369,105.04708357933737,54.767323,,,,,,,,,,,8654.68,22705.326,8616.356,31801.023,23990.314,31517.668,27879.271,21879.64,30527.287,8016.28,20461.88,13842.054,19545.48,27073.916,24390.008,27462.42,28409.025,28170.69,13093.205,31702.812,22540.207,28582.037,27867.857,27351.223,29938.953,25724.037,32248.8,43349.125,45815.67,31179.049,0,48678.887,34426.6,26365.898,13653.154,27705.676,24047.062,22502.99,30399.207,33357.02,40076.86,27007.025,27246.188,26269.854,23951.586,46653.934,46549.707,30545.805,32539.826,38902.277,40611.902,24660.615,50511.316,28588.475,28639.791,25092.996,28434.03,
747,106.04696221108122,55.716663,,,,,,,,,,,1174.5472,0,1313.0968,0,0,0,0,0,0,1163.1298,0,0,0,0,0,0,0,0,0,0,0,0,0,0,0,0,0,0,0,0,0,0,0,0,0,0,0,0,0,0,0,0,0,0,0,0,0,0,0,0,0,0,0,0,0,0,0,
600,106.05678751037898,55.628292,,,,,,,,,,,1663.016,3769.0789,1774.4152,4235.5605,5351.016,6613.149,4811.27,3911.477,4202.3594,1568.287,3657.383,4438.4287,3529.8574,4440.827,4316.649,5534.059,3517.9314,9225.233,4393.1626,6903.68,4050.055,3940.8591,5085.3643,8791.25,7990.445,4672.585,4353.945,5104.2485,4244.931,6597.2935,0,4414.413,8843.836,3339.7773,4604.5234,3909.9126,4947.877,4132.693,6107.449,8880.742,4301.7144,4564.279,4871.662,5465.679,5421.348,4288.678,5849.0825,6841.0156,10193.951,4268.747,4461.119,2821.0283,6109.847,4852.388,6430.0747,2884.2234,6300.562,
131,106.05776034763394,54.317467,,,,,,,,,,,0,2370.1794,0,2615.5469,3239.382,3636.221,3088.4907,2147.5066,2621.2363,0,2254.1309,1840.1925,2147.6387,2660.2893,2787.059,3004.2148,3407.7126,4988.2056,1799.3282,4409.67,2313.6826,2519.6406,3175.0115,5030.6426,4016.6516,2971.627,2796.3503,4696.8066,3735.0923,3527.3706,0,3976.404,4794.228,2194.3652,1789.1691,2359.0605,2635.7502,2266.3464,3517.8706,4801.5337,4130.65,2677.8228,3052.1936,2846.7568,3276.9202,3891.386,5303.4277,4249.6733,5884.94,3924.0452,4115.1577,2913.8352,5440.757,2819.6628,3981.028,2778.949,3977.2268,
310,106.06032530193932,54.76669,,,,,,,,,,,1681.1527,3983.545,1651.9778,5551.444,4347.086,5597.8296,5027.7036,3781.0264,5360.671,1611.0016,3560.939,2476.5522,3474.1733,4725.29,4234.051,4981.105,5166.441,5022.8076,2467.1887,5589.963,4070.6946,4916.5977,4968.172,4799.1675,5187.9473,4686.1016,5680.894,7647.715,8263.3545,5502.3315,0,8379.724,6062.376,4669.9087,2435.7085,4731.005,4354.766,3973.1514,5387.3477,5855.329,7154.792,4831.3516,4852.186,4559.0117,4301.95,8218.76,8110.909,5322.0137,5720.831,6799.0913,6969.991,4424.199,8831.056,5007.909,5086.1953,4437.5615,5164.3525,
748,107.04801733464261,55.716663,,,,,,,,,,,3999.2017,0,4168.5244,0,0,0,0,0,0,3766.712,0,0,0,0,0,0,0,0,0,0,0,0,0,0,0,0,0,0,0,0,0,0,0,0,0,0,0,0,0,0,0,0,0,0,0,0,0,0,0,0,0,0,0,0,0,0,0,
854,107.04862022072605,56.243,,,,,,,,,,,4270.8135,0,4477.8223,0,0,0,0,0,0,3524.9453,0,0,0,0,0,0,0,0,0,0,0,0,0,0,0,0,0,0,12764.505,0,0,0,0,0,0,0,0,0,0,0,0,0,0,0,0,14464.418,0,0,0,0,0,0,0,0,0,0,0,
354,107.05014102336557,54.76714,,,,,,,,,,,7915.912,20762.51,8004.898,29860.969,22586.576,30138.697,25935.73,20150.162,28728.62,7254.9863,19176.975,12157.937,18348.219,24837.217,22479.08,25757.148,26632.18,26590.238,11653.931,29578.533,20680.162,27061.3,26544.99,25913.266,27997.885,24216.271,30757.803,41381.53,42701.36,29153.008,0,44799.703,32228.791,24729.06,12217.331,25918.578,23102.98,20520.684,28183.578,31318.053,37591.523,25257.467,25162.666,24382.533,22903.025,43221.906,43906.574,28279.44,30734.13,36524.863,38056.266,22857.168,47557.91,26215.992,27019.979,23461.557,27121.955,
612,107.05065603914797,55.62847,,,,,,,,,,,6990.802,15976.545,7003.683,17428.568,22386.715,26805.836,20179.312,15915.301,17512.016,6253.7876,14940.285,17957.717,13991.4375,18491.762,18142.66,23720.879,14410.084,39459.785,17365.594,29453.293,16383.461,16603.674,21152.557,38420.047,33948.406,18874.709,17760.168,21745.428,17237.979,27085.873,0,17444.172,37273.75,13640.197,18234.293,16174.895,20473.328,16382.26,26399.686,37085.78,17630.22,19221.812,20145.148,22743.688,23139.107,17074.361,24388.918,28067.71,43387.29,17775.094,18112.635,11875.411,25371.648,19845.207,26811.4,12263.221,26448.057,
158,107.0507228336051,54.31784,,,,,,,,,,,0,9892.9795,0,10698.591,13520.089,15066.436,12422.224,8217.553,10690.334,0,9164.017,7258.4775,8620.949,10562.281,10875.362,12089.767,13516.386,20875.316,6679.515,17567.521,8677.85,10017.705,13364.864,20528.738,16794.0,11861.151,10999.889,19175.99,15904.678,13998.743,0,16570.436,19851.398,8670.462,7174.4287,9361.063,10706.986,8602.915,13779.832,19916.186,16788.322,10230.486,12470.548,11913.523,13637.673,15897.107,21539.004,17106.8,23627.645,16343.072,16719.973,11605.175,23027.066,11074.3,16521.623,11676.245,16854.395,
480,108.05151291817727,55.328335,,,,,,,,,,,1398.8695,0,1515.1771,0,0,0,0,0,0,1320.5623,0,0,0,0,0,0,0,0,0,0,0,0,0,0,0,0,0,0,0,0,0,0,0,0,0,0,0,0,0,0,0,0,0,0,0,0,0,0,0,0,0,0,0,0,0,0,0,
606,108.07170405374168,55.62838,,,,,,,,,,,2015.4106,4295.041,2048.3086,4934.258,5908.023,7270.228,5456.955,4388.1187,4943.412,1946.4224,4077.9404,4805.412,3894.3306,5118.8945,4951.698,6459.5513,4189.1655,10433.296,4857.492,7784.2476,4601.0093,4501.15,5720.4487,10276.842,8904.218,5236.9526,4882.257,5942.0312,4656.8105,7168.83,0,4717.4644,9955.788,3945.3586,4968.163,4335.0244,5424.5767,4608.648,6995.5415,9815.559,4867.4473,5362.294,5497.0244,6172.286,6137.7554,4647.988,6465.376,7446.378,11791.321,4848.4565,4959.059,3340.2139,6859.608,5406.2764,6952.5366,3332.3113,7109.3716,
118,108.07472385994691,54.31736,,,,,,,,,,,0,2722.1797,0,3072.5847,3877.8064,4251.411,3578.4636,2416.864,3177.3867,0,2598.0842,2134.885,2564.6462,3118.543,3017.4446,3324.1572,3818.4753,5539.7764,2131.4358,4916.52,2707.829,2876.51,3716.6477,5691.7676,4523.2207,3275.22,3315.6365,5152.098,4720.5366,3930.4033,0,4645.9785,5407.1924,2697.845,2151.7036,2567.9858,3115.778,2612.1594,3831.116,5356.842,4690.7095,3174.4666,3517.206,3229.87,3895.334,4564.9126,5789.249,4800.968,6482.5537,4494.566,4619.2505,3224.703,6164.4224,3157.2234,4484.0103,3170.657,4364.685,
309,108.07516472707263,54.766685,,,,,,,,,,,1944.9291,4314.8975,1854.2217,6284.5156,4761.3125,6430.3853,5560.8794,4446.2495,5957.2144,1772.0356,4068.8499,2695.8386,4001.3845,5160.0166,4666.88,5552.4917,5880.3657,5625.7,2759.2546,6174.9736,4464.2134,5669.8745,5489.5435,5751.231,5921.2124,4949.7754,6388.211,8699.715,8816.632,6156.9097,0,9471.693,6763.467,5331.229,2740.289,5348.77,5047.0786,4659.914,6204.9937,6426.681,8059.8936,5406.525,5498.882,5084.1724,4868.2686,9101.255,9010.189,6084.2,6639.6406,7563.903,7950.422,4995.622,9523.464,5465.7993,5570.244,4896.8857,5589.877,
858,109.07659707863523,56.255,,,,,,,,,,,4608.1245,0,4648.6455,0,0,0,0,0,0,3713.8608,0,0,0,0,0,0,0,0,0,0,0,0,0,0,0,0,0,0,0,0,0,0,0,0,0,0,0,0,0,0,0,0,0,0,0,0,0,0,0,0,0,0,0,0,0,0,0,
618,109.07764733273686,55.62856,,,,,,,,,,,4160.32,9404.0,4274.99,10439.342,12907.556,15636.946,11778.691,9333.422,10512.986,3976.4946,8738.106,10500.13,8183.954,10784.665,10750.721,13847.332,8751.176,22362.156,9913.656,16923.287,9409.49,9929.551,12210.896,22045.193,19359.662,11182.326,10670.582,12345.749,9802.007,15908.005,0,10032.397,21503.328,7959.104,10658.485,9444.128,11976.948,9449.6045,15146.725,21900.396,10750.137,11047.963,11985.619,13282.969,13211.294,9636.761,13859.126,16225.675,24955.338,10407.5625,10997.095,7192.123,15094.184,11703.692,15602.299,7076.3896,15302.755,
139,109.07891033695606,54.31756,,,,,,,,,,,0,5986.608,0,6848.7515,8096.0845,9086.444,7851.034,5236.547,6538.7104,0,5452.7373,4398.354,5291.468,6608.545,6705.952,7338.9663,8479.99,12488.861,4445.876,10787.278,5620.2905,6110.205,8191.154,12466.78,9931.447,7034.851,6943.187,11511.938,9933.519,8756.656,0,10134.036,12132.9795,5569.6997,4501.606,5790.8057,6508.767,5611.9727,8484.415,11700.113,10273.153,6541.979,7430.0444,7176.824,8203.144,9903.96,12836.8125,10294.467,14460.93,9887.469,10126.244,7114.874,13696.303,6708.3364,9943.415,7017.828,10050.618,
320,109.07911287870651,54.76678,,,,,,,,,,,6353.349,16054.86,6196.2437,23208.195,17138.389,23644.959,19647.016,15242.476,21910.389,5814.023,14759.333,9256.055,14251.656,19040.549,17248.709,20525.97,20830.809,20402.373,8782.656,22623.201,15674.23,20778.03,20373.453,20182.82,21317.037,18670.002,23718.479,31174.111,32492.564,23076.316,0,34203.71,24575.465,18921.678,8996.759,19662.879,17839.436,15641.815,22226.363,23355.707,29087.014,19194.78,19417.115,19294.275,17221.885,32301.941,33387.23,21727.182,23573.137,27989.088,29293.617,18036.525,36099.086,19901.729,20413.94,17875.562,20785.713,
733,109.07975002986349,55.714996,,,,,,,,,,,3446.2507,0,3511.7798,0,0,0,0,0,0,3104.561,0,0,0,0,0,0,0,0,0,0,0,0,0,0,0,0,0,0,0,0,0,0,0,0,0,0,0,0,0,0,0,0,0,0,0,0,0,0,0,0,0,0,0,0,0,0,0,
481,110.05973778733919,55.33,,,,,,,,,,,1825.6149,0,2009.6503,0,0,0,0,0,0,1569.3191,0,0,0,0,0,0,0,0,0,0,0,0,0,0,0,0,0,0,0,0,0,0,0,0,0,0,0,0,0,0,0,0,0,0,0,0,0,0,0,0,0,0,0,0,0,0,0,
117,110.08196277888669,54.317356,,,,,,,,,,,0,1416.8362,0,1594.7241,1543.691,2098.185,1825.8722,1331.0148,1585.1539,0,1256.4769,1316.2034,1301.919,1677.1346,1438.7107,1651.7173,1989.2118,2324.7058,1251.7588,2259.5374,1514.459,1430.901,1831.5276,2589.144,1797.9653,1494.3668,1626.5548,2368.865,2334.4507,1825.4465,0,2410.218,2496.0547,1391.7623,1216.5934,1272.4828,1568.8003,1472.5406,1881.0232,2353.518,2235.83,1698.3417,1714.4276,1556.032,1884.1625,2377.6394,2560.913,2031.9657,2948.3105,1978.7855,1986.2638,1728.3452,2751.4976,1557.9343,2011.2955,1446.7551,1970.9523,
568,110.08913341995047,55.62811,,,,,,,,,,,1238.4685,2285.9238,1317.1556,2467.4263,2811.0112,3575.4841,2901.7183,2275.7415,2454.3433,1240.4584,2064.9766,2490.562,1873.5021,2617.8015,2497.2852,3242.8123,2180.862,4857.312,2515.0378,3892.5063,2523.1145,2330.7456,3077.8687,4918.3477,4131.6323,2573.5142,2558.8254,2998.701,2521.5518,3532.5505,0,2692.652,4685.3975,2034.8673,2713.694,2148.944,2731.1128,2450.1733,3331.055,4731.5146,2679.57,2749.0676,2811.8542,3005.5564,3042.566,2544.0305,3064.1243,3718.9207,5335.77,2486.007,2443.7336,1883.5009,3463.494,2669.5947,3490.2507,1729.1346,3446.2935,
327,110.0934601078184,54.76687,,,,,,,,,,,2626.7283,6333.4634,2575.403,9172.66,6813.9263,9187.497,8112.659,6130.493,8900.827,2668.9932,5975.8296,3894.7014,5758.147,7753.321,6829.3774,8201.697,8264.828,8287.858,3737.6423,9128.517,6509.047,8184.4272,8063.791,8328.434,8343.696,7471.2573,9369.141,12341.331,12959.183,8981.302,0,13781.284,9719.495,7637.1787,3888.195,8017.8276,7274.9644,6355.036,8751.151,9301.655,11296.524,7834.2153,7858.067,7773.6084,7010.199,13247.385,13278.181,8626.431,9328.813,11173.988,11724.682,7330.9946,14315.142,8194.362,8103.0244,7135.0996,8265.456,
482,111.05844059428136,55.33,,,,,,,,,,,1610.3717,0,1657.032,0,0,0,0,0,0,1494.5328,0,0,0,0,0,0,0,0,0,0,0,0,0,0,0,0,0,0,0,0,0,0,0,0,0,0,0,0,0,0,0,0,0,0,0,0,0,0,0,0,0,0,0,0,0,0,0,
374,111.0807428047785,54.767406,,,,,,,,,,,1949.7378,3981.0376,1981.2406,5715.389,3971.6711,5659.084,5050.697,4051.101,5400.231,1999.4034,3689.6558,2710.4878,3648.5967,4828.2515,4355.55,4934.7095,5310.966,4957.438,2539.4607,5545.23,4182.152,5029.4688,5056.476,5062.7827,5199.288,4681.686,5740.8345,7642.838,8292.024,5508.704,0,8664.625,6074.2637,4808.8193,2729.4756,4818.0137,4548.786,4168.113,5306.6636,5792.4897,7153.1846,5017.7617,4890.5215,4761.1895,4338.6235,8264.274,7911.712,5368.966,5852.6196,6687.1646,7100.9976,4563.9155,8778.621,5024.9214,5029.146,4453.0312,5064.4717,
132,111.08074775374183,54.317467,,,,,,,,,,,0,2374.0833,0,2728.896,3046.0242,3509.6497,3226.929,2289.7058,2747.749,0,2277.7424,2071.216,2317.5195,2740.506,2816.943,3001.9622,3402.0706,4645.209,2020.24,4313.3237,2548.0808,2639.673,3391.6394,4696.296,3742.9993,2867.801,2864.2825,4438.82,3955.835,3318.8965,0,4126.824,4757.7017,2405.5117,2016.7058,2278.9634,2738.4944,2413.8604,3409.103,4546.5854,4265.7217,2845.7747,3119.1475,2779.5754,3286.2732,4043.5002,4751.6377,3907.0466,5687.337,3897.9756,4105.232,2992.83,5085.695,2814.1003,3948.8928,2691.435,3892.6133,
626,111.08635018830107,55.62865,,,,,,,,,,,2377.3716,4688.231,2368.9424,5364.4927,6321.406,7909.1904,6205.9453,4842.5044,5321.409,2257.083,4389.8276,5510.07,4168.9297,5500.619,5435.713,6884.0176,4431.493,11116.121,5119.5513,8413.889,4951.578,5060.2495,6332.626,10946.449,9480.294,5744.774,5580.957,6402.3745,5271.396,7912.6323,0,5396.3784,10724.496,4169.7515,5465.483,4853.8047,5981.0703,4944.088,7525.47,10795.608,5365.2188,5862.8765,6197.0903,6620.522,6722.283,5280.1045,6931.5938,8109.66,12230.197,5445.0923,5555.2075,3784.2683,7485.1353,5930.582,7664.323,3786.8315,7504.5493,
463,112.03356390185301,55.073494,,,,,,,,,,,0,0,0,785.70087,0,0,0,0,776.0134,0,0,0,0,0,0,706.9238,926.1661,0,0,0,0,0,0,0,0,0,786.91534,0,0,0,0,0,0,0,0,0,0,0,0,0,930.255,0,0,0,0,0,0,0,0,762.49164,840.9581,759.0134,0,0,0,591.45667,0,
830,112.04019372974749,56.22,,,,,,,,,,,0,0,0,0,0,0,0,0,0,0,0,0,0,0,0,0,0,0,0,0,0,0,0,0,0,0,0,0,1719.9039,0,0,1384.9,0,0,0,0,0,0,0,0,0,0,0,0,0,1816.8888,0,0,0,0,0,0,0,0,0,0,0,
56,112.0607332191041,54.31624,,,,,,,,,,,0,0,0,0,549.6058,782.0784,805.203,656.4926,0,0,517.1808,0,583.6185,678.6731,624.4714,0,835.4583,822.29126,0,794.8637,0,664.7257,736.3207,934.34454,601.1765,659.94476,0,822.29584,0,688.3612,0,0,917.8735,0,654.353,543.80975,713.5074,0,0,811.26904,939.3789,781.01404,656.64465,644.12946,690.5492,0,806.9745,704.9706,927.6512,793.0379,0,0,830.26184,681.49854,668.4083,0,732.6505,
547,112.06673658265136,55.62779,,,,,,,,,,,0,827.8052,0,930.0726,905.0814,1153.9517,1056.8866,854.73224,898.39685,0,755.77704,0,774.59235,964.11115,922.4325,981.0745,873.0873,1360.0867,0,1240.7643,899.15985,870.0376,968.8993,1428.0203,1192.3047,832.7587,929.9183,1011.5178,0,1121.9509,0,1146.6162,1407.9572,820.8006,915.5074,726.77246,988.0114,917.9137,1086.3704,1432.9686,1066.579,983.82904,961.931,949.9539,978.6803,1158.6361,1078.7898,1101.0778,1562.3704,870.98334,944.59985,860.09875,1068.7427,882.4838,1056.1003,665.9506,977.67114,
383,112.06780640459678,54.767548,,,,,,,,,,,0,1053.9493,0,1453.4939,1036.6616,1397.5616,1378.1779,1174.2657,1445.5184,0,1031.0226,0,995.4838,1309.8009,1148.6885,1358.3871,1372.8921,1153.0298,0,1392.3809,1211.8921,1326.8574,1382.3417,1293.2083,1265.2498,1104.1886,1519.4377,1805.9036,2097.4773,1397.1484,0,2126.9043,1531.1268,1254.7754,883.03955,1217.7294,1227.9497,1233.0553,1374.5106,1418.9487,1750.2026,1361.1177,1288.6489,1227.7614,1087.5391,2075.0542,1836.5096,1264.4806,1589.8398,1636.3406,1701.429,1293.7728,1958.6254,1290.5691,1305.9944,1126.03,1313.458,
406,113.04223113961739,54.768494,,,,,,,,,,,0,0,0,0,528.85126,768.5639,749.6764,0,712.14154,0,0,0,0,0,0,707.8032,0,622.0458,0,732.4557,0,0,711.1726,645.69434,646.48315,612.52924,0,850.42725,1132.8411,662.117,0,1096.6361,766.9434,0,0,0,673.3694,685.13434,668.53876,790.2733,829.2092,767.1677,711.42236,632.8094,586.61,1154.422,881.254,609.38934,742.2344,786.4855,0,0,909.8107,0,678.9477,0,706.5901,
445,113.07089539403992,54.839,,,,,,,,,,,0,0,0,0,572.1206,0,0,0,0,0,0,889.4891,0,0,0,0,0,0,906.847,0,0,0,0,0,0,0,0,0,0,0,0,0,0,0,897.101,0,0,657.3501,0,0,0,0,0,0,0,0,0,0,0,0,0,0,0,0,0,0,0,
172,113.07981223632777,54.31807,,,,,,,,,,,0,0,0,0,496.1801,614.9771,661.16473,0,0,0,0,0,0,0,0,544.6084,0,687.79047,0,673.7591,0,0,0,758.81335,506.13208,509.52728,0,667.1618,0,605.23834,0,0,791.0484,0,0,0,565.70544,0,606.02057,715.2785,747.22363,0,601.79926,572.32916,557.53577,0,748.662,614.02094,891.25726,587.474,0,0,767.3276,0,632.0454,0,632.02057,
634,113.08337797834552,55.628754,,,,,,,,,,,0,0,0,0,899.6401,1132.8693,1040.6238,0,954.0487,0,0,930.4433,0,0,0,1139.3524,0,1488.4054,956.6806,1356.7777,0,0,1049.8552,1537.8411,1305.5619,907.1896,0,1014.16675,1127.7349,1232.8486,0,1159.153,1616.1484,0,900.05884,0,939.53906,887.0366,1126.6663,1492.527,955.9444,991.14417,1025.7296,982.4995,1056.2858,1074.3024,1083.3041,1211.3328,1763.6355,905.16315,0,0,1181.6836,0,1063.8173,0,1047.1481,
428,114.04301576231272,54.771427,,,,,,,,,,,0,0,0,0,0,0,0,0,0,0,0,0,0,0,0,0,0,0,0,0,0,0,0,0,0,0,0,894.04803,994.4083,0,0,1030.083,0,0,0,0,0,0,0,0,947.9134,0,0,0,0,1018.2399,903.9026,0,0,0,0,0,1017.9183,0,0,0,0,
737,114.99551516618895,55.715,,,,,,,,,,,1661.4266,0,1678.5469,0,0,0,0,0,0,1677.1945,0,0,0,0,0,0,0,0,0,0,0,0,0,0,0,0,0,0,0,0,0,0,0,0,0,0,0,0,0,0,0,0,0,0,0,0,0,0,0,0,0,0,0,0,0,0,0,
363,115.00546311705864,54.76731,,,,,,,,,,,1719.5833,2579.5178,1658.8591,3408.1675,2425.3462,3164.9062,2976.162,2551.0076,2985.1985,1638.9585,2031.881,1990.947,2052.4907,2943.3665,2756.613,2977.8667,3060.1582,2735.1614,1941.6992,3241.5374,2816.3848,3016.8977,3086.1807,2720.0347,2950.057,2775.664,3304.3606,3748.6382,4395.5015,3163.546,0,4590.7563,3300.3152,2508.6802,1960.2102,2926.0344,2492.8572,2655.6995,3172.9395,3359.27,3909.1228,2792.212,2963.3218,2903.9736,2517.0288,4180.4062,3983.6143,3060.1897,3353.7297,3775.2766,3873.8215,2678.3508,4546.8965,3060.7385,3007.9143,2712.7349,3013.1482,
180,115.0057295301724,54.318336,,,,,,,,,,,0,1521.3162,0,1730.1818,1510.0137,1801.3668,1687.07,1515.5414,1727.8235,0,1147.4393,1428.8689,1250.0197,1702.7029,1614.7588,1634.082,1838.2661,2012.1543,0,2022.9425,1642.4681,1593.7054,1921.0059,2102.7231,1760.9059,1698.8853,1717.0121,1972.4697,2090.4805,1728.8584,0,2255.297,2098.7327,1324.2576,0,1440.8829,1588.6898,1734.4937,1707.1582,2065.0522,2194.4832,1588.2402,1666.3259,1711.3815,1721.443,2078.4482,2010.1615,1996.0448,2420.2944,1813.133,2010.1997,1521.699,2335.8735,1595.5038,1910.0935,1602.5227,1952.3698,
646,115.007675577246,55.628975,,,,,,,,,,,1510.016,1932.5367,0,2012.5276,1901.7195,2392.7793,2199.9653,1909.659,1931.4266,0,1429.8728,1978.0892,1458.3031,2013.3413,1928.7006,2198.3281,1886.6976,2970.529,1957.9905,2507.7202,1931.827,1813.273,2205.7349,2699.994,2514.9248,2097.9749,2030.2007,1882.1163,2164.8032,2414.4824,0,2212.1462,2860.8757,1554.7284,2127.6536,1801.5057,1958.8644,1969.8196,2404.542,3032.3286,2062.3962,2013.659,2076.701,2206.1748,2107.8572,2225.4592,2231.6106,2516.9363,3269.726,1940.1105,1952.6238,1530.5182,2354.7605,2090.16,2458.129,1540.2053,2360.8518,
749,116.02167685271331,55.716663,,,,,,,,,,,951.4018,0,880.7378,0,0,0,0,0,0,1280.9421,0,0,0,0,0,0,0,0,0,0,0,0,0,0,0,0,0,0,0,0,0,0,0,0,0,0,0,0,0,0,0,0,0,0,0,0,0,0,0,0,0,0,0,0,0,0,0,
538,116.0286793231442,55.627586,,,,,,,,,,,868.53253,1027.6976,0,1264.695,1002.1644,1507.9012,1571.4469,1193.6339,1192.085,0,1062.2098,1272.3331,1070.9412,1565.3217,1052.7646,1461.4243,1278.4606,1602.6927,1680.8666,1643.286,1483.8693,1184.2184,1287.2834,1774.9225,1304.354,1101.3394,1214.1788,1594.7467,2387.2178,1408.8395,0,2160.302,2057.5476,1185.294,1333.3488,883.03235,1367.0667,1496.6495,1586.6329,1894.1997,1368.7054,1547.3193,1201.2517,1180.4553,1388.0392,2516.465,1257.6486,1403.8666,2026.8009,1044.9415,1097.337,1223.7742,1383.2603,1319.7528,1315.51,823.9219,1315.2573,
283,116.031375367119,54.76624,,,,,,,,,,,1097.862,1464.4064,1032.322,1927.7286,1308.5881,2037.9261,1990.6538,1641.1802,1839.6283,1213.2157,1314.9117,1456.6597,1317.7411,1992.6431,1500.9133,1685.7087,1901.3337,1479.8523,1549.7859,1901.4835,1878.3298,1679.7777,1945.3142,1754.1465,1593.9141,1491.9739,1885.3384,2484.0894,3531.5872,1889.3135,0,3321.9355,2323.6853,1656.3772,1461.0559,1453.1023,1635.189,1784.1154,1953.6077,2039.9131,2348.155,1934.0869,1787.3374,1547.1089,1561.0635,3350.667,2246.3132,1850.3694,2153.792,2054.3848,2089.2092,1820.2903,2555.0898,1775.9396,1607.6335,1472.9437,1739.7584,
93,116.03179484804541,54.316933,,,,,,,,,,,0,0,0,1027.4325,736.9062,1172.301,0,0,0,0,0,0,0,0,0,1050.4442,1227.5842,1007.1651,0,1228.6721,0,929.5708,0,1436.6754,819.3459,761.2449,1024.6351,1267.0101,0,1012.64923,0,0,0,961.43677,0,699.18604,1127.9653,0,1140.3596,1281.1543,1276.3234,0,0,913.883,1134.2648,0,1172.0419,1091.0614,1610.7614,1025.5459,1094.3152,0,1270.6322,0,954.8761,771.8444,1031.6581,
569,117.03177145760154,55.62811,,,,,,,,,,,3688.934,5860.1777,3621.403,6400.1514,7171.4126,9097.685,7541.0156,6515.931,6432.819,3689.977,5216.4326,7454.8364,5132.179,7079.253,6387.8306,7977.3535,5797.1084,11707.108,7802.3354,9396.318,7003.303,5979.629,7520.55,11127.963,10276.672,6692.3833,6372.984,7711.0854,10430.15,9131.066,0,10372.598,12196.836,4836.48,7545.449,5885.597,6648.9087,7111.951,8728.7,12371.979,6740.597,7357.9297,7320.4497,7558.7275,7501.9746,10830.514,8214.399,9323.92,13251.669,6613.2705,6489.592,4866.465,9153.324,7287.5967,8788.453,4536.8804,8408.692,
345,117.03491358703988,54.767048,,,,,,,,,,,4837.045,9320.978,4930.928,12005.562,8618.418,12148.344,11098.73,9414.26,11559.111,4800.7007,7698.7383,7531.385,7431.2417,10978.955,9274.44,10272.555,10882.714,10387.392,7238.498,11826.194,10005.843,10739.575,11359.299,9805.715,10789.176,10325.069,12409.598,14953.623,19547.451,11930.24,0,20663.314,13354.769,9309.481,7420.245,10300.842,8705.727,9544.01,11448.3125,13110.128,14710.093,10307.979,10925.106,9956.0,9242.384,19589.264,16117.023,11715.36,12091.194,14116.783,14556.099,9268.644,18343.242,11517.301,10885.429,9460.94,10852.982,
99,117.03660189314316,54.317013,,,,,,,,,,,0,3958.898,0,4766.2437,4661.508,5577.5874,5233.184,4019.9167,4657.107,0,3389.351,0,3266.4395,4767.928,4460.1533,4781.8203,5547.7563,7083.7827,0,6469.686,4529.746,4316.073,5455.129,6814.393,5625.4297,4498.2915,4745.6675,6610.958,0,5297.5645,0,0,7004.2256,3643.3047,0,3869.5054,4154.625,4402.6255,5370.2124,7152.284,6523.797,4475.974,4861.1577,4648.869,5140.004,0,7094.4033,6589.8525,8367.229,6071.9717,6114.314,4550.351,8517.591,4823.742,5891.966,4306.709,5949.448,
121,118.04910734766011,54.317364,,,,,,,,,,,0,1765.5665,0,1907.2203,2115.901,2390.6516,2163.239,1578.4982,1789.1824,0,1490.7345,1383.4309,1410.0016,1825.4802,1880.4309,2065.2305,2241.0242,3209.9143,1330.9833,2888.034,1704.6215,1727.9238,2261.835,3131.5127,2684.8958,2053.7756,2021.9304,2889.468,2741.8738,2319.1045,0,2953.6763,3042.2263,1377.217,1397.0396,1670.6041,1720.9398,1696.3436,2220.4756,3085.9993,2624.164,1761.1903,2069.9539,2056.613,2052.642,2695.8518,3208.5066,2824.8914,3654.6863,2648.6238,2779.0654,1889.8107,3623.5208,2004.8533,2654.9587,1996.9749,2621.113,
627,118.05221032857584,55.62865,,,,,,,,,,,1278.472,2574.892,1386.8685,2787.6238,3350.531,4033.942,3074.3113,2569.1658,2800.5186,1220.863,2203.2024,2945.6519,2127.7153,2993.9692,2868.7268,3448.2822,2419.223,5484.3916,2898.291,4208.479,2659.8022,2557.2224,3294.5234,5176.2773,4931.4634,3008.8167,2768.731,3349.2285,3118.5117,4041.425,0,3209.5852,5461.468,2144.4194,3066.7078,2596.9045,2990.029,2730.5032,3903.4485,5400.07,2843.8682,2968.7192,3261.4038,3495.2964,3349.5178,3187.723,3426.4426,4190.7583,5969.65,2709.6238,2891.071,1898.5312,3847.0918,3169.061,4034.0051,2076.1975,3864.8242,
311,118.05856615031071,54.76669,,,,,,,,,,,1347.8741,2774.0383,1358.1935,3614.329,2643.6213,3713.9612,3212.7522,2706.2417,3459.3499,1313.3733,2302.3357,2029.084,2270.2302,3267.9336,2917.6545,3157.8823,3232.8074,3161.1504,1848.2694,3615.0225,2689.4949,3169.882,3411.664,3097.7905,3519.2688,3060.137,3810.0007,4620.997,5307.6436,3545.9883,0,5690.1084,3948.0818,2916.9814,1985.6489,3214.833,2791.513,2703.869,3524.425,3920.1096,4590.2617,3121.8313,3255.8918,2999.5186,2710.4883,5476.9443,4886.8687,3622.6628,3758.8127,4411.524,4670.8857,2806.9268,5540.428,3585.307,3422.5854,2958.2122,3341.3015,
723,119.03194126502801,55.713333,,,,,,,,,,,5308.616,0,5444.0757,0,0,0,0,0,0,5128.913,0,0,0,0,0,0,0,0,0,0,0,0,0,0,0,0,0,0,0,0,0,0,0,0,0,0,0,0,0,0,0,0,0,0,0,0,0,0,0,0,0,0,0,0,0,0,0,
84,119.04761122102046,54.316845,,,,,,,,,,,0,7657.173,0,8063.2466,8864.156,10308.043,9142.188,6778.403,7842.678,0,5979.8984,0,5783.0103,7888.8364,8366.273,8641.44,9653.253,13034.271,0,11761.542,0,7422.39,9478.308,12320.405,11370.87,8691.017,8303.964,11754.758,0,10085.172,0,0,13211.458,5968.878,0,7038.8213,7050.219,6893.419,9512.631,13081.184,11351.474,7052.564,9320.804,8585.771,9236.772,0,13564.179,12094.48,15114.207,11363.646,11681.71,7629.8213,15122.755,8281.262,11206.902,8313.139,11284.629,
613,119.04905292928682,55.62847,,,,,,,,,,,6345.3696,11979.438,6615.2764,11843.474,14298.883,17671.932,15028.895,12354.997,12471.979,6289.4204,10412.996,14878.562,9869.647,13466.958,12819.452,15148.781,10493.822,23342.668,15032.623,18959.463,13160.75,11733.861,14818.139,21889.775,21325.967,13675.396,12325.893,14909.922,19809.639,18031.45,0,18853.89,24569.512,8893.15,14969.284,11414.498,12456.484,13519.026,17146.72,24611.322,13057.607,13522.907,14591.09,15156.657,14471.348,20071.064,16193.288,18566.477,25861.102,12446.3545,12817.714,8472.432,17611.18,14517.63,17292.486,9114.863,16987.072,
348,119.04909091859793,54.76705,,,,,,,,,,,8548.715,17538.178,8365.096,21803.916,17078.078,22488.088,20580.4,17376.154,21553.002,7743.1074,14300.674,13934.232,13885.961,19712.225,18388.969,19033.137,19725.871,19613.934,12852.217,22247.908,17894.527,19852.229,20676.05,18309.145,21452.482,19508.182,22617.621,28077.457,35621.824,22508.035,0,37245.3,24993.121,16996.633,13900.116,19715.402,15961.323,17365.986,21597.658,24777.488,27785.334,18505.775,20432.69,19094.516,16808.697,35776.92,30336.357,22152.436,22415.68,27046.162,27643.385,16341.29,34551.94,21518.855,20660.752,18132.248,20437.893,
831,119.05000305175781,56.22,,,,,,,,,,,0,0,0,0,0,0,0,0,0,0,0,0,0,0,0,0,0,0,0,0,0,0,0,0,0,0,0,0,32149.71,0,0,24995.146,0,0,0,0,0,0,0,0,0,0,0,0,0,36315.902,0,0,0,0,0,0,0,0,0,0,0,
300,120.05458373320074,54.7666,,,,,,,,,,,2254.204,5227.135,2128.1304,7120.6323,5370.6895,7095.988,6111.933,5067.61,6680.9204,2015.187,4415.8784,3467.4966,4247.494,6017.933,5624.611,6134.0312,6364.124,6150.1914,3231.762,6960.2603,5137.49,6171.9326,6435.7437,5778.6743,6879.6406,5999.134,7208.4546,8985.952,10178.304,7012.3413,0,10768.27,7536.044,5582.7446,3389.873,6334.3013,5078.9736,5264.037,6794.051,7433.556,8956.811,5788.5693,6278.759,5939.204,5330.606,10200.298,9805.463,6788.776,6969.461,8669.252,8878.276,5201.365,11028.059,6516.1094,6567.3223,5664.571,6385.834,
598,120.05510861876733,55.62829,,,,,,,,,,,2783.1353,6250.362,2726.134,6777.2617,8226.348,9987.396,7539.547,6158.666,6738.796,2534.3347,5401.109,7237.5537,5123.255,6841.419,6985.854,8589.834,5433.5117,14285.344,6717.3823,11134.461,6326.6963,6131.965,8130.232,13531.9375,12809.054,7546.86,6878.9165,7915.184,6768.0205,10143.755,0,7015.85,13680.274,5017.234,7290.1445,6219.1694,7052.0903,6268.963,9914.06,14023.189,6787.175,6942.2896,7767.83,8766.357,8482.8,7001.853,8888.561,10793.124,15657.655,6692.8784,6969.338,4317.9956,9675.306,7645.8027,10271.723,4730.0054,9647.659,
140,120.05543384419448,54.317593,,,,,,,,,,,1273.1537,3916.6313,1256.7767,4125.575,5196.7935,5636.9175,4737.636,3242.4656,4085.2366,1152.0157,3298.0415,2939.4001,3145.0134,4059.8435,4314.2827,4605.3755,5209.969,7769.0747,2571.7495,6836.9434,3512.67,3822.1948,5081.396,7416.202,6567.4854,4753.177,4285.4595,6937.7373,5759.205,5364.5913,0,6280.6514,7515.905,3138.305,2804.2244,3677.1514,3975.8882,3407.7979,5331.1226,7409.218,6343.0073,3961.8792,4824.3706,4664.0684,5074.7217,5990.7544,7863.203,6510.0576,8562.464,6375.8374,6512.507,4041.2407,8603.897,4417.129,6299.9834,4388.3896,6260.6406,
581,121.06251981321363,55.6282,,,,,,,,,,,3752.8352,8315.73,3954.4324,9241.719,11218.23,13462.82,10043.637,8243.478,9252.72,3366.088,7032.623,9266.883,6636.001,9310.682,9539.967,11514.414,7448.5015,18945.695,8514.963,14698.137,8502.364,8496.847,10623.451,18028.746,16749.78,10132.315,9407.9,10252.6,8418.217,13710.886,0,8860.49,18338.322,6552.352,9280.746,8312.634,9903.557,8249.54,13406.942,18984.88,9279.819,9432.576,10335.041,11685.22,11338.478,8113.5317,11512.566,14353.15,20984.732,9097.575,9729.914,6022.72,13234.699,10451.834,13804.332,6538.549,13532.811,
149,121.06476889645266,54.31774,,,,,,,,,,,0,5376.509,0,5751.9004,6907.2983,7676.862,6416.3613,4565.6167,5733.9897,0,4405.277,3943.3845,4264.256,5446.684,5974.68,6168.072,6975.175,10305.751,3639.8032,9226.4,4832.2603,5257.492,7034.664,10109.273,8517.158,6366.5366,5952.675,9053.704,8084.909,7429.7773,0,8845.829,9852.03,4396.2627,3882.4082,4991.442,5240.5947,4583.5283,7203.605,9917.975,8765.828,5469.783,6508.0283,6042.221,6759.699,8093.1724,10503.857,9015.472,11868.651,8629.834,8833.726,5726.6216,11615.221,5866.323,8601.4,6020.175,8500.381,
330,121.06501655269578,54.766872,,,,,,,,,,,4953.868,12368.248,4852.34,17303.525,12869.781,16762.957,14326.376,11719.801,16408.623,4359.403,10110.634,7313.9194,9770.885,14118.021,13433.084,14647.246,15143.808,14803.139,6654.544,17179.514,12012.588,14904.324,15217.332,14069.589,16084.331,14378.291,17853.436,21726.559,22795.873,16592.604,0,25210.34,17806.398,13249.616,7260.3867,14932.653,12284.853,11776.787,16298.917,17764.994,21326.805,13432.694,14649.391,14309.199,12329.365,22803.973,23156.83,16763.016,16950.48,21014.396,22299.098,12777.322,26496.975,15589.617,15855.722,13579.304,15473.688,
897,122.06591538824694,56.37167,,,,,,,,,,,991.6806,0,973.6136,0,0,0,0,0,0,945.5989,0,0,0,0,0,0,0,0,0,0,0,0,0,0,0,0,0,0,0,0,0,0,0,0,0,0,0,0,0,0,0,0,0,0,0,0,0,0,0,0,0,0,0,0,0,0,0,
570,122.08101143622721,55.62811,,,,,,,,,,,1309.933,2632.2834,1258.9706,2997.1155,3681.7578,4279.4824,3134.4028,2683.244,2902.2693,1130.2203,2242.6597,2964.9236,2241.244,2922.8618,3128.166,3653.5952,2455.515,5948.222,2793.5083,4609.204,2655.9692,2778.9924,3509.7493,5605.6543,5305.169,3279.1897,2989.9187,3365.8618,2726.2007,4399.062,0,2887.5225,5578.1055,2127.7551,2872.114,2603.5234,3067.558,2707.8142,4162.0244,6018.135,3012.3223,2984.6904,3347.087,3723.009,3618.2263,2733.106,3769.1472,4450.5645,6642.284,2910.0186,3090.0146,1984.8533,4169.181,3294.0664,4397.3564,2152.6492,4252.829,
144,122.08373203808588,54.31765,,,,,,,,,,,0,1672.4475,0,1902.8958,2150.519,2464.2776,2193.532,1530.9052,1812.4214,0,1453.5872,1287.4541,1371.2985,1793.5714,1848.4089,2010.1373,2294.332,3208.9033,1320.2612,2892.5022,1644.3099,1728.5927,2200.197,3173.469,2684.648,1980.7549,1867.0919,2934.0193,2767.2876,2352.5676,0,2924.5286,3155.672,1527.8362,1305.61,1591.7078,1742.6842,1593.3622,2312.868,3144.4023,2757.0542,1815.8829,2111.239,1999.6016,2194.155,2658.912,3360.5947,2837.977,3758.6838,2697.5352,2773.324,1839.4744,3586.305,1881.9932,2673.523,1927.1245,2768.1946,
328,122.08836207568389,54.76687,,,,,,,,,,,1727.0013,4178.498,1668.9565,5896.7207,4404.5547,5775.8066,5101.269,3983.863,5616.0864,1532.8741,3497.8372,2365.326,3488.3577,4810.4297,4627.876,5035.0503,5208.399,5007.1655,2439.0037,5941.6045,4100.8784,5328.507,5187.962,4817.95,5630.4497,4890.7095,6022.2744,7340.423,7765.0557,5772.4155,0,8410.408,6203.5107,4535.104,2403.6106,5118.9673,4255.764,3962.5054,5530.6455,6101.7275,7295.306,4895.0737,5176.8057,5015.261,4239.4155,7897.1055,7964.7207,5769.2925,5892.477,7195.1953,7478.315,4295.3413,9315.797,5418.662,5397.2686,4753.5903,5418.032,
896,123.08076026632064,56.365,,,,,,,,,,,1421.6211,0,1355.2805,0,0,0,0,0,0,1394.5286,0,0,0,0,0,0,0,0,0,0,0,0,0,0,0,0,0,0,0,0,0,0,0,0,0,0,0,0,0,0,0,0,0,0,0,0,0,0,0,0,0,0,0,0,0,0,0,
122,123.08682554743935,54.317364,,,,,,,,,,,0,3084.7793,0,3482.7249,3937.5283,4617.5576,3813.891,2685.0164,3176.3557,0,2658.2915,2369.8447,2506.94,3327.4722,3598.9143,3742.3127,4136.141,5995.7363,2172.0896,5435.501,2813.4424,3080.2122,4240.483,6004.8237,4793.4893,3586.1523,3495.2302,5393.5923,4674.6523,4218.7183,0,5074.68,5860.0283,2501.2905,2313.7292,2903.3767,3084.0164,2835.9526,4239.5444,6024.004,5122.541,3214.81,3963.8767,3573.1975,4116.516,4754.394,6152.496,5236.2695,6869.6436,5041.4404,5205.6064,3215.6143,6760.4634,3393.9395,4984.301,3529.5537,5072.2407,
607,123.09002829759906,55.62838,,,,,,,,,,,2192.2134,4747.474,2373.8079,5305.68,6142.6226,7480.624,5789.6323,4794.5713,5113.129,2080.243,4070.543,5345.572,3812.9192,5256.2134,5440.905,6669.332,4224.749,10509.23,4922.8965,8195.821,4803.866,4732.641,6144.537,10246.783,9686.182,5742.7104,5347.1226,5813.5044,4765.6777,7621.9033,0,5031.7056,10189.757,3833.68,5199.257,4771.242,5585.5293,4753.525,7596.9536,10689.778,5222.026,5271.9824,6008.029,6630.948,6212.246,4656.3433,6650.2017,8202.555,11703.144,5373.789,5522.95,3349.186,7430.1133,5818.6733,7796.202,3648.796,7599.105,
337,123.09493396434279,54.76696,,,,,,,,,,,5174.109,14148.062,4883.608,19821.2,14721.978,19053.918,16173.157,13190.807,18482.107,4642.0557,11569.469,8028.002,11199.896,15930.429,15119.759,16607.857,16971.484,17038.088,7506.009,19139.463,13742.148,17315.635,17434.406,15734.26,18139.121,16036.222,20224.465,24842.338,26415.145,18907.479,0,28161.828,20382.973,15416.852,7895.0864,17262.023,14213.713,13384.994,18435.027,20174.607,24486.715,15882.255,16796.672,16673.244,14208.225,26096.055,27011.357,18981.44,19191.344,24422.898,25161.564,14091.951,30704.023,17711.807,17971.217,15560.564,17674.89,
894,124.06581511283626,56.359325,,,,,,,,,,,5349.576,1252.5103,5373.893,0,1777.2556,0,0,0,0,4916.6,0,0,0,2251.8542,1578.1112,0,0,0,0,0,0,0,0,0,0,1724.2919,0,0,0,0,0,0,0,0,0,0,0,0,0,0,2167.8726,2171.4717,0,0,0,0,0,2205.8696,0,2267.926,2372.9265,0,0,2488.5466,0,0,1895.5839,
133,124.07252398455562,54.317505,,,,,,,,,,,0,1339.4655,0,1626.901,1701.8882,2102.6538,1780.3273,1285.7653,1556.7446,0,1166.9487,1124.4492,1218.572,0,1463.0945,1645.8611,1866.233,2535.8516,1076.4282,2309.6501,1383.0216,1398.3553,1799.6737,2566.9695,2085.6357,1625.9965,1484.8604,2240.1091,2227.9817,1939.1808,0,2228.5017,2465.4062,1245.002,1059.0961,1206.9121,1498.0366,1378.1913,1912.9497,2467.699,2262.596,0,1739.1925,1605.6606,1799.0637,2226.9944,2544.7852,2261.6973,3051.3386,2242.5854,2263.069,1516.4266,2830.6436,0,2111.615,1572.4884,2161.1968,
637,124.07415207502234,55.628765,,,,,,,,,,,0,2004.1798,0,2207.5662,2580.8252,3054.915,2420.997,1935.1746,2070.4407,0,1694.9509,2321.3726,1579.5607,2165.6116,2270.5002,2733.0981,1875.1667,4289.7544,2067.837,3321.3306,2095.4543,2031.07,2577.4001,4107.6753,3956.7786,2444.059,2142.895,2496.2566,2113.307,3195.4126,0,2244.1252,4111.0273,1673.0187,2160.6218,1903.1631,2505.8467,2068.3025,3042.5928,4204.8555,2327.4375,2170.2297,2613.73,2735.2239,2522.8987,2098.1533,2615.2114,3283.6956,4789.0283,2179.3367,2262.0964,1462.7405,3045.5593,2419.264,3030.4954,1533.78,3026.8765,
322,124.0930799517016,54.76678,,,,,,,,,,,1733.9722,4144.6924,1721.0604,6005.587,4339.472,5541.661,4983.863,3853.103,5533.8125,1549.9706,3391.2578,2615.5483,3323.4512,4709.9927,4626.8115,4871.556,4995.14,5020.698,2450.8098,5745.6377,4006.1758,5184.3687,5156.659,4573.2397,5442.873,4772.5474,5956.9077,7215.862,7861.8774,5799.878,0,8348.868,6086.9194,4504.83,2485.7375,5183.844,4198.6685,4060.35,5435.3843,5980.6035,7178.145,4587.412,4994.235,4744.931,4316.3896,7823.4834,7838.965,5528.521,5899.208,7254.9194,7634.8594,4243.7383,9024.076,5246.1943,5348.225,4623.5728,5307.5522,
892,125.04519824297182,56.356663,,,,,,,,,,,1125.1301,0,1163.8375,0,0,0,0,0,0,1115.2311,0,0,0,0,0,0,0,0,0,0,0,0,0,0,0,0,0,0,0,0,0,0,0,0,0,0,0,0,0,0,0,0,0,0,0,0,0,0,0,0,0,0,0,0,0,0,0,
143,125.0758700322753,54.317642,,,,,,,,,,,0,1832.555,0,2073.0537,2316.4849,2603.9126,2102.9307,1659.679,2100.1694,0,1431.7401,1522.3037,1489.4615,2004.294,2060.1611,2124.3772,2406.2412,3311.0415,1467.217,2993.5862,1820.5266,1788.5394,2400.546,3149.9624,2866.332,2131.0317,2067.3188,3072.4312,2704.8396,2504.4436,0,2978.0435,3141.9177,1587.5299,1570.0867,1756.4744,1958.8656,1712.1315,2368.645,3251.1624,3011.084,1942.5917,2250.4631,2157.3325,2210.3115,2777.1775,3315.2278,2934.14,3891.2336,3014.2314,2878.0405,1966.8147,3836.5725,2117.4285,2817.92,2075.616,2789.001,
316,125.07626909169956,54.766727,,,,,,,,,,,1083.4979,1779.7996,0,2246.211,1759.5852,2194.3088,1984.6188,1711.3285,2171.578,1004.9631,1381.527,1202.4148,1337.8728,2023.8192,1874.7761,2018.4904,2131.7249,1930.1533,1227.0588,2165.6194,1649.4456,2083.0369,2104.6326,1927.624,2019.7009,1887.1403,2297.2334,2692.626,2934.9097,2110.2344,0,3169.2302,2310.7957,1786.2194,1274.8777,2064.8088,1781.0804,1787.4099,2100.747,2359.7292,2760.6248,1850.6172,1952.5751,1991.165,1659.0565,2948.4312,2731.4253,2212.8494,2198.4993,2711.5432,2703.6992,1660.8015,3168.0417,2138.9573,2062.6355,1887.2772,2027.1069,
588,125.08050940698331,55.628204,,,,,,,,,,,1457.9967,2854.3508,1495.7253,3092.7358,3632.2727,4287.531,3256.4514,2816.87,3080.244,1404.4847,2342.7607,3153.8997,2191.8772,3160.1218,3109.5989,3643.4763,2487.5596,5832.9844,2876.7307,4693.0044,2862.787,2908.6296,3454.4678,5528.137,5320.0635,3324.9255,3076.2761,3319.9539,2783.0508,4392.0923,0,2878.222,5521.9004,2254.4812,3018.9048,2831.6106,3073.9048,2853.237,4217.7305,5878.4814,3132.4358,2978.9602,3455.3716,3903.4812,3552.3298,2676.288,3702.6492,4606.3486,6597.27,3174.1343,3165.859,1993.4841,4155.952,3436.5564,4394.849,2248.6719,4163.709,
204,126.03558908005517,54.320835,,,,,,,,,,,0,0,0,0,0,0,0,0,0,0,0,0,0,0,0,0,0,0,0,0,0,0,0,0,0,0,0,0,533.1468,0,0,563.1046,0,0,0,0,0,0,0,0,563.20886,0,0,0,0,583.4031,549.0415,0,0,0,0,0,598.55707,0,0,0,0,
699,126.0361848141061,55.632504,,,,,,,,,,,0,0,0,0,0,0,0,0,0,0,0,0,0,0,0,0,0,0,0,0,0,0,0,0,0,0,0,0,592.4982,0,0,584.3171,0,0,0,0,0,0,0,0,614.01666,0,0,0,0,594.5865,600.019,0,0,0,0,0,616.7352,0,0,0,0,
429,126.04348366373154,54.774166,,,,,,,,,,,0,0,0,0,0,0,0,0,0,0,0,0,0,0,0,0,0,0,0,0,0,0,0,0,0,0,0,0,951.47955,0,0,984.5796,0,0,0,0,0,0,0,0,880.45764,0,0,0,0,930.1089,934.57697,0,0,0,0,0,1018.4142,0,0,0,0,
424,126.99727082966542,54.77024,,,,,,,,,,,0,0,0,0,0,810.695,0,0,0,0,0,0,0,0,0,0,0,714.6394,0,875.8124,0,0,0,694.13043,740.8954,0,934.9333,918.7185,1129.1625,876.26776,0,1274.0167,902.36774,0,0,0,0,0,0,855.0118,997.5783,0,0,0,0,1237.916,1084.1769,0,929.4786,933.43774,1068.8467,0,1200.5979,0,775.6764,0,720.91895,
201,127.04172864016589,54.32072,,,,,,,,,,,0,0,0,0,0,633.68195,0,0,0,0,0,0,0,0,0,0,0,701.52106,0,726.9222,0,0,0,703.40436,630.25433,0,563.2435,605.17847,767.8418,559.3086,0,765.6581,779.6868,0,0,0,0,0,0,704.53876,736.353,0,0,0,0,724.9771,689.6087,0,851.2416,625.3995,672.84015,0,775.39264,0,599.8006,0,651.5145,
682,127.04445348898746,55.630005,,,,,,,,,,,0,0,0,0,0,872.6241,0,0,0,0,0,0,0,0,0,0,0,1036.8395,0,988.70056,0,0,0,1007.6005,944.0033,0,678.2553,728.2563,899.66425,940.94147,0,855.3606,1139.8899,0,0,0,0,0,0,1225.2546,760.7496,0,0,0,0,789.6005,792.35925,0,1203.353,704.68195,691.17554,0,877.09186,0,878.74896,0,905.67145,
340,128.01108368604577,54.76698,,,,,,,,,,,0,1490.1929,0,2077.544,1453.5505,2041.6881,1703.3785,1418.6663,1980.081,0,1131.5623,944.9882,1143.0739,1707.8878,1614.1782,1732.9712,1782.7241,1685.6368,908.3233,2128.2153,1527.3308,1765.0491,1868.032,1626.8215,1880.0961,1805.7349,2148.8984,2350.8198,2612.1675,1927.0553,0,2873.3965,2081.1584,1537.136,937.40735,1824.4878,1405.8431,1481.6757,1882.2874,2097.4453,2444.081,1575.2521,1716.1432,1717.9127,1447.0889,2612.2153,2616.2915,2004.2429,2009.3031,2396.546,2614.6228,1373.3018,2954.323,1914.4518,1929.4812,1678.9944,1833.408,
621,128.01194031031415,55.628574,,,,,,,,,,,0,914.2363,0,998.50836,1075.1691,1418.5802,1062.693,899.3805,983.38806,0,702.6509,998.17816,728.6744,990.40045,1058.4792,1219.8094,847.64136,1813.3193,965.305,1470.3386,919.6113,936.36255,1148.3096,1718.0013,1655.8065,1119.5256,986.9291,980.93854,942.92773,1358.6437,0,976.45404,1810.7421,681.5636,1040.321,912.36285,987.13275,939.73096,1389.5907,1851.4175,902.3416,975.41907,1076.3982,1191.5223,1083.4652,954.6957,1127.0323,1532.7878,2060.434,1029.6721,1018.8349,665.949,1372.5466,1083.2965,1447.0134,743.72375,1286.3419,
106,128.01355903040178,54.31718,,,,,,,,,,,0,650.1095,0,721.55804,745.9212,871.3923,755.6283,569.5662,650.9127,0,455.98495,492.57077,470.97647,701.9444,706.9516,804.53876,781.7659,1063.0259,489.08728,1063.4584,597.5074,629.45703,800.73553,1016.3151,921.5714,738.7545,689.45996,921.9686,899.04346,797.4423,0,990.7185,1091.1857,479.07977,540.58093,583.49365,615.6273,600.7512,870.5685,1082.2749,1010.57635,633.4315,777.64105,728.0909,798.8911,962.8225,1050.2465,1093.3256,1328.6895,1019.30634,1058.2474,631.53906,1222.254,699.0461,1005.46063,707.84796,950.4175,
832,129.0,56.22,,,,,,,,,,,0,0,0,0,0,0,0,0,0,0,0,0,0,0,0,0,0,0,0,0,0,0,0,0,0,0,0,0,5823.421,0,0,4720.492,0,0,0,0,0,0,0,0,0,0,0,0,0,6728.1616,0,0,0,0,0,0,0,0,0,0,0,
375,129.00368875781538,54.767406,,,,,,,,,,,1890.7183,3536.1958,1828.6051,4640.785,3104.8445,4572.409,4275.3853,3506.7793,4520.396,2006.4802,2690.9116,2567.7463,2695.009,4277.7925,3566.4153,4149.26,4294.328,3751.5325,2551.437,4538.4062,3883.307,4165.5796,4295.397,3785.4492,3963.926,3926.0686,4716.55,5257.5444,6769.518,4508.3516,0,6910.2446,4950.2134,3522.7014,2712.8647,3826.028,3521.212,3732.3025,4521.884,4888.669,5655.984,3996.1858,4098.43,3971.9883,3554.1658,6387.304,5470.8857,4319.6055,4630.867,5334.771,5711.8516,3577.0886,6673.8716,4436.081,4310.906,3671.52,4087.6807,
614,129.0050029258746,55.62847,,,,,,,,,,,1514.8208,2329.8772,1512.4773,2842.5957,2660.8193,3636.475,3317.0115,2577.659,2744.6482,1734.0533,2006.5443,2850.293,2047.4257,3085.5393,2575.3008,3310.6152,2525.4783,4452.412,2860.373,3981.6406,2975.7793,2468.9124,3189.1948,4446.236,4011.2065,2747.335,2697.9944,2969.377,3720.7947,3641.4119,0,3552.3528,4858.4604,2072.2986,2796.9365,2305.8425,2857.0017,2791.4377,3780.8796,4888.3184,3133.0957,3054.3242,2976.624,3142.2886,3047.5593,3702.2144,3097.442,3799.785,5374.6367,2550.4404,2644.0813,2200.0427,3561.722,2964.5828,3596.7908,1818.4093,3450.168,
724,129.00519178449494,55.713333,,,,,,,,,,,1461.37,0,1441.135,0,0,0,0,0,0,1612.3203,0,0,0,0,0,0,0,0,0,0,0,0,0,0,0,0,0,0,0,0,0,0,0,0,0,0,0,0,0,0,0,0,0,0,0,0,0,0,0,0,0,0,0,0,0,0,0,
85,129.0069884470822,54.316845,,,,,,,,,,,0,1739.578,0,2147.2393,1880.424,2506.6018,2484.2559,1720.8582,2087.274,0,1365.6797,1489.4185,1468.2991,2185.382,1885.3678,2096.6116,2488.3098,2864.3328,0,2858.3909,1994.8492,1825.4586,2289.6975,3012.5151,2275.7253,1914.9624,2103.6777,2767.8052,0,2236.5054,0,0,3149.6106,1569.084,1531.9984,1497.8451,2063.6162,1915.1066,2443.9111,3017.4324,2931.1426,2148.5818,2164.8132,2022.4534,2244.031,0,2891.3533,2619.6619,3548.4583,2451.325,2582.1177,2229.0356,3415.0686,1866.4263,2518.4707,1845.03,2450.8518,
711,130.00156245419439,55.704998,,,,,,,,,,,653.9843,0,670.01013,0,0,0,0,0,0,731.66327,0,0,0,0,0,0,0,0,0,0,0,0,0,0,0,0,0,0,0,0,0,0,0,0,0,0,0,0,0,0,0,0,0,0,0,0,0,0,0,0,0,0,0,0,0,0,0,
109,130.01489521893365,54.317215,,,,,,,,,,,0,838.1994,0,1008.12946,935.5708,1195.5623,1010.168,837.48676,952.3681,0,651.4011,722.9222,642.39,1038.0438,935.1118,979.1504,1154.4927,1323.0281,796.7022,1326.1389,974.2756,872.74304,1088.1229,1370.0452,1060.288,869.1909,1015.8565,1256.9092,1493.9803,1083.3456,0,1427.7584,1403.5309,692.4897,847.32135,751.62244,881.0258,850.9441,1058.0049,1419.3427,1307.9833,945.43774,985.6342,979.02515,978.73816,0,1390.6158,1267.8005,1691.2125,1243.758,1244.8555,909.61,1628.4397,992.5894,1105.6084,944.4805,1201.7686,
397,130.0172198916228,54.76776,,,,,,,,,,,998.6051,1625.864,996.0294,2384.5393,1402.648,2178.065,2034.3423,1793.7761,2245.9824,1061.3154,1270.2174,1352.2681,1317.1292,2066.8213,1617.0549,1855.2396,2084.7346,1915.0226,1292.63,2165.3057,1871.2527,1974.7477,2155.155,1843.1292,1814.0696,1722.1962,2373.299,2537.2944,3532.2332,2053.9114,0,3666.8242,2232.6182,1746.7048,1384.5568,1873.1337,1520.1896,1695.6248,2092.2922,2281.1294,2811.3772,1862.1272,1958.6976,1850.1664,1632.2449,3404.4578,2686.7378,1981.4606,2222.976,2700.3005,2664.0586,1754.8287,3134.2834,2092.025,1867.5835,1698.2001,1927.7993,
553,130.0180058827747,55.627934,,,,,,,,,,,718.94147,1200.9163,742.3877,1313.3285,1311.492,1657.7875,1492.2478,1308.9353,1237.3969,726.5541,952.86206,1377.6218,928.5482,1387.0245,1249.0657,1505.0748,1231.9016,2183.754,1410.6129,1896.0442,1345.5809,1177.3893,1480.7,2005.22,1917.8892,1258.4913,1298.3351,1363.5198,1692.3632,1712.8882,0,1713.2164,2213.5828,903.1347,1442.233,1114.8888,1296.24,1311.2347,1704.0859,2349.086,1345.5521,1321.2858,1440.3854,1545.7214,1460.6943,1690.6499,1509.3282,1827.1033,2495.3425,1264.5142,1367.3704,998.5577,1665.6682,1357.3014,1609.0197,938.95355,1633.3031,
717,131.00463242044216,55.71167,,,,,,,,,,,1881.1648,0,1852.8091,0,0,0,0,0,0,1765.353,0,0,0,0,0,0,0,0,0,0,0,0,0,0,0,0,0,0,0,0,0,0,0,0,0,0,0,0,0,0,0,0,0,0,0,0,0,0,0,0,0,0,0,0,0,0,0,
338,131.01409291758665,54.76696,,,,,,,,,,,3453.7947,7472.7095,3512.1348,10441.077,7460.315,9539.553,8608.088,7284.241,9912.242,3122.9814,5655.2695,4969.5522,5572.428,8763.525,8067.4346,8466.264,8898.935,8530.05,4656.4,10154.515,7440.1484,8895.635,9230.732,7765.988,9348.616,8799.964,10823.067,11648.822,13565.461,10126.835,0,15087.943,10351.671,7323.34,5033.227,8988.569,6873.785,7271.1807,9599.512,10592.274,12414.951,8198.652,8956.135,8810.643,7262.92,13513.757,12772.316,9867.346,9888.401,12491.03,13069.331,7146.3076,15766.003,9426.793,9420.23,8369.041,9072.627,
599,131.01484876735566,55.62829,,,,,,,,,,,2721.1187,5271.397,2824.967,5885.61,6601.6157,7888.852,6052.9473,5197.1665,5614.5137,2538.375,4018.1128,6045.5615,3917.4062,5799.999,5913.1006,7199.0786,4761.3613,10758.748,5746.443,8908.161,5454.8633,5115.1504,6631.703,9785.105,9919.566,6306.5664,5842.0015,6028.7886,5520.0034,8456.44,0,6097.41,10557.961,3886.1948,5999.5933,5169.6177,5555.49,5287.98,8052.477,11184.379,5836.252,5598.04,6414.0776,7304.788,6586.708,5501.5107,6845.157,8790.012,12327.382,5856.654,5850.3867,3509.1814,8015.249,6579.6895,8431.46,3947.7654,7969.8296,
111,131.01511062828507,54.317272,,,,,,,,,,,0,3568.723,0,3795.2847,4159.1,5032.4375,4207.7256,3246.293,3832.5652,0,2783.3108,3029.8975,2660.2256,3853.218,3893.3152,4030.2864,4665.425,6459.235,2850.0383,5789.7534,3450.5378,3627.814,4579.377,5981.668,5332.415,4266.395,4048.5217,5596.9985,5398.403,4815.5864,0,6087.1875,6359.6416,2768.14,2890.4119,3342.413,3407.0596,3396.8293,4677.156,6302.523,5640.1504,3510.129,4291.508,4050.618,4416.0913,5393.84,6374.693,5862.2524,7497.5874,5481.1606,5565.2188,3569.57,7667.745,4125.876,5371.556,4060.8855,5441.196,
718,132.03854637300148,55.71167,,,,,,,,,,,646.816,0,660.2393,0,0,0,0,0,0,598.50244,0,0,0,0,0,0,0,0,0,0,0,0,0,0,0,0,0,0,0,0,0,0,0,0,0,0,0,0,0,0,0,0,0,0,0,0,0,0,0,0,0,0,0,0,0,0,0,
97,132.04081827981057,54.316982,,,,,,,,,,,0,1078.0941,0,1242.7208,1382.1857,1517.662,1301.9604,1014.50476,1141.2792,0,843.26154,886.2357,795.92316,1206.4504,1285.7781,1315.9232,1434.7339,2038.0284,882.4485,1830.1226,1090.4913,1171.4927,1495.2168,1887.6793,1630.5325,1315.3485,1290.2726,1681.3828,1650.8878,1528.3573,0,1803.3129,1907.5623,878.2818,931.95197,1003.42267,1085.2155,1079.4557,1501.472,1998.4828,1759.6234,1067.9183,1370.6571,1328.3733,1353.6731,1635.7966,1917.4551,1895.7944,2425.03,1788.6548,1832.3207,1150.4374,2421.946,1218.7927,1814.8134,1325.5083,1760.3318,
561,132.0420780491196,55.62802,,,,,,,,,,,919.78455,1752.8065,902.5894,1928.7656,2133.288,2628.295,1942.7875,1705.373,1833.4816,845.3616,1356.0062,1873.6803,1312.8624,1976.9205,1981.3629,2303.6387,1519.0555,3541.236,1846.8116,2956.7732,1755.1069,1744.7542,2174.791,3245.8418,3136.5002,2022.5946,2029.3616,1943.233,1948.1101,2627.3975,0,1993.6168,3447.8447,1318.3419,1930.7803,1700.4064,1858.4865,1685.7499,2599.115,3470.431,1928.3341,1820.3243,2118.1436,2317.2556,2192.4507,1957.3752,2227.5266,2782.0635,3912.709,1903.3018,1912.9548,1134.1412,2608.9595,2092.705,2757.1313,1358.7313,2592.194,
339,132.04602390713578,54.76696,,,,,,,,,,,1082.93,2376.9448,1079.5568,3195.79,2339.1206,2999.3481,2764.4087,2340.648,2987.2925,991.39197,1803.7192,1533.068,1702.0824,2755.9246,2661.3472,2756.1006,2718.7185,2711.762,1497.1779,3109.152,2303.2412,2826.745,2909.6384,2495.3455,2861.5918,2873.7554,3300.1304,3614.9045,4255.5557,3241.127,0,4633.043,3114.458,2271.4387,1622.2979,2784.924,2285.943,2275.351,3049.5007,3321.3918,3938.5952,2571.5635,2758.4358,2696.8381,2303.845,4342.7017,4070.0325,3237.7356,3204.9033,3922.8572,4144.9272,2249.3533,4835.7256,3000.992,3028.1638,2596.4917,2864.405,
811,133.0,56.2125,,,,,,,,,,,0,0,0,0,0,0,0,0,0,0,0,0,0,0,0,0,0,0,7970.555,0,0,0,0,0,0,0,0,0,28635.736,0,0,23230.95,0,0,0,0,0,0,0,0,0,0,0,0,0,32172.193,0,0,0,0,0,0,0,0,0,0,0,
66,133.00914861854582,54.31647,,,,,,,,,,,0,6332.555,0,6282.606,6800.8374,7381.054,6788.1533,0,6203.374,0,4176.114,0,4255.0054,6041.69,6493.513,6358.294,6935.1055,8933.065,0,8613.416,0,5615.531,7429.94,8092.691,8170.5093,6949.147,6496.2446,7625.8047,0,7438.8105,0,0,8986.503,4273.9473,0,5701.4326,5097.741,0,7161.843,9412.2295,8473.898,5430.7734,6954.6733,6675.092,6480.133,0,8827.888,8890.004,10457.082,8305.679,8480.974,5266.5977,10586.357,6726.3667,8488.05,6506.9907,7909.0786,
601,133.01317398189252,55.628323,,,,,,,,,,,5419.116,8814.864,5637.9443,8772.6875,9728.736,12071.608,9798.219,9161.633,9184.287,5391.5786,6765.4497,10899.536,6579.557,9550.209,9356.571,10327.784,7591.0415,14760.166,10538.908,12810.441,9818.737,8355.144,10617.834,13384.657,14161.825,10023.758,8678.596,9389.177,0,12582.465,0,13333.066,15680.28,5965.1274,11287.173,8545.591,8147.043,9619.418,11577.815,15765.382,9371.595,8689.007,10312.967,10739.314,9554.371,0,10566.331,12676.047,16610.225,9057.244,9549.003,5904.59,12361.71,10474.182,12428.041,7183.252,11752.703,
331,133.02877727685214,54.766872,,,,,,,,,,,8834.879,18288.023,8474.421,23250.71,17635.254,22450.863,20412.45,17520.588,22254.16,7878.8467,13497.711,13756.075,13209.726,20064.299,19201.867,19759.557,20352.996,20046.486,12296.22,23324.734,18110.65,20479.16,21805.736,17958.836,22347.182,20589.664,23756.111,26622.844,32811.41,23194.703,0,35004.152,24713.686,16701.398,13178.339,20741.363,15502.453,17190.2,22077.64,25245.91,28319.709,18471.592,21311.39,20064.596,16836.441,32448.178,29338.357,23005.936,22288.127,28393.8,29314.309,16278.431,35227.902,22364.95,22008.812,19092.432,21183.525,
809,134.00284067593998,56.206,,,,,,,,,,,0,0,0,0,0,0,0,0,0,0,0,0,0,0,0,0,0,0,3331.7842,0,0,0,0,0,0,0,0,0,14423.989,0,0,11383.605,0,0,0,0,0,2368.0393,0,0,0,0,0,0,0,16669.252,0,0,0,0,0,0,0,0,0,0,0,
750,134.0078274812063,55.716663,,,,,,,,,,,2600.6328,0,2702.7976,0,0,0,0,0,0,2463.2478,0,0,0,0,0,0,0,0,0,0,0,0,0,0,0,0,0,0,0,0,0,0,0,0,0,0,0,0,0,0,0,0,0,0,0,0,0,0,0,0,0,0,0,0,0,0,0,
256,134.0308466173332,54.765526,,,,,,,,,,,2002.93,3655.1233,2000.138,4133.844,3276.2083,4340.262,4347.2144,3656.7136,4307.3623,1870.9376,2721.5286,3321.9468,2728.3787,3999.5034,3822.5898,3625.1829,3931.403,3780.6384,3076.7473,4447.115,3875.1328,3925.0857,4299.173,3326.4954,4349.625,3988.5947,4424.485,5043.2007,7450.044,4471.5107,0,7469.0103,5029.7505,3114.295,3301.3723,4050.5786,2920.0432,3711.1553,4306.654,4849.6973,5306.338,3675.4785,4333.556,3697.7766,3200.513,7154.5625,5451.8135,4371.668,4433.191,5106.1826,5312.1187,2981.3054,6630.5176,4500.9385,4086.3298,3567.0122,4098.005,
564,134.0350342396401,55.628025,,,,,,,,,,,1772.4884,3032.614,0,2999.075,3584.413,4330.2046,3738.5774,3265.4995,3242.2246,0,2533.9207,3998.8538,2364.9429,3555.0012,3250.7935,3766.89,2712.899,5485.9683,4131.934,4680.2734,3484.6309,2999.8914,3767.0916,5203.8843,5355.5522,3437.19,3052.7842,3634.4607,0,4507.476,0,0,5964.8955,2127.6055,3985.6526,2881.3818,3085.8254,3481.1648,4354.589,5932.2734,3295.0566,3331.5496,3671.3267,3650.73,3584.078,0,3943.0308,4644.2324,6290.8125,3246.0364,3277.7476,2083.8184,4460.72,3733.9695,4403.8496,2436.6133,4135.77,
67,134.0367079705701,54.31648,,,,,,,,,,,0,1944.5792,0,1970.0442,2152.7673,2384.4504,2320.5505,0,1928.9326,0,1370.9529,0,1412.78,1983.2135,2081.0984,2145.2566,2338.5615,3113.9304,0,2966.2246,0,1788.4413,2353.249,2933.9192,2685.7773,2068.9336,2095.2703,2594.6426,0,2421.2837,0,0,3164.6135,1437.5708,0,1851.9268,1658.3446,0,2413.739,3220.4111,2916.2422,1705.9264,2315.437,2209.564,2149.3767,0,3106.292,2893.9333,3687.3416,2770.8748,2822.5613,1828.6201,3652.9983,2089.694,2882.5325,2063.749,2713.7356,
852,135.00630079187377,56.24167,,,,,,,,,,,3641.1687,0,3836.0972,0,0,0,0,0,0,3503.6367,0,0,0,0,0,0,0,0,0,0,0,0,0,0,0,0,0,0,14109.973,0,0,11377.7,0,0,0,0,0,0,0,0,0,0,0,0,0,15850.313,0,0,0,0,0,0,0,0,0,0,0,
161,135.03744448769186,54.317867,,,,,,,,,,,0,5325.389,0,5348.539,5718.576,6338.8184,5797.062,4694.15,5189.7744,0,3605.0422,4355.345,3559.2842,5613.659,5497.193,5429.6094,5930.508,7672.033,0,7266.5664,4878.1167,4742.3774,6216.3794,6985.094,6782.928,5979.0176,5567.2993,6534.7363,0,6299.4067,0,0,7527.0786,3666.3633,4363.994,4611.1006,4500.842,4750.0034,6127.6494,7853.854,7161.7246,5014.92,5765.939,5641.1484,5405.124,0,7544.256,7335.176,8821.119,7191.059,7277.1997,4673.8145,8629.507,6214.332,6976.413,5495.2896,6785.7593,
323,135.04119999265959,54.76678,,,,,,,,,,,4604.409,8828.472,4579.2964,10731.62,8221.199,10393.971,9455.361,8159.1367,10436.535,4173.07,6454.2153,6263.747,6181.039,9551.49,8833.782,9338.013,9572.74,9148.291,5568.009,10911.351,8201.097,9347.525,9963.1875,8210.6045,9895.071,9564.473,10770.717,11605.864,13984.068,10735.488,0,15136.287,11144.484,7709.01,6132.2495,9718.163,7530.562,8118.7056,9981.336,11118.577,12888.522,8665.18,9833.743,9320.096,7913.175,13658.874,13037.741,10491.042,10461.523,13088.799,13285.6455,7596.5493,15596.71,10755.713,10259.624,9122.367,9839.347,
619,135.04127761185063,55.62856,,,,,,,,,,,4128.412,7171.584,4324.668,7421.251,8205.936,9635.866,7649.261,7063.059,7251.12,3867.1228,5274.517,7592.9146,5150.041,7470.4873,7809.1807,8518.117,6103.8174,12389.94,7360.8105,10521.469,7203.226,6695.7124,8459.9795,11288.52,11762.897,8102.9644,7369.961,7212.7256,7570.358,10141.211,0,7953.1963,12255.887,5087.08,7665.1064,6781.574,6910.094,6924.8125,9521.066,12964.286,7414.394,6873.495,8114.1123,8875.468,8100.399,7517.9917,8475.191,10513.592,14176.173,7510.586,7658.815,4742.4746,9688.811,8311.563,10087.596,5809.8936,9723.77,
833,136.01120464619746,56.22,,,,,,,,,,,0,0,0,0,0,0,0,0,0,0,0,0,0,0,0,0,0,0,0,0,0,0,0,0,0,0,0,0,1785.118,0,0,1523.2739,0,0,0,0,0,0,0,0,0,0,0,0,0,1948.3302,0,0,0,0,0,0,0,0,0,0,0,
120,136.04639481165472,54.31736,,,,,,,,,,,0,1464.7142,0,1526.9415,1633.3099,1876.76,1700.2014,1301.4789,1520.6084,0,1059.7345,1119.8591,1027.2877,1576.242,1599.1173,1542.9336,1721.2412,2358.526,1032.2478,2185.645,1301.2106,1329.2593,1793.6384,2254.8237,2101.6453,1593.7855,1605.4586,2078.7715,2026.7173,1814.7002,0,2129.596,2400.7705,1109.1964,1107.4633,1297.4136,1373.2657,1301.9526,1702.1611,2247.8613,2202.7559,1477.2474,1737.135,1607.7427,1583.1138,2064.9,2348.1794,2164.1196,2787.8584,2061.2422,2220.425,1343.0824,2679.3762,1645.5051,2195.3943,1512.459,1992.5416,
589,136.05018821237675,55.628204,,,,,,,,,,,1138.0101,2230.1958,1107.4962,2258.2788,2611.3337,3187.3606,2384.4675,2096.2466,2229.435,1097.6715,1670.3066,2437.2,1513.7695,2343.5986,2458.0974,2845.6367,1846.6636,4286.963,2160.6326,3513.5076,2209.054,2147.888,2680.0745,3932.2227,3856.777,2542.2644,2314.591,2248.4314,2160.0498,3341.1868,0,2264.2383,4241.7695,1562.7081,2347.6719,2116.628,2251.8638,2044.3099,3057.0427,4304.509,2256.1448,2295.7764,2559.5903,2848.0923,2472.3337,2130.8372,2749.3867,3400.3296,4744.1787,2297.4329,2325.5537,1431.2207,3133.253,2551.4429,3228.206,1629.9598,3141.0967,
261,136.05814348139137,54.765797,,,,,,,,,,,923.17,1524.2036,976.15204,1840.7898,1607.511,1817.0187,1737.9863,1413.6776,1873.254,855.7368,1108.0487,1032.6433,1049.2289,1613.3789,1603.5728,1612.7614,1695.19,1550.781,970.5979,1988.3563,1410.2554,1650.2026,1785.1945,1500.9365,1887.6489,1812.5852,1867.3665,1982.3978,2221.1484,1986.9579,0,2540.5127,1883.9712,1333.3962,1086.3312,1678.2556,1297.0879,1392.3737,1824.6633,2002.7189,2195.73,1508.5884,1751.172,1744.7081,1462.4939,2233.3386,2158.0066,2116.3682,1896.2766,2188.0571,2395.5864,1351.1504,2659.9863,1820.503,1885.5103,1449.6263,1859.7267,
65,137.05089057034638,54.316387,,,,,,,,,,,0,1221.8899,0,1598.0386,1555.763,1978.7463,1597.2426,1255.2928,1527.762,710.35895,1060.4512,1021.16016,1107.5328,1571.1722,1441.4972,1634.5305,1855.0859,2334.191,1019.58093,2180.0676,1426.0333,1380.6626,1732.4485,2412.7502,1903.3047,1393.6312,1528.6208,2167.863,2119.3684,1707.0013,0,2215.066,2348.7002,1206.7526,961.0219,1250.6143,1418.5574,1510.4086,1882.901,2369.5786,2228.047,1490.2922,1545.7454,1494.1337,1718.5426,2151.4397,2382.47,2105.1838,2908.5403,2067.8257,2022.6522,1490.3939,2695.645,1422.623,1937.714,1423.5083,1955.5488,
584,137.0589710430627,55.6282,,,,,,,,,,,992.90356,2069.8525,1060.9915,2300.8293,2700.1978,3135.655,2446.3816,2040.0817,2282.1367,976.99084,1606.4384,2372.489,1645.7689,2215.138,2339.1787,2890.322,1848.9199,4373.9624,2071.483,3530.2021,2074.1436,2080.4177,2656.5151,4022.3887,3919.703,2402.2751,2222.2297,2350.118,1987.7872,3394.1487,0,2149.0945,4164.701,1616.1553,2249.5488,2082.1523,2298.429,2011.4181,3107.247,4440.066,2319.8667,2220.5918,2561.8691,2926.6133,2687.8728,1963.6031,2674.3848,3514.5413,4845.317,2300.5483,2398.7114,1368.9359,3103.295,2513.1707,3345.7375,1646.5496,3106.8726,
324,137.06186497601738,54.76678,,,,,,,,,,,2133.0884,5219.804,2046.596,7272.368,5488.1357,7148.1445,6106.675,4884.252,6988.9253,1777.2188,4076.0752,3027.3857,4007.3894,5940.389,5540.9854,6111.8965,6288.89,6211.7046,2782.0908,7349.5425,4917.2397,6390.1167,6378.7266,5744.821,7088.035,6031.7417,7362.126,8559.034,9464.988,7287.7603,0,10302.9,7280.852,5383.802,2975.5413,6341.0654,5072.209,4963.061,7000.879,7617.3003,8985.57,5599.4,6208.953,6248.775,5269.3525,9280.925,9486.377,6994.2974,7180.2256,8925.468,9253.02,5036.779,11260.266,6640.5464,6571.8896,5907.1963,6523.9434,
128,138.04856915640093,54.317448,,,,,,,,,,,0,0,0,525.286,487.80386,679.61786,537.8297,403.06537,520.13696,0,0,0,0,498.4374,480.14188,553.71265,671.4443,735.3599,0,759.5201,492.79437,505.15692,587.02386,802.6911,688.12225,463.9284,509.45145,689.7185,714.24646,530.6656,0,794.9088,785.0752,0,0,0,498.82904,497.14612,589.56586,671.66266,724.34357,547.1046,575.4139,474.78653,565.14514,703.9902,800.965,680.6061,935.1615,661.57764,644.5786,518.97943,819.4534,520.256,630.4632,493.29126,674.11444,
604,138.06119841891015,55.628357,,,,,,,,,,,0,821.304,0,948.4851,1016.92773,1300.6279,998.4047,841.3282,858.2187,0,673.3867,793.6247,637.7748,864.6211,954.85126,1148.768,800.7261,1739.3102,0,1461.5112,784.20825,859.45404,1054.4865,1596.0131,1555.9883,952.168,904.25305,994.65967,868.76886,1318.5264,0,922.7339,1612.6528,649.5518,859.8748,750.7656,953.9771,857.0229,1193.7192,1689.7719,949.9506,883.356,1064.4086,1167.9994,1055.2517,836.2596,1135.0536,1334.4076,1886.8954,919.4338,876.70544,648.10724,1237.6084,1021.23016,1329.1691,656.2517,1234.9055,
255,138.06978459974837,54.765476,,,,,,,,,,,0,1346.0853,0,1967.0553,1461.6149,2085.1013,1683.746,1320.7437,1819.0916,0,1155.3481,863.81757,1128.5305,1593.1498,1522.1648,1878.4717,1739.5028,1742.6696,0,1899.2589,1351.8555,1617.4403,1774.9686,1636.2827,1700.1091,1611.8221,1995.8627,2247.2336,2582.4915,2081.73,0,2817.1804,1901.3622,1413.8765,838.59265,1695.7764,1520.4489,1420.7682,1930.6881,1885.9751,2390.8245,1504.7924,1657.6345,1845.9677,1360.6388,2611.6865,2659.7869,1801.4865,2042.0078,2392.0598,2501.9133,1391.3207,3018.2668,1711.0481,1700.337,1571.4946,1716.5276,
196,139.06916724056717,54.319813,,,,,,,,,,,0,0,0,401.67474,0,475.11407,403.2916,0,0,0,0,0,0,0,0,0,468.27786,540.35144,0,492.97778,0,0,450.81824,543.6221,432.425,0,0,489.102,507.3877,439.39163,0,508.94214,527.3305,0,0,0,0,0,438.23505,550.491,516.3449,0,0,0,433.80157,491.2635,531.46814,462.66165,631.95715,509.1314,477.96927,0,594.0556,400.15985,446.10135,0,504.65576,
655,139.07643104452046,55.629147,,,,,,,,,,,0,680.745,0,803.13043,821.68555,1011.8418,817.9434,676.15265,790.98755,0,551.40894,796.3416,553.59595,749.9706,728.14124,867.32886,621.42334,1500.3838,736.7287,1130.5159,674.3684,697.5541,817.9542,1292.5698,1238.8679,831.4554,758.8536,766.12585,714.5982,1124.0236,0,752.9886,1308.9258,545.46387,710.62866,700.5538,772.2285,707.33215,1055.7695,1403.0111,804.5502,766.1383,859.82837,898.79504,878.117,702.20953,881.9359,1078.2877,1535.9353,733.7777,760.00555,536.4737,1017.4678,787.9807,1050.4459,571.56226,1045.6512,
356,139.0871989103368,54.76717,,,,,,,,,,,0,1847.5558,0,2613.4934,2049.248,2548.8726,2212.7686,1815.1537,2551.46,0,1502.5217,1104.2233,1484.5809,2113.695,1965.7493,2229.8728,2256.4478,2309.529,1034.6117,2433.115,1845.4904,2323.8254,2299.895,2141.0386,2440.2588,2089.4067,2650.0972,3179.5571,3473.5427,2501.966,0,3770.3984,2762.6401,1946.0269,1137.1759,2342.4456,1888.7764,1850.881,2483.322,2688.0781,3277.8242,2046.848,2321.2573,2257.137,1937.0723,3410.3691,3353.702,2490.5728,2625.0645,3343.5305,3296.027,1903.4465,4033.9993,2403.7817,2454.6143,2045.341,2406.0164,
419,141.01176886577542,54.77001,,,,,,,,,,,0,0,0,1076.5289,0,985.9902,904.30176,0,943.9882,0,0,0,0,0,0,0,855.65546,880.02155,0,1038.6744,0,0,930.01276,777.53937,930.6656,921.55963,1035.1122,1082.1913,1334.9519,1085.0281,0,1424.4276,1097.7731,0,0,894.6548,0,0,948.6084,1070.9183,1262.1765,0,923.95,929.71265,0,1271.8594,1278.1082,992.0379,1006.8947,1195.7754,1265.3766,0,1429.2412,933.1383,967.57306,807.6084,954.77216,
202,141.02559957522112,54.320747,,,,,,,,,,,0,0,0,459.44098,0,495.88525,414.6185,0,435.0281,0,0,0,0,0,0,0,444.04315,547.29944,0,558.86725,0,0,456.45602,596.812,511.2576,401.00327,446.08597,531.1579,522.09546,480.6319,0,590.23535,590.7656,0,0,0,0,0,491.66788,625.8987,532.37463,0,463.102,414.5469,0,538.80585,595.1618,570.20496,711.39197,563.92773,580.5861,0,691.18567,415.7934,578.08075,414.29227,567.9686,
697,141.0297019325503,55.63133,,,,,,,,,,,0,0,0,655.8578,0,822.9631,693.391,0,650.1246,0,0,0,0,0,0,0,535.36774,990.202,0,845.0369,0,0,751.0222,1015.3341,916.6434,732.04675,570.75745,580.87445,612.06146,872.4358,0,672.9575,1025.7202,0,0,571.3511,0,0,847.2517,1061.1183,611.55804,0,720.98236,729.81104,0,587.56195,747.2187,873.42303,1145.8983,625.6767,655.832,0,857.17554,656.8647,881.3465,500.2795,749.7597,
416,142.02552487078458,54.7695,,,,,,,,,,,0,853.9294,0,1007.46454,0,1057.2432,939.8604,0,989.45306,0,0,0,0,915.034,0,929.5378,932.0945,912.1569,0,1066.0647,855.7287,1011.0147,970.0762,856.77216,1010.03467,0,1086.4943,1228.5839,1478.7244,1086.5325,0,1616.7832,1150.1703,0,0,912.8483,0,0,961.3256,1109.7898,1221.7335,911.4583,977.5861,992.85974,0,1536.1595,1298.083,1028.0425,1054.4479,1253.4828,1323.2585,0,1632.217,1056.625,1037.7902,864.3004,987.8506,
694,142.02732993371652,55.6309,,,,,,,,,,,0,518.5914,0,565.6728,0,744.9843,631.0183,0,548.153,0,0,0,0,589.5002,0,701.25366,514.947,958.32007,0,849.7362,589.4171,522.9614,600.6022,907.3688,899.4021,0,590.46124,594.96173,731.37854,850.7372,0,766.90717,1030.9271,0,0,515.474,0,0,776.8411,1028.7058,574.7973,575.69403,630.3043,692.7983,0,797.7748,677.52826,796.187,1103.4348,515.44495,586.6571,0,812.11865,621.3312,847.4629,426.32428,780.9353,
145,142.02767731221073,54.31766,,,,,,,,,,,0,0,0,416.1252,0,443.09906,433.01407,0,0,0,0,0,0,411.96732,0,416.94443,500.94705,584.778,0,615.9925,0,0,428.56946,568.4204,543.85913,0,422.64957,477.89865,0,486.8738,0,0,619.60736,0,0,0,0,0,481.3707,591.93427,524.254,0,429.12323,409.32526,0,536.7947,597.5907,535.4619,722.2707,543.69336,513.9709,0,668.8127,416.18143,512.6309,0,563.3423,
332,143.02173970194966,54.766872,,,,,,,,,,,1756.4724,4264.9683,1662.8251,5997.202,4246.8584,5848.3813,4839.808,4019.9617,5639.368,1521.0193,3275.7415,2593.7317,3165.6426,4957.3887,4637.613,4870.578,5121.6343,4973.208,2281.8533,6019.9194,4133.4673,5138.9277,5329.418,4490.705,5517.3955,5105.445,5881.494,6750.3706,7723.5327,5867.6973,0,8486.355,6120.6655,4286.497,2579.2432,5180.3516,4131.168,4010.1965,5609.608,6192.1685,7117.39,4447.711,5014.6533,5069.811,4250.003,7873.146,7467.137,5533.861,5859.874,7456.845,7444.5537,4161.04,9309.663,5361.8496,5465.5054,4657.5835,5353.176,
578,143.02372887609826,55.628197,,,,,,,,,,,1474.4276,3274.404,1506.7607,3602.6763,4424.589,5174.81,4029.885,3336.0444,3540.92,1342.2665,2638.17,3636.0781,2487.008,3694.3308,3676.0798,4554.144,2774.487,7384.2026,3467.992,5998.236,3400.9019,3340.2336,4238.8657,6723.387,6606.9116,4076.7485,3591.3777,3913.5276,3278.464,5495.857,0,3590.4172,7028.0015,2491.6294,3818.1501,3311.8186,3679.5205,3231.276,5239.0107,7560.4375,3642.4507,3556.483,4242.4097,4613.3667,4348.844,3282.0674,4511.129,5727.69,8151.6562,3646.1848,3660.3093,2253.9226,5146.1006,4170.9946,5409.676,2536.44,5214.9126,
107,143.02515523081024,54.31718,,,,,,,,,,,0,2071.6663,0,2224.7703,2684.7466,3042.8892,2573.8652,1770.4799,2264.5479,0,1674.6725,1599.8699,1606.6215,2187.128,2326.2014,2438.4612,2812.6375,4192.948,1476.0487,3561.6904,1930.3851,2034.8804,2680.645,3808.735,3364.596,2564.1833,2324.37,3492.7312,3146.7993,2962.3645,0,3482.5447,3975.9736,1633.5247,1507.0062,2015.6947,1998.3132,1777.6283,2830.119,4005.1755,3442.4978,2205.8928,2615.5654,2447.375,2694.6094,3266.1848,4051.6038,3579.6633,4739.8047,3504.4521,3547.9111,2183.2864,4709.053,2395.2585,3435.335,2375.6965,3426.1687,
90,144.0379964373333,54.316895,,,,,,,,,,,0,814.17487,0,878.82837,1072.0549,1084.1052,992.05914,699.3043,798.06506,0,645.4874,612.75775,592.63715,847.1429,919.5492,977.7571,1093.6852,1539.5332,554.1693,1273.5911,768.90686,856.5972,1042.5975,1428.9879,1318.1664,932.87744,947.7074,1373.2883,1098.829,1075.9749,0,1365.827,1556.9235,626.68097,624.1357,794.541,781.948,677.73126,1086.9435,1468.7483,1372.4309,798.5312,1035.9974,937.38086,1006.26514,1257.8424,1528.168,1308.85,1742.6735,1318.5122,1323.4835,852.4318,1717.0125,911.32916,1361.592,898.40436,1297.0431,
608,144.0394118707886,55.628387,,,,,,,,,,,0,1248.254,0,1426.1514,1648.7195,1971.6156,1496.5924,1277.2455,1441.3629,0,1056.8827,1482.7777,979.9758,1435.4845,1332.9172,1694.24,1122.3567,2708.5266,1318.3857,2175.0488,1263.9866,1302.3815,1511.5966,2540.8564,2548.9138,1579.7183,1438.9379,1551.5175,1326.8091,2068.8918,0,1492.8813,2742.7996,942.8722,1441.3008,1238.5603,1458.5792,1356.121,1993.9042,2744.3691,1472.1451,1427.3969,1564.2131,1746.7803,1606.4031,1325.2197,1682.7175,2203.4211,3147.1926,1378.6107,1388.2821,835.2092,1880.7646,1561.032,2081.3547,979.28015,1983.6725,
335,144.0441077179057,54.766876,,,,,,,,,,,0,1804.8003,0,2319.4956,1693.407,2247.7563,2010.5083,1687.0405,2338.4727,0,1380.5126,1098.0536,1245.2258,1980.9807,1805.5792,2013.442,2091.7722,2003.002,978.1929,2266.5874,1772.1761,2078.3643,2039.9823,1946.1327,2172.703,2012.743,2422.305,2669.0261,3138.4746,2303.8464,0,3439.845,2348.604,1819.097,1095.173,2064.4783,1656.497,1681.6967,2191.7078,2484.0608,2861.9077,1918.1654,1998.6423,2040.3698,1644.1765,3170.9385,3090.669,2339.0947,2367.6277,2762.162,3026.4329,1617.9052,3636.0703,2162.9355,2146.5325,1922.7212,2152.621,
725,145.00122985333238,55.713333,,,,,,,,,,,1703.2272,0,1713.6862,0,0,0,0,0,0,1423.829,0,0,0,0,0,0,0,0,0,0,0,0,0,0,0,0,0,0,0,0,0,0,0,0,0,0,0,0,0,0,0,0,0,0,0,0,0,0,0,0,0,0,0,0,0,0,0,
592,145.01904290609355,55.628204,,,,,,,,,,,3014.5156,7116.053,3160.8418,7972.3696,9651.697,11487.528,8418.445,6972.972,7831.536,2658.8748,5871.122,7964.8457,5464.445,8159.966,8318.275,10164.437,6102.4604,16492.023,7408.9873,12659.317,7112.277,7049.735,9152.521,14766.204,14785.882,8606.106,8076.599,8414.821,6916.508,11846.001,0,7456.368,15484.944,5456.8,7987.575,7220.99,8096.315,7179.8823,11165.579,16592.043,7990.117,7733.4507,8664.382,10108.218,9353.886,6746.9966,10205.341,12315.189,17889.828,8010.9897,8317.415,4734.12,11512.606,8971.985,11869.332,5370.4795,11469.958,
108,145.02176467386192,54.31718,,,,,,,,,,,0,4520.6206,0,4819.385,6132.232,6444.403,5446.8555,3649.063,4863.1636,0,3612.8875,3239.3347,3445.0537,4623.1133,5109.9917,5226.423,5891.9546,9078.677,3071.425,7782.1514,3908.8015,4407.412,5817.8687,8154.334,7755.9272,5348.237,4892.8286,7811.9033,6622.223,6255.843,0,7520.5005,8644.417,3534.2227,3166.7737,4302.8906,4334.761,3858.4062,5985.57,8747.545,7292.5767,4338.7505,5586.529,5087.286,5968.31,6712.919,8851.011,7869.9214,10105.915,7433.8477,7573.204,4669.036,10204.823,5007.884,7342.0083,5312.8105,7450.43,
329,145.02213720296623,54.76687,,,,,,,,,,,4269.31,11433.739,4153.189,16467.207,11768.297,15755.692,13242.649,10702.362,15559.923,3728.6318,9279.652,6746.9937,9045.449,13077.267,12282.706,13751.032,13968.321,13926.315,6147.2656,16056.682,10980.344,13962.836,13938.058,12890.95,15518.656,13483.737,16436.766,19350.762,21470.283,15669.4375,0,23604.008,16644.645,12042.516,6463.9966,14280.458,11449.125,10676.696,15024.979,17082.518,20098.074,12410.227,13763.411,13599.95,11391.716,21505.707,21630.014,15665.187,15749.294,20019.254,20934.684,11556.237,25557.709,14599.187,14878.975,12927.967,14586.295,
726,146.02240651827586,55.713333,,,,,,,,,,,776.96436,0,759.02484,0,0,0,0,0,0,678.5861,0,0,0,0,0,0,0,0,0,0,0,0,0,0,0,0,0,0,0,0,0,0,0,0,0,0,0,0,0,0,0,0,0,0,0,0,0,0,0,0,0,0,0,0,0,0,0,
75,146.0379508599827,54.316696,,,,,,,,,,,0,1205.0997,0,1287.8022,1580.6178,1735.102,1372.5521,1012.44,1307.473,0,952.7627,869.1726,902.12616,1285.3641,1329.27,1400.0278,1501.3033,2358.884,801.64075,2100.9092,1051.8473,1145.715,1545.2988,2221.428,2043.2281,1321.9431,1302.4736,2081.143,1778.0265,1558.7545,0,1875.7806,2302.732,931.65906,941.69824,1207.306,1158.0088,1009.1916,1649.1553,2229.1228,1958.557,1221.5806,1489.9807,1400.257,1583.716,1847.5051,2359.681,2029.3828,2563.6501,2052.0942,1956.5192,1264.2102,2686.964,1358.8124,1945.8843,1395.2141,1987.1958,
554,146.03882244525838,55.627934,,,,,,,,,,,868.4835,1873.6813,836.0075,2161.5225,2506.3462,3087.5835,2258.9587,1968.9353,1975.1667,801.916,1563.8401,2173.1675,1570.1442,2123.4602,2131.0608,2632.9536,1685.847,4054.4766,1932.6351,3376.9634,1956.4218,2001.6329,2474.733,3994.1553,3878.566,2301.736,2155.1228,2154.41,1878.1056,3132.2703,0,2052.261,4047.976,1411.4917,2185.0405,1856.0997,2175.1157,1929.5038,2985.479,4203.406,2075.669,2051.2173,2307.1802,2696.7551,2487.1455,1840.3914,2653.1025,3230.054,4645.021,2138.2485,2249.9905,1225.0425,2969.68,2435.6492,3144.9297,1520.6659,3031.893,
319,146.04451315914966,54.766777,,,,,,,,,,,1039.2697,2470.3613,944.2831,3432.7688,2702.8682,3360.2085,2950.8262,2291.482,3401.326,890.0039,2058.563,1575.0637,1974.2455,2901.5574,2710.087,2905.1707,3014.6633,2933.7258,1364.1821,3379.2102,2465.4988,3152.4,3123.4404,2793.1155,3236.008,2880.217,3661.3237,4305.0464,4583.8374,3571.946,0,4967.665,3595.5303,2629.1248,1542.338,3157.801,2482.8835,2494.2527,3172.5354,3585.2915,4319.892,2644.3318,3013.4937,2908.965,2507.89,4690.219,4680.293,3370.5535,3511.0264,4251.4614,4394.934,2574.6467,5205.392,3168.8835,3226.463,2931.3198,3163.1926,
136,147.01849471307918,54.317547,,,,,,,,,,,0,3770.1594,0,3929.6414,4329.3467,4677.2485,4144.077,3258.7195,3844.8445,0,2779.9526,2887.4146,2702.4473,3640.262,4077.6812,3987.3684,4529.98,6081.581,2752.5117,5560.2935,3324.3247,3476.002,4567.2354,5641.351,5214.4863,4385.472,3954.7153,5186.1626,4910.202,4676.26,0,5371.334,5865.183,2918.2737,2862.425,3497.3647,3339.197,3156.2886,4464.0576,6033.7334,5383.175,3278.2698,4510.542,4108.8145,4219.66,4866.3833,6118.5806,5546.7856,7012.217,5355.233,5493.583,3470.6772,6935.54,3803.5354,5393.709,3958.3384,5270.8223,
562,147.02664233393264,55.62802,,,,,,,,,,,2940.1416,5199.9,2920.0254,5681.098,6451.3647,7742.0483,6009.8,5313.0093,5656.042,2679.9673,4043.9932,5659.302,4146.315,5765.648,5876.7515,6916.9355,4810.674,10518.244,5295.8145,8541.157,5268.678,5173.7505,6677.139,9704.867,9621.161,6218.869,5882.162,5995.465,5177.071,8309.89,0,5657.1025,10215.223,3901.3772,5751.605,5286.131,5692.773,5077.364,7749.7285,10651.113,5714.7666,5322.953,6170.529,6878.949,6533.6426,5120.68,6608.438,8418.7705,11455.484,5703.922,5893.4346,3514.952,7762.9067,6248.6484,8009.9463,4278.755,7626.153,
333,147.03898241736383,54.766872,,,,,,,,,,,4499.2915,10870.64,4556.5176,14433.144,11000.717,14024.294,12105.07,10028.652,14087.736,4033.7852,8358.475,6488.814,8272.801,12003.252,11429.683,12246.331,12699.873,12369.307,6067.835,14497.721,10227.653,12835.288,12775.097,11622.604,13836.633,12104.657,14566.836,17126.826,18835.924,14245.968,0,20987.246,14897.334,10853.268,6391.0234,13055.02,10046.527,9955.82,13322.586,15076.648,17940.715,11476.327,12697.269,12374.392,10686.943,18672.947,19277.383,13846.28,14031.571,17973.697,18544.834,10322.399,22198.898,13325.754,13494.634,11802.475,13043.319,
137,148.04119575399454,54.317547,,,,,,,,,,,0,1028.2811,0,1163.6067,1289.3822,1455.7532,1218.6819,970.00946,1112.2883,0,866.58777,838.3282,840.4181,1087.6267,1171.3429,1242.3031,1419.8676,1864.0323,841.61096,1684.4446,992.96045,1084.7744,1338.1631,1773.832,1625.1958,1185.3253,1211.6538,1582.4263,1582.4767,1402.8196,0,1656.7169,1852.137,891.14087,818.3155,1056.0294,1030.5447,938.23175,1266.7323,1875.6381,1597.8153,1021.5446,1284.9094,1169.0392,1301.7352,1577.1929,1894.3396,1718.5737,2174.4985,1707.2831,1596.4158,1076.4175,2117.8345,1159.2723,1688.9692,1214.779,1566.691,
277,148.041331177173,54.76617,,,,,,,,,,,928.7084,1944.4783,813.91144,2598.913,1814.0167,2424.533,2093.2515,1755.986,2491.3652,0,1421.118,1216.3893,1388.3282,2095.0269,1945.2546,2170.4873,2121.925,2101.9785,1098.1494,2509.4717,1767.5577,2200.1753,2163.3064,1984.4858,2299.8604,2056.3965,2463.1445,2830.2515,3159.3298,2479.7358,0,3467.3599,2526.9717,1791.6055,1176.6764,2191.6802,1686.3848,1800.9532,2375.212,2499.678,3071.343,2020.6937,2130.032,2112.1775,1837.254,3172.1775,3206.5754,2376.7278,2480.698,2885.813,3066.0552,1754.2527,3577.5986,2309.1704,2189.1829,2021.2955,2286.458,
616,148.04376062154705,55.628532,,,,,,,,,,,900.3475,1564.7859,886.65216,1761.5688,2128.4927,2447.1484,1900.6486,1554.9359,1754.9569,0,1352.1543,1882.8179,1225.7222,1731.6077,1703.5184,2271.9307,1476.5472,3509.1604,1671.7319,2719.8933,1606.88,1628.1033,2003.3887,3074.7607,2988.4995,1952.4119,1775.8352,1813.6375,1601.6404,2650.1138,0,1733.3547,3218.3247,1273.2848,1740.4543,1603.4269,1752.4991,1605.8173,2416.3489,3367.969,1743.664,1735.0756,1879.9121,2154.8948,1997.5734,1657.3789,2110.4966,2604.2341,3735.887,1695.9069,1840.9791,1080.7264,2304.8064,1898.9045,2602.8064,1319.443,2394.403,
893,149.0081572127401,56.35667,,,,,,,,,,,1267.405,0,1217.964,0,0,0,0,0,0,1155.6711,0,0,0,0,0,0,0,0,0,0,0,0,0,0,0,0,0,0,0,0,0,0,0,0,0,0,0,0,0,0,0,0,0,0,0,0,0,0,0,0,0,0,0,0,0,0,0,
98,149.04207257255484,54.316986,,,,,,,,,,,0,2387.8477,0,2539.6787,2834.1233,3046.223,2660.8547,2093.2217,2519.9324,0,1840.648,1874.2115,1739.3674,2384.163,2680.949,2626.9092,2862.8767,4159.369,1651.6943,3727.2751,2128.7039,2227.2822,2875.948,4037.999,3555.6865,2666.8933,2612.2478,3561.0957,3257.3179,3051.4934,0,3759.399,4056.2817,1899.9131,1814.1589,2201.3376,2133.031,1968.2357,3059.73,4029.664,3545.0022,2304.4194,2806.0596,2641.458,2808.306,3285.5522,4159.525,3756.7764,4677.423,3508.953,3711.343,2383.869,4611.687,2603.9092,3453.567,2677.3943,3460.2524,
579,149.04329848454836,55.628197,,,,,,,,,,,1802.1428,3445.355,1809.0778,3774.2385,4381.6367,5159.9795,3930.8445,3359.898,3595.7703,1607.4158,2719.9116,3659.6575,2566.1501,3798.727,3917.8745,4530.0625,3020.2756,7325.309,3505.8984,5598.419,3360.6372,3329.3218,4246.9473,6594.6943,6494.423,4215.4565,3839.9788,3829.144,3310.5432,5380.1494,0,3499.0269,6855.399,2593.9229,3806.6606,3499.814,3680.5273,3322.3152,5283.092,7196.968,3750.276,3736.5825,4226.8696,4681.1587,4417.763,3330.2566,4606.302,5439.926,7923.1675,3640.603,3804.791,2407.5127,5038.2383,4147.663,5410.425,2755.9077,5118.828,
302,149.04379749917305,54.7666,,,,,,,,,,,1849.6178,3885.462,1818.8003,5321.7056,4084.4338,5067.015,4372.778,3734.6433,4941.391,1721.4603,3087.9512,2572.655,3001.3877,4337.581,4172.0376,4446.192,4645.7637,4690.8867,2435.2363,5250.131,3770.2815,4699.082,4728.7217,4236.0454,4870.9976,4456.0024,5647.8027,6211.5127,6802.976,5089.2686,0,7484.205,5344.7397,3947.488,2542.8755,4636.6733,3702.2605,3728.7742,4958.658,5383.8325,6349.7847,4264.708,4586.685,4545.663,3877.218,6845.121,6906.0586,5019.1147,5117.8096,6268.511,6512.7163,3846.8003,7965.974,4757.469,4865.5522,4366.3633,4811.5845,
813,150.00313016901148,56.2125,,,,,,,,,,,0,0,0,0,0,0,0,0,0,0,0,0,0,0,0,0,0,0,579.04443,0,0,0,0,0,0,0,0,0,2247.465,0,0,1814.1282,0,0,0,0,0,0,0,0,0,0,0,0,0,2538.1096,0,0,0,0,0,0,0,0,0,0,0,
146,150.0347793019822,54.31766,,,,,,,,,,,0,574.5682,0,737.406,678.9559,762.70184,713.7532,0,624.65906,0,0,488.54593,0,673.6875,602.2449,654.3658,779.12256,965.3416,526.1311,876.07227,629.2249,594.3086,734.1177,990.7172,768.57733,637.72473,693.59106,884.17163,930.10004,710.79504,0,966.11505,937.373,0,464.8398,543.0523,561.6957,0,742.23474,920.3799,920.06146,662.2066,719.5907,657.0729,699.1249,0,952.11444,911.92676,1201.6322,856.2739,833.8271,0,1031.4286,625.4028,805.459,0,831.4982,
653,150.04290541930058,55.629124,,,,,,,,,,,0,871.0556,0,878.8872,928.2017,1165.5447,994.3544,0,866.04083,0,0,974.8679,0,891.03467,920.3684,1073.2314,741.353,1599.2089,947.43414,1341.8911,881.0219,827.35864,1033.6512,1492.4567,1505.3119,949.6237,955.2883,1030.698,1002.1419,1202.2472,0,1045.2449,1554.3926,0,950.5642,839.71136,947.5754,0,1247.7639,1637.5724,902.5028,951.0343,1001.02747,1073.5486,1031.5505,995.3648,1136.8492,1273.7306,1743.8796,850.136,908.6868,0,1230.3043,989.7336,1236.0762,0,1223.0922,
387,150.0570340908447,54.76761,,,,,,,,,,,0,863.78357,0,1078.489,790.54364,1075.6698,999.6172,0,992.8313,0,0,652.0487,0,910.46844,837.84143,932.8627,1001.41516,958.0363,615.947,1098.7639,844.85126,1022.2667,982.0814,963.4966,990.87775,941.40894,1092.8885,1248.3384,1417.8552,1048.6221,0,1593.1151,1177.9388,0,696.34814,962.1497,802.14484,0,1018.6094,1114.6982,1342.3331,956.02515,893.9186,924.4855,845.2027,1494.6727,1380.0049,1051.4462,1120.217,1247.4498,1247.8529,0,1608.917,969.2936,976.2063,0,1041.1876,
822,151.00313680918268,56.218334,,,,,,,,,,,0,0,0,0,0,0,0,0,0,0,0,0,0,0,0,0,0,0,0,0,0,0,0,0,0,0,0,0,2063.0637,0,0,1660.8085,0,0,0,0,0,0,0,0,0,0,0,0,0,2389.9717,0,0,0,0,0,0,0,0,0,0,0,
68,151.04594896027925,54.316513,,,,,,,,,,,498.55542,795.81335,0,1003.66724,961.85126,1242.8323,1003.0709,798.0386,930.1419,585.23145,749.4175,0,687.7548,989.80383,854.3455,940.7823,1211.2645,1589.168,0,1370.4933,1015.2334,846.3645,1050.3857,1670.202,1161.9519,914.5312,924.5453,1391.541,0,1181.4666,0,0,1541.1036,786.55963,673.9846,740.0824,981.1576,1147.4822,1165.4927,1398.6737,1459.217,977.12225,999.68976,1069.7002,1094.8046,0,1554.4155,1297.1697,1985.7358,1267.7888,1266.8075,1009.0043,1747.4138,955.2596,1197.4705,876.9055,1221.2484,
321,151.04779244381052,54.766777,,,,,,,,,,,1720.2468,4520.274,1627.9774,6415.7856,4807.037,6043.228,5098.437,4329.672,5924.114,1550.4368,3670.0706,2782.601,3637.7588,5028.8135,4853.2573,5448.3726,5520.4814,5550.6504,2521.1052,6380.012,4352.1587,5703.801,5484.5503,5106.51,5760.5576,5195.09,6430.5522,7893.082,8812.542,6190.8257,0,9443.191,6486.095,4746.0684,2663.6934,5741.095,4532.0923,4349.472,5904.18,6531.2993,7997.862,5075.1543,5329.91,5363.53,4611.474,8877.09,8882.515,5925.7944,6276.306,7639.1123,8149.079,4578.2534,9884.411,5853.329,5763.1104,4979.8877,5789.2397,
580,151.05424021194145,55.628197,,,,,,,,,,,664.32263,1242.166,667.4018,1390.8176,1515.2726,1790.565,1549.3138,1224.2034,1354.6705,649.49426,1057.2106,1547.7212,1066.3162,1406.7303,1307.767,1669.8771,1099.038,2698.922,1381.4368,2049.734,1265.1804,1221.9572,1565.6846,2363.7368,2417.6433,1494.173,1307.3619,1528.3213,1567.9918,1938.7875,0,1710.9618,2618.4824,936.1363,1396.0696,1230.9396,1431.6871,1325.851,1911.4697,2644.8994,1331.6293,1380.102,1528.3135,1619.8866,1525.8765,1589.76,1739.5527,1941.2599,2862.7114,1324.9203,1395.053,883.2056,1927.6653,1465.7483,1903.1418,972.8918,1910.9497,
413,152.03970236342735,54.76943,,,,,,,,,,,0,0,0,1019.983,0,1005.11017,0,0,957.67084,0,0,0,0,859.02057,0,894.8267,0,0,0,1001.92615,0,0,919.10266,0,0,0,1055.4619,1238.0154,1359.8706,948.66394,0,1439.0284,1015.40735,0,0,0,0,0,917.6845,1002.70807,1227.6698,0,898.12946,0,0,1343.6678,1341.8928,929.5639,1016.4688,1215.4847,1269.0775,0,1511.5024,980.52765,0,0,919.67737,
186,152.04153832744282,54.318615,,,,,,,,,,,0,0,0,0,0,449.0438,0,0,0,0,0,0,0,0,0,0,0,0,0,436.56815,0,0,402.9807,0,0,0,407.82315,483.11835,478.63647,0,0,482.4384,484.2357,0,0,0,0,0,0,441.18405,479.6126,0,0,0,0,493.42728,485.6989,415.85126,614.11115,454.47565,439.70645,0,540.85455,0,0,0,416.7486,
676,152.05054688950807,55.629604,,,,,,,,,,,0,0,0,424.17947,0,560.63025,0,0,439.8856,0,0,0,0,435.7313,0,488.99216,0,0,0,657.55963,0,0,451.26773,0,0,0,452.63452,448.43478,464.63715,578.2789,0,481.17554,664.4766,0,0,0,0,0,573.2815,663.2821,457.7983,0,452.50833,0,0,456.90192,491.1239,578.2661,787.60443,0,436.526,0,523.54364,460.34128,0,0,559.50146,
403,155.02207361475146,54.76811,,,,,,,,,,,0,923.66656,0,1175.9382,923.237,1210.0939,1097.7917,887.305,1190.1141,0,0,0,0,1039.9333,938.00653,1005.1883,1011.76105,1016.44556,0,1138.7767,0,1043.1569,1103.6727,963.7581,1063.1674,1040.8624,1167.3704,1377.4717,1725.2295,1104.9539,0,1770.0189,1345.0323,0,0,1075.8761,865.357,924.2811,1063.6901,1273.6218,1501.2266,1000.1517,1051.6832,1043.2299,881.50214,1786.4574,1480.4155,1207.7368,1171.6055,1351.5583,1455.4452,0,1778.5607,1184.0997,1071.6143,1022.55865,1083.0684,
639,155.02872687915567,55.628788,,,,,,,,,,,0,458.49918,0,551.90356,525.7787,718.1893,626.406,507.54822,545.21674,0,0,0,0,558.85846,544.1876,553.9333,460.96927,840.1736,0,718.77936,0,504.98563,595.86304,728.50867,748.9183,523.6247,511.18927,538.79865,770.9902,692.22064,0,771.0036,808.8614,0,0,459.0471,472.5822,585.9673,626.3204,821.97125,531.5414,487.94574,580.237,629.6649,519.09973,866.09937,631.40076,721.53876,861.24646,527.28406,516.3282,0,658.85254,551.37823,706.5449,426.29617,644.1118,
192,155.02923470061648,54.31922,,,,,,,,,,,0,0,0,0,0,400.00653,409.71265,0,0,0,0,0,0,0,0,0,431.0863,424.628,0,454.14252,0,0,0,478.01764,0,0,405.51617,438.49854,0,419.3462,0,0,463.5322,0,0,0,0,0,0,465.7241,455.8176,0,0,0,0,0,484.89996,424.949,570.8836,437.24225,461.59497,0,500.23602,0,410.06604,0,0,
792,156.0002703971626,55.904995,,,,,,,,,,,0,0,0,822.66296,0,0,0,0,0,0,0,0,0,815.6293,0,0,787.32916,825.99774,0,0,0,0,0,0,0,0,0,0,0,0,0,0,0,0,0,0,664.8676,0,0,0,0,708.2413,0,0,0,854.0337,0,0,0,0,0,0,0,0,0,0,0,
680,156.00919276273214,55.629883,,,,,,,,,,,0,901.9101,0,850.67865,815.90094,906.405,882.0337,911.1909,865.1275,0,0,991.3429,587.84503,843.6793,900.6094,845.7107,778.83527,1018.7823,0,1028.0723,933.8539,891.4351,936.085,903.60675,1031.7904,906.15497,930.9559,750.77966,869.6149,904.17456,0,1013.66064,1043.2386,0,917.8843,818.50934,705.0834,0,982.09644,1058.2942,0,758.6682,902.39,993.0677,829.5302,849.3622,823.18994,1023.32135,1087.9373,0,906.0072,624.4096,902.7584,863.7594,978.6365,0,878.24744,
200,156.015128241732,54.320297,,,,,,,,,,,0,0,0,0,0,0,0,0,0,0,0,0,0,0,0,0,0,0,0,861.3171,0,0,0,769.38116,837.96014,838.3616,0,0,0,835.85486,0,0,824.4799,0,0,0,0,0,0,846.7754,885.20593,0,858.0369,0,721.0673,0,755.08466,872.05914,965.50476,883.2298,0,639.92255,905.48706,0,0,0,883.4103,
396,156.0161539872875,54.767735,,,,,,,,,,,0,1303.098,0,1377.8411,1156.4943,1400.9264,1274.623,1161.5283,1492.76,0,0,1002.7587,967.1383,1241.592,1260.9065,1184.3004,1263.341,1304.698,0,1448.9539,1293.4469,1284.0945,1352.5184,1237.8147,1388.3671,1387.7754,1608.234,1474.0588,1823.9813,1494.6185,0,1847.2605,1485.833,1119.4456,973.00586,1336.7228,1107.2246,1213.6583,1337.5416,1423.5018,1612.2488,1105.5077,1367.5482,1360.8391,1113.3923,1718.6254,1677.5511,1415.4989,1407.1177,1616.4841,1760.0197,1064.761,1936.1533,1366.7672,1399.4329,1232.964,1421.9739,
762,156.9900634850426,55.72,,,,,,,,,,,911.3723,0,976.4551,0,0,0,0,0,0,849.20496,0,0,0,0,0,0,0,0,0,0,0,0,0,0,0,0,0,0,0,0,0,0,0,0,0,0,0,0,0,0,0,0,0,0,0,0,0,0,0,0,0,0,0,0,0,0,0,
91,157.02770012255672,54.316895,,,,,,,,,,,0,1444.2478,0,1631.9437,1800.083,2065.5623,1823.0049,1347.6871,1566.85,0,1130.1056,1134.2733,1112.7352,1625.6943,1642.5763,1652.7437,1879.5397,2741.9326,1062.1788,2344.7905,1334.015,1441.2145,1906.1066,2418.9993,2294.4976,1650.5365,1619.189,2433.562,2122.8948,2000.2504,0,2379.7056,2674.9448,1161.2053,1184.2684,1393.373,1426.0667,1253.8274,1953.7284,2654.4434,2242.4453,1413.812,1872.7094,1646.4557,1803.5989,2126.8967,2682.9746,2408.8643,2956.6538,2272.4722,2335.532,1575.7205,3062.9055,1703.8644,2247.7754,1658.8708,2242.8542,
586,157.02911964544936,55.6282,,,,,,,,,,,1136.6848,2307.8738,1213.5599,2541.712,2809.593,3524.913,2804.991,2306.5818,2389.8262,1058.2736,1783.0569,2568.5322,1761.9088,2391.8074,2541.9749,3221.1758,1947.9751,4742.704,2556.5623,3949.5918,2325.067,2252.615,2801.736,4412.6343,4343.5796,2695.545,2513.0305,2606.1475,2276.1624,3437.0789,0,2430.8826,4457.8115,1730.7816,2564.2007,2135.653,2489.534,2303.5706,3436.1294,4838.799,2543.8467,2480.8003,2619.53,3157.0234,3013.0134,2253.3596,3023.516,3776.6855,5261.2163,2556.4597,2553.24,1421.811,3381.1238,2679.7668,3556.7927,1687.435,3491.6213,
291,157.03014568926037,54.76642,,,,,,,,,,,1656.73,3838.3752,1578.6731,5584.8022,4104.035,5396.179,4455.962,3957.372,5237.1143,1474.9624,3191.273,2454.1782,3053.3213,4464.159,4378.673,4751.9365,4692.605,4749.026,2237.5952,5336.798,3817.3792,4860.581,4745.961,4380.605,5141.14,4538.4043,5550.1494,6449.171,7215.926,5287.66,0,7917.547,5696.7905,4081.1848,2421.7158,4880.0044,3870.7307,3622.7178,5211.1953,5640.653,6689.849,4281.7915,4713.942,4551.599,3999.4824,7340.8677,7342.7417,5270.422,5397.7524,6830.844,6971.4697,3854.0532,8402.951,4932.9053,5061.033,4444.872,4977.3086,
129,158.04740455386454,54.31745,,,,,,,,,,,0,1461.2877,0,1590.5881,1835.0896,1988.917,1682.2305,1187.662,1552.4106,0,1106.9355,1141.4518,1083.374,1494.9764,1550.7372,1667.3854,1817.6682,2735.2644,962.2831,2363.8215,1292.9915,1433.2001,1940.3635,2461.1455,2444.813,1587.6188,1614.0797,2315.6743,2092.2678,1972.0948,0,2307.5127,2630.4077,1126.3873,1056.37,1396.1307,1403.6472,1247.2059,1946.122,2672.4766,2323.0605,1348.0115,1739.6375,1722.3436,1787.8075,2104.144,2799.513,2432.2043,3048.8901,2361.7302,2267.2207,1426.8584,2997.973,1575.5223,2318.1824,1724.511,2257.4775,
587,158.04854942711876,55.6282,,,,,,,,,,,1109.8245,2316.4163,1143.7051,2498.075,2991.564,3548.304,2627.9604,2341.793,2403.6956,970.08203,1834.149,2642.1465,1821.5881,2386.5437,2714.5615,3069.5447,1963.1752,4936.7227,2346.693,4050.678,2415.0403,2248.065,2917.9429,4576.847,4565.794,2687.0923,2490.8833,2767.165,2349.4087,3766.244,0,2389.3118,4815.652,1739.4777,2455.834,2439.597,2526.385,2202.3308,3478.972,4902.921,2486.0374,2425.6758,2665.9575,3183.9033,2958.7996,2310.892,2968.1604,3708.811,5484.4404,2493.917,2544.697,1584.153,3479.1328,2813.2856,3531.5017,1921.8909,3423.5615,
312,158.0567828793757,54.76669,,,,,,,,,,,1262.1798,3087.003,1380.7444,4086.5132,3071.6995,3927.1448,3535.218,2864.1748,3926.4995,1149.9941,2368.4602,1906.15,2343.9385,3432.158,3173.1655,3602.289,3511.8542,3553.8208,1672.9772,3931.659,2917.9392,3708.8489,3565.4954,3262.703,3745.3772,3455.62,4059.8396,4895.171,5404.1475,3916.487,0,5886.389,4279.877,3171.2085,1793.3292,3520.6885,2827.4963,2841.964,3881.9453,4194.4795,5130.251,3140.7783,3546.8184,3619.3208,2961.4446,5283.566,5345.208,3976.329,3954.9229,5079.4385,5230.689,2777.4795,6274.2754,3809.6062,3747.8147,3324.4204,3689.8035,
739,159.01748987635878,55.714996,,,,,,,,,,,4121.2764,0,4391.1245,0,0,0,0,0,0,3567.9082,0,0,0,0,0,0,0,0,0,0,0,0,0,0,0,0,0,0,0,0,0,0,0,0,0,0,0,0,0,0,0,0,0,0,0,0,0,0,0,0,0,0,0,0,0,0,0,
596,159.0494984603617,55.62826,,,,,,,,,,,2073.6853,4780.3525,0,5313.271,6577.6875,7738.1587,5708.607,4891.0337,5121.3745,1835.1294,3923.455,5597.1084,3739.952,5196.1943,5560.875,6752.6743,4168.9434,11074.763,5015.2954,8394.529,4859.12,4956.7754,6005.1284,10026.548,9812.431,5939.415,5246.683,5785.107,4766.7075,7965.2417,0,5190.4385,10410.136,3666.983,5290.163,4909.9595,5412.259,4751.1167,7546.7417,11047.296,5241.9194,5098.702,5975.6455,6828.3726,6366.5645,4945.672,6667.1904,8601.463,12144.075,5285.5356,5447.249,3141.4214,7679.598,5918.456,8018.426,3677.2874,7863.9434,
294,159.0500632958057,54.766506,,,,,,,,,,,4379.4473,12104.353,4210.0527,16867.21,12306.968,16235.95,13510.99,11094.089,15862.507,3647.52,9708.61,6943.18,9084.487,13557.114,12942.064,13968.895,14374.881,14190.969,6409.5464,16384.957,11475.622,14745.073,14440.39,13108.499,15571.001,13853.944,17227.49,20448.951,21797.463,16212.207,0,24275.111,17384.07,12407.351,6860.7856,14802.933,11542.174,10959.778,15470.927,17204.559,20787.969,12815.276,14298.371,13650.825,12114.877,22166.39,22757.879,16047.964,16518.266,20847.97,21266.258,11858.434,26045.54,15481.985,15525.612,13438.512,14834.69,
123,159.05084458885386,54.317364,,,,,,,,,,,0,3007.865,0,3211.265,3967.295,4077.892,3474.2876,2506.8152,3175.3,0,2316.6633,2162.5076,2266.8176,2976.383,3277.8296,3432.3413,3949.1624,5920.558,1978.6002,5156.4863,2553.6738,2870.5586,3951.5479,5506.8315,5001.405,3481.4478,3147.1428,5186.3145,4363.0566,4033.7688,0,4886.308,5662.2046,2167.8708,2067.326,2848.5986,2778.5378,2480.0754,3930.4473,5750.4585,4899.3623,2799.1118,3601.4255,3473.6846,3808.5146,4434.929,5864.1104,5224.9165,6636.31,4847.7236,5012.6123,3104.3208,6612.6294,3395.3613,4902.839,3464.4348,4775.3267,
741,160.0418412935717,55.715,,,,,,,,,,,946.2972,0,981.6721,0,0,0,0,0,0,858.7182,0,0,0,0,0,0,0,0,0,0,0,0,0,0,0,0,0,0,0,0,0,0,0,0,0,0,0,0,0,0,0,0,0,0,0,0,0,0,0,0,0,0,0,0,0,0,0,
269,160.05575221768362,54.76606,,,,,,,,,,,969.69824,2550.8525,885.7594,3538.6711,2635.5466,3416.5918,2886.2432,2348.4626,3392.8528,808.97516,1917.862,1465.0212,1991.7208,2924.245,2774.8428,2979.4,3003.2717,3004.7244,1378.6107,3488.3406,2395.3826,3009.307,3179.432,2838.7278,3348.4446,2997.8901,3572.7974,4260.434,4719.746,3617.2703,0,5031.676,3561.189,2608.7205,1552.9762,3020.06,2409.9575,2477.263,3260.027,3550.349,4476.3574,2811.2805,2852.694,3019.7634,2630.165,4680.518,4805.592,3373.1274,3517.9045,4368.4233,4367.741,2476.732,5509.0337,3271.8923,3297.4534,2931.191,3249.9854,
124,160.0578184468502,54.317364,,,,,,,,,,,0,1951.7777,0,2114.299,2504.8752,2856.058,2352.4907,1592.0117,2033.036,0,1615.8356,1484.4269,1556.2589,2027.8794,2200.5735,2233.995,2496.9893,4080.6865,1281.9117,3480.8545,1675.0062,1969.8859,2549.7737,3663.6135,3402.402,2383.6694,2260.7002,3405.1975,2862.7495,2704.4368,0,3180.4805,3822.7395,1631.5636,1447.9908,1949.102,1952.3138,1646.4167,2658.0413,3858.209,3208.936,1814.3256,2451.9785,2248.8667,2514.565,3077.7866,3968.0571,3456.6394,4396.443,3297.196,3392.5864,2088.723,4620.3604,2200.7058,3272.5654,2286.0981,3370.8052,
563,160.05867946542784,55.62802,,,,,,,,,,,1391.253,3207.1543,1414.1997,3509.8647,4576.22,5285.9756,3794.1362,3070.9067,3563.382,1157.829,2626.934,3788.4946,2563.764,3663.2573,3782.187,4685.426,2828.5532,7604.354,3411.5295,5745.555,3208.976,3297.059,4247.3667,6924.4536,6791.648,4000.3796,3517.6243,3896.34,2997.064,5505.561,0,3373.7634,7105.635,2453.46,3671.159,3351.533,3818.5813,3203.6926,5193.233,7598.147,3632.1401,3764.9082,3956.9324,4776.148,4524.26,3096.3984,4511.8984,5708.1914,8379.386,3672.2507,3663.2302,2234.4058,5059.149,3947.2952,5596.6553,2602.9868,5233.9136,
751,161.00923452965756,55.716663,,,,,,,,,,,4033.5537,0,4240.8364,0,0,0,0,0,0,3473.5537,0,0,0,0,0,0,0,0,0,0,0,0,0,0,0,0,0,0,0,0,0,0,0,0,0,0,0,0,0,0,0,0,0,0,0,0,0,0,0,0,0,0,0,0,0,0,0,
574,161.04810198970142,55.62814,,,,,,,,,,,0,4722.304,0,5241.952,6657.816,7839.5835,5682.774,4761.4663,5274.424,1864.2991,3939.658,5479.481,3739.0007,5467.686,5451.332,6758.4565,4135.7046,11022.737,5129.748,8761.149,4761.0693,4752.4883,6227.9927,9966.016,9942.538,5998.6025,5355.84,5650.013,4709.0874,7903.4673,0,5113.1357,10713.065,3653.779,5571.117,4874.3706,5372.935,4829.78,7633.966,10718.985,5304.254,5062.8945,5962.1733,6960.066,6596.745,4616.3174,6641.013,8377.092,11970.418,5390.8174,5496.8022,3202.2373,7703.6733,5952.5615,7968.476,3728.3384,7835.591,
102,161.04815166845222,54.31709,,,,,,,,,,,0,3025.8,0,3275.8545,3965.9197,4198.028,3462.6006,2426.35,3149.8652,0,2403.2427,2219.5728,2274.805,3108.9062,3437.2092,3507.8816,3947.5403,5965.9883,1999.3842,5166.037,2516.7712,2820.9646,3939.6858,5543.242,4983.8276,3589.2605,3305.5486,5177.855,4422.716,4159.425,0,4888.0273,5545.5376,2416.4548,2145.8901,2974.7212,2913.9617,2501.1504,4141.1196,5684.581,4857.767,2919.8667,3744.5383,3514.8984,3843.4033,4647.0596,6035.412,5186.31,6670.3545,4850.6826,5065.2915,3106.9229,6736.12,3294.4255,4781.267,3611.812,5005.396,
301,161.04818336093248,54.766598,,,,,,,,,,,2039.1785,5239.036,2023.1268,7339.2534,5370.9224,6894.951,5883.1826,4925.7246,7071.094,1760.5842,4034.9492,3194.0908,3950.947,5754.649,5829.4814,6134.5723,6200.245,6331.177,2839.921,7027.985,4849.142,6395.621,6410.4595,5641.7812,6948.797,6191.3843,7312.2285,8598.97,9525.671,7054.304,0,10673.714,7345.549,5407.338,3125.791,6403.6206,4950.6733,4839.6035,6742.1514,7291.4673,8904.408,5626.9214,6290.695,6178.211,5137.179,9431.54,9555.983,7057.3545,7087.868,8915.062,9288.303,5180.028,11298.559,6774.8066,6598.4614,5995.678,6593.906,
287,162.04770778905063,54.76632,,,,,,,,,,,0,1345.2089,0,1862.7113,1420.58,1664.487,1525.8444,1333.6133,1664.7222,0,1095.0795,886.3622,966.52045,1434.6453,1441.0847,1522.8774,1569.5188,1566.5946,821.51355,1755.7986,1331.8712,1623.171,1551.4537,1506.4989,1663.1138,1506.0261,1792.9977,2222.2544,2356.7817,1837.232,0,2612.4963,1914.8239,1342.3145,849.9886,1598.9271,1215.8695,1249.9755,1727.7892,1791.098,2197.8735,1513.2952,1529.8993,1593.4613,1365.9326,2333.3037,2358.8264,1763.05,1838.4171,2149.9717,2323.995,1271.1292,2811.1128,1646.4148,1629.2772,1455.3507,1633.6431,
81,162.0574309187209,54.316788,,,,,,,,,,,0,931.88,0,970.53613,1151.5753,1297.4031,1028.324,788.94507,968.05524,0,767.63025,717.4286,733.8503,941.1282,1015.8408,996.17096,1158.2988,1691.7294,618.4109,1558.7048,829.0948,875.2145,1195.7411,1651.3612,1509.0978,1066.5842,1107.1157,1431.8159,1439.7058,1215.8496,0,1441.1707,1592.8685,673.6247,674.593,830.64795,889.8833,872.6986,1230.6587,1700.4635,1406.2472,951.35046,1094.9248,1050.714,1155.3828,1323.2985,1663.2102,1542.3367,2003.2073,1386.7313,1498.272,963.62634,1994.9893,1063.5247,1382.0082,1000.61096,1332.5194,
583,162.06610677359603,55.628197,,,,,,,,,,,0,1445.4292,0,1563.3518,1820.3105,2155.6067,1626.9893,1455.675,1511.1438,0,1147.2864,1630.5457,1068.6427,1550.81,1679.4991,1922.4331,1224.4553,3145.2034,1517.8186,2518.034,1505.2916,1428.6224,1777.9974,2972.6106,2773.814,1733.4247,1542.0889,1639.3785,1341.3933,2305.195,0,1515.4567,2987.0693,1031.6678,1615.2609,1467.2275,1618.1161,1399.1017,2192.2856,3094.84,1559.7598,1498.647,1773.2249,1948.1964,1855.7231,1452.9994,1986.9094,2384.299,3428.7437,1564.4518,1610.8533,956.79504,2216.972,1783.8582,2325.9883,1110.1274,2357.547,
313,163.03003719411126,54.76669,,,,,,,,,,,1773.54,4048.5156,1815.302,5723.4834,4324.771,5342.158,4532.6826,3855.162,5377.994,1647.1396,3217.5615,2568.7703,3142.2297,4589.222,4467.29,4760.577,4825.5537,4718.588,2339.4766,5312.8623,4005.3596,5026.583,5128.6465,4515.1885,5369.8643,4785.5396,5781.8057,6886.063,7194.589,5503.258,0,8048.443,5728.8037,4261.679,2544.2446,5029.729,3921.32,3904.898,5171.1055,5734.5737,6941.8496,4365.691,4714.2007,4879.681,4225.2466,7167.568,7606.6826,5348.873,5423.932,6860.2607,7242.0723,4038.1086,8296.378,5109.118,5287.61,4571.5054,4920.6875,
96,163.03972987524412,54.316967,,,,,,,,,,,1212.3458,3090.5051,1250.9706,3317.2344,3948.731,4242.9087,3563.1426,2613.5745,3374.9617,1048.7446,2419.4143,2314.154,2313.3745,3101.3232,3447.7515,3513.4937,3798.0942,5788.9946,2109.0483,5174.121,2800.8787,3170.3433,3911.0085,5436.403,4982.097,3748.2588,3370.1523,5208.2495,4354.562,4238.3013,0,4934.4194,5570.175,2320.4512,2393.3652,2870.117,2910.6982,2752.0862,3971.7292,5675.8384,4848.8516,2898.0088,3721.4233,3593.3792,3737.119,4625.2144,5796.2163,5281.682,6641.0537,4920.3833,4955.539,3082.5117,6684.154,3480.2913,4902.146,3671.4531,4691.5713,
552,163.04635927953177,55.62793,,,,,,,,,,,2311.602,5153.7197,2471.9028,5551.8296,6735.794,7759.7256,5728.7256,5002.0845,5393.2124,1942.3275,3963.4407,5533.235,3827.2063,5565.9985,5853.4336,6876.062,4190.6494,11014.705,4994.8306,8723.904,4857.373,4963.044,6380.306,10281.236,10037.204,5857.3184,5502.395,5803.629,4653.693,7929.8647,0,5016.2573,10229.641,3648.4011,5444.047,4966.792,5591.549,4762.048,7606.854,10954.932,5370.3926,5396.058,6223.976,6728.3955,6348.795,4590.1816,6824.885,8313.791,12167.49,5646.065,5772.139,3131.4756,7641.13,6262.972,8087.2466,3883.377,7797.338,
307,164.03988930283356,54.766663,,,,,,,,,,,0,914.7673,0,1335.6943,978.65576,1207.2589,1107.9807,891.4021,1245.2242,0,0,617.07355,0,1061.8013,1065.8385,1069.9127,1141.8268,1089.4479,607.05524,1318.1027,899.3011,1153.9667,1172.4563,1084.579,1260.3799,1085.6614,1363.6499,1565.7499,1746.2714,1276.759,0,1743.7185,1298.5616,956.49066,650.38086,1093.0948,954.999,978.67535,1251.9114,1328.014,1551.5385,1053.9729,1111.2749,1109.9408,991.01013,1604.3707,1653.437,1225.3423,1323.7993,1614.2001,1534.2864,943.08075,1808.3265,1212.3354,1255.0095,1022.46814,1154.7041,
95,164.0403795143718,54.316963,,,,,,,,,,,0,651.3959,0,718.6365,710.8088,832.3982,824.6816,576.2259,651.8388,0,0,533.52106,0,663.82153,703.53876,713.67145,837.2429,1085.7101,493.11212,1091.8467,625.4498,625.8297,866.0484,1031.3766,956.76984,714.13306,730.2419,1013.70123,924.9091,864.0183,0,1016.42957,1045.6614,495.28998,448.2481,616.55054,640.35205,655.6133,787.8114,1121.2795,1034.7421,677.47894,805.26184,769.9405,781.68976,874.22784,1133.4191,964.7607,1310.1132,1082.7496,1059.7257,717.86926,1227.58,782.0079,961.1013,714.4583,979.9804,
565,164.04879455407706,55.628025,,,,,,,,,,,0,986.136,0,1054.4802,1270.3534,1467.6554,1188.9203,1004.32916,1035.7526,0,0,1044.9431,0,1072.8274,1135.558,1265.5823,956.5267,2123.6624,1012.37854,1632.6888,974.19025,994.61426,1256.7329,1957.5112,1784.8457,1129.9552,1139.7218,1138.2252,964.24646,1581.5054,0,1070.1609,1943.3867,799.44135,1049.7454,1045.2665,1141.7247,920.5502,1513.9232,2023.429,1082.5001,1104.919,1190.7559,1278.9108,1217.3538,915.984,1230.5051,1560.3298,2243.713,1104.031,1102.9644,694.796,1464.2706,1186.3008,1597.3534,796.89343,1452.3419,
152,165.0172518025444,54.31779,,,,,,,,,,,0,1043.6302,0,1057.6809,1012.2112,1080.5371,1038.2462,866.69464,976.338,0,0,848.4678,671.9431,965.4358,1024.0785,975.8359,1080.659,1275.1138,766.4021,1281.676,876.1723,943.56683,1193.6616,1227.255,1190.1566,1085.1508,984.50964,1100.4756,1116.4989,1173.4531,0,1189.8274,1239.6359,770.2413,902.98627,885.96075,841.2109,882.47565,1115.336,1364.5463,1256.1118,888.03174,1036.503,1009.81464,949.05756,1086.3066,1308.8987,1315.5011,1559.0797,1301.577,1332.0454,870.94836,1458.2932,1023.86304,1242.202,1030.4482,1194.1716,
654,165.02524573083628,55.629128,,,,,,,,,,,0,1167.4485,0,1272.8683,1263.237,1443.8015,1245.4249,1154.9996,1252.8137,0,0,1210.5221,820.7744,1185.8359,1330.1935,1338.7094,1118.4672,1906.4109,1134.6431,1702.8451,1105.9519,1105.3337,1389.8441,1718.8516,1787.2556,1301.2001,1242.7325,1157.7954,974.5018,1534.0107,0,1167.336,1824.5256,878.86237,1123.0569,1096.2858,1139.3969,1102.6018,1528.3295,1846.7777,1252.6914,1091.6996,1248.9402,1398.5256,1262.6558,1069.6842,1314.5656,1640.949,2040.7653,1203.5093,1317.8372,836.17,1498.6267,1391.4818,1588.6104,969.11084,1449.4567,
343,165.02549423540475,54.767014,,,,,,,,,,,0,1333.0056,0,1642.6503,1257.2913,1554.8545,1381.8307,1154.133,1587.2272,0,0,989.4472,959.3383,1472.237,1380.1631,1333.1578,1417.0758,1412.3468,930.8019,1678.3145,1394.1112,1481.0232,1559.5433,1452.5247,1475.9683,1480.8892,1651.5231,1760.8015,1872.0637,1656.7509,0,2088.4294,1539.0801,1201.0647,915.45013,1465.1122,1105.828,1272.338,1533.4943,1567.029,2021.4697,1308.9222,1509.7754,1390.4888,1267.1354,1922.7875,1863.7711,1626.3057,1629.2285,1940.8009,2062.3694,1191.6456,2256.3643,1546.4949,1542.2527,1384.814,1448.1913,
209,166.00924134421535,54.322502,,,,,,,,,,,0,0,0,0,0,0,0,0,0,0,0,0,0,0,0,0,0,0,0,0,0,0,0,0,0,0,0,0,0,0,0,414.92514,0,0,0,0,0,0,0,0,0,0,0,0,0,0,0,0,403.85028,0,436.61328,0,400.25204,0,0,0,0,
683,166.02807153209469,55.63,,,,,,,,,,,0,0,0,0,0,0,0,0,0,0,0,0,0,0,0,0,0,0,0,430.35797,0,0,0,0,0,0,0,0,0,0,0,0,434.36874,0,0,0,0,0,0,445.509,0,0,0,0,0,0,0,0,476.47238,0,0,0,0,0,0,0,0,
341,166.0668865209178,54.767002,,,,,,,,,,,0,1034.783,0,1477.2615,1049.4557,1373.7966,1145.644,976.27234,1396.2115,0,887.7339,0,818.90356,1140.1537,1104.8202,1221.6146,1220.0602,1283.1802,0,1386.9749,1024.7483,1327.456,1319.7231,1157.1458,1384.7261,1076.5688,1447.6865,1779.0637,1816.5544,1347.4181,0,2054.032,1407.9794,1002.576,0,1235.1925,985.3279,995.9925,1311.572,1397.5688,1723.9016,1181.7646,1199.5728,1259.8748,1041.5338,1828.4165,2019.0585,1276.7869,1327.8989,1834.9572,1804.6663,1070.8467,2057.8127,1304.3314,1388.2239,1136.8578,1321.5472,
642,169.01920479195965,55.628845,,,,,,,,,,,0,0,0,0,417.74075,484.53156,415.55377,0,0,0,0,0,0,0,401.94998,464.32855,0,595.2749,0,551.1948,0,0,401.68716,565.28503,597.6201,0,0,0,0,550.48676,0,438.9454,592.6456,0,0,0,0,0,495.24387,613.79407,400.18896,0,403.1638,440.0121,424.05557,0,414.19778,485.16608,655.3455,0,449.3802,0,504.19058,0,474.39914,0,498.59955,
388,169.0240389348846,54.76761,,,,,,,,,,,0,1102.7352,0,1486.7352,1121.0641,1416.863,1191.961,1010.33374,1467.389,0,0,0,0,1203.0461,1161.4146,1264.9984,1231.7617,1262.4541,0,1487.9585,997.9768,1333.2638,1311.7715,1159.6244,1339.4257,1322.0817,1518.5708,1711.3193,1934.6008,1386.9863,0,2229.5613,1501.7859,1109.527,0,1300.4459,1018.9235,1073.051,1400.9402,1504.8411,1874.3645,1156.9517,1267.832,1204.4756,1083.1508,1917.4521,1857.8748,1403.204,1429.153,1835.014,1917.3481,1026.029,2297.3909,1388.7777,1360.1954,1169.6051,1244.2086,
198,169.02581886309588,54.320004,,,,,,,,,,,0,0,0,0,0,0,0,0,0,0,0,0,0,0,0,0,0,0,0,0,0,0,0,0,0,0,0,0,0,0,0,0,0,0,0,0,0,0,0,0,0,0,0,0,0,0,436.64008,0,431.11932,0,0,0,422.101,0,0,0,0,
786,169.04086799024842,55.90333,,,,,,,,,,,0,0,0,0,0,0,0,0,0,0,0,0,0,0,0,0,0,488.457,0,0,0,0,0,484.7195,0,0,0,0,0,0,0,0,0,0,0,0,0,0,0,0,0,0,0,0,0,0,0,0,572.5979,0,0,0,0,0,0,0,0,
334,171.04647584052256,54.766872,,,,,,,,,,,1063.4456,2786.101,1095.3802,3833.3716,2793.7273,3572.2478,3054.648,2730.5688,3753.2446,1063.4338,2222.5662,1614.1337,2118.8123,3079.2122,3115.8271,3338.4456,3168.7336,3201.1235,1535.8058,3901.3406,2562.5972,3379.9805,3394.8235,3007.1409,3511.3088,3222.0417,3904.1204,4507.0464,5092.2017,3745.2478,0,5448.9766,3964.9026,2682.4377,1625.947,3370.507,2632.377,2535.2844,3577.9702,3780.7798,4734.667,3046.7368,3284.007,3240.4321,2792.5522,4965.5537,5081.3027,3601.6826,3774.7722,4720.207,4846.519,2630.8718,5830.726,3558.8687,3420.0483,2993.128,3330.9949,
594,171.0465896471132,55.62821,,,,,,,,,,,931.51294,2082.0464,932.4135,2296.2346,2749.947,3232.7336,2483.587,2177.3745,2277.0552,879.62274,1671.7238,2392.6274,1557.6398,2302.198,2542.1877,2892.3381,1842.4655,4583.3813,2141.6248,3770.8342,2135.373,2104.789,2721.4397,4240.7734,4095.102,2556.1763,2290.922,2256.4958,2015.544,3518.2827,0,2150.0112,4334.2476,1578.7031,2419.396,1966.8163,2337.813,2092.0942,3263.9275,4622.138,2343.3706,2203.3286,2571.6643,2919.6777,2699.8235,2086.56,2768.726,3510.7124,5009.877,2273.736,2418.306,1344.799,3156.7583,2633.4163,3305.5706,1591.5786,3203.9038,
89,171.04662742400674,54.31689,,,,,,,,,,,0,1311.8502,0,1514.3877,1650.5535,1890.2782,1576.4594,1140.2714,1421.2472,0,1032.5718,1000.44556,1019.1481,1378.3871,1558.3955,1521.6133,1741.8447,2578.673,916.9026,2408.8843,1222.2916,1384.6774,1741.5662,2404.1655,2211.7676,1612.2393,1432.0187,2199.0654,1962.4707,1870.9912,0,2173.2197,2576.6526,1095.6573,996.68256,1317.9435,1309.9451,1146.0703,1737.8075,2484.2727,2201.7212,1322.9965,1689.7578,1530.219,1735.1177,2010.2932,2562.6616,2320.8794,2969.9124,2166.9065,2208.428,1388.7487,2874.9905,1498.7286,2077.4888,1593.2922,2199.261,
325,172.05840561780877,54.766827,,,,,,,,,,,0,1122.3658,0,1577.6816,1203.8716,1597.0922,1336.3066,1075.033,1490.4691,0,943.3792,661.8274,0,1366.5162,1307.4181,1377.8492,1325.0435,1379.745,682.1801,1565.1416,1093.4502,1340.627,1375.744,1232.1458,1436.3347,1252.8278,1604.031,1820.965,2175.6624,1561.5852,0,2264.8884,1599.9967,1132.1843,800.33936,1328.389,1048.1112,1073.1163,1471.4929,1595.5511,1880.302,1211.576,1343.2922,1259.4606,1211.679,2014.3191,1969.5874,1594.999,1559.9421,2019.5028,2099.8984,1104.9055,2430.6975,1522.9532,1433.5001,1198.9657,1425.4633,
138,172.06128790220086,54.317547,,,,,,,,,,,0,494.6672,0,639.5894,681.50604,729.67145,637.36743,470.4946,553.865,0,460.15952,441.0255,0,563.8715,571.69305,673.5757,668.0788,945.8457,0,908.40405,481.08337,535.54694,665.3452,892.8202,876.5672,612.50867,557.5142,889.7673,766.5054,746.35895,0,857.1994,991.36676,419.2527,426.68814,509.43936,582.45764,539.474,703.5188,1027.6096,924.4848,499.7957,613.0036,582.1837,658.3475,781.4966,999.99475,864.1932,1055.5577,840.7169,907.4825,586.36743,1123.2981,614.76855,868.85913,638.3308,811.12946,
603,172.06245758845586,55.628353,,,,,,,,,,,0,835.9892,0,926.6427,1023.37006,1396.6008,1004.4946,885.8954,826.4292,0,703.85156,965.64954,0,918.4897,946.8395,1155.7247,758.71295,1770.6862,859.80225,1439.0522,808.2857,858.1422,1034.5554,1603.9866,1623.0804,982.5646,937.16345,940.5577,867.0258,1375.3458,0,943.676,1712.0405,602.6162,926.9183,735.91895,956.847,853.4086,1278.8722,1854.9539,934.8235,915.5665,1007.51227,1117.2501,1121.901,921.2324,1098.2275,1405.8615,2040.2576,976.3302,967.7476,641.1399,1345.3406,1053.3988,1347.4753,642.6384,1370.2184,
883,173.02606477133372,56.260998,,,,,,,,,,,3015.4814,0,3254.0994,1592.4514,0,0,0,0,0,2277.4138,0,0,0,0,0,0,0,0,0,0,0,0,0,0,0,0,1820.4086,0,0,0,0,0,0,0,0,0,0,0,0,0,0,0,0,0,0,0,0,0,0,0,0,0,0,0,0,0,0,
752,173.04737160780155,55.716663,,,,,,,,,,,2254.3413,0,2385.0522,0,0,0,0,0,0,1980.4148,0,0,0,0,0,0,0,0,0,0,0,0,0,0,0,0,0,0,0,0,0,0,0,0,0,0,0,0,0,0,0,0,0,0,0,0,0,0,0,0,0,0,0,0,0,0,0,
295,173.05038133507318,54.76651,,,,,,,,,,,1554.3406,4096.3633,1524.9696,5727.335,4298.064,5604.525,4603.154,3825.5264,5541.5215,1327.7103,3275.469,2442.546,3136.0723,4701.746,4480.678,4854.2905,4995.75,4806.8574,2339.4685,5399.331,4132.228,4959.0327,5222.0024,4428.802,5310.8584,4826.0786,5993.1665,6727.2812,7500.4336,5652.6143,0,8423.642,6063.065,4124.3765,2393.671,5027.6143,3945.9043,3936.025,5484.776,5970.584,7212.364,4392.958,4877.547,4783.506,4150.4946,7547.6943,7819.4316,5579.4424,5701.873,7102.891,7355.0234,4028.5828,8854.387,5354.037,5389.4067,4662.312,5419.6396,
602,173.05130265083048,55.62832,,,,,,,,,,,0,2816.0867,0,3157.4607,3817.5176,4570.145,3329.4924,2793.0618,3118.3845,1151.0742,2219.4385,3396.7026,2140.4944,3122.0579,3410.2043,3887.65,2473.2034,6252.3267,3068.5571,5042.73,2842.5535,2879.3347,3643.3762,5942.111,5887.4434,3571.951,3185.2065,3460.9653,2696.969,4674.225,0,3079.9656,6062.282,2251.696,3239.4995,2818.4155,3118.7732,2779.4893,4590.684,6533.199,3107.2065,3044.7422,3559.7302,4094.8525,3933.2417,2902.7773,3905.7332,5036.425,7158.0776,3251.1233,3322.4658,1956.0906,4528.7363,3566.4163,4779.659,2187.8706,4381.2515,
112,173.05235252625778,54.31727,,,,,,,,,,,0,1726.6823,0,1909.1122,2294.9006,2391.561,2080.9482,1400.8179,1868.0974,0,1363.7921,1252.7512,1385.0853,1838.9957,1952.9781,1955.3234,2218.913,3426.14,1138.9349,3084.2827,1494.8523,1780.8081,2360.623,3275.6348,2988.2441,2045.6254,2002.4904,2969.2925,2608.271,2494.5532,0,2897.268,3315.5725,1411.1366,1325.173,1695.6191,1697.3645,1548.4792,2288.7554,3370.2615,2930.3083,1645.7672,2184.8208,2111.8945,2189.0977,2520.7273,3414.2197,3081.644,3921.9614,2954.7588,2978.2402,1868.7205,4101.578,2027.0461,2795.7307,2063.2437,2839.1055,
874,174.0119534662588,56.259445,,,,,,,,,,,2741.8022,0,2995.2354,1416.405,0,0,0,0,0,2175.4597,0,0,0,0,0,0,0,0,0,0,0,0,0,0,0,0,1646.5192,0,1145.3203,0,0,0,0,700.3959,0,829.94574,0,0,0,0,0,0,0,0,0,0,0,0,0,0,0,0,0,0,0,1068.7467,0,
759,174.01989942100792,55.71857,,,,,,,,,,,15256.578,1752.0372,15698.465,2219.964,1844.1755,0,1935.9022,1489.4551,1227.7136,12726.842,1119.7855,853.965,1093.2583,1542.7499,2141.0735,1323.1301,1692.0929,1561.5835,608.2756,0,1530.5067,1085.8574,2304.974,1245.7662,1178.1154,2142.5176,2308.5566,0,2503.952,0,0,2563.952,0,1245.2059,800.1801,1278.1324,989.8048,1414.1691,0,1067.8081,1364.2393,1323.233,2061.9795,1509.7405,0,2204.0793,1015.0896,2191.252,1577.0886,1323.7407,1499.1069,1153.4609,1108.8431,1896.4812,909.09546,1974.6421,1729.6136,
645,174.0509288514559,55.628963,,,,,,,,,,,0,1145.7068,0,1290.7041,1534.491,1741.4374,1360.4868,1142.8685,1242.1549,0,915.5106,1304.7695,901.68225,1220.6626,1379.2726,1620.3364,1056.12,2537.6953,1158.7325,1991.5541,1161.7738,1169.4165,1525.611,2275.7656,2404.7654,1335.2864,0,1282.3586,0,1890.9232,0,0,2351.7764,807.9297,1288.133,1182.9762,1333.2439,1035.6633,1755.6139,2522.5938,1222.8901,1229.9026,1404.5385,1603.408,1533.3943,0,1484.2556,1980.563,2779.33,1268.782,1287.8278,783.3348,1733.7366,1445.9092,1898.8365,0,1741.6359,
163,174.0533060614184,54.317913,,,,,,,,,,,0,0,0,0,884.9127,1055.6606,0,0,0,0,0,561.3599,0,0,0,0,0,1398.171,0,1197.5802,0,0,0,1284.0526,1068.5535,0,0,1150.3063,0,909.0536,0,0,1351.1196,0,561.61426,0,0,0,885.52924,1367.9,1110.9277,0,0,0,857.7744,0,1338.2756,1150.5204,1494.0242,1120.6855,1208.4319,695.44885,1491.9673,0,1145.9712,0,1120.9598,
315,174.0592419805917,54.766697,,,,,,,,,,,0,1304.0817,0,1720.8755,1162.7502,1624.1641,1340.1141,1169.9478,1540.6718,0,946.98267,713.40375,903.21576,1412.2449,1327.5087,1383.9569,1517.659,1343.442,683.01404,1638.7705,1120.0844,1463.3275,1478.393,1244.565,1524.931,1346.6486,1708.2579,1996.8169,2068.068,1625.3112,0,2393.677,1658.2472,1206.5593,699.0454,1465.1592,1184.8909,1115.8519,1479.6055,1658.5603,2045.3665,1294.5365,1437.5184,1468.0565,1202.3896,2166.616,2156.111,1637.2909,1572.3446,2104.153,2165.9197,1146.7035,2432.978,1613.1085,1456.932,1391.6143,1484.8646,
740,175.0171479971464,55.714996,,,,,,,,,,,2694.4465,0,2939.086,0,0,0,0,0,0,2496.6233,0,0,0,0,0,0,0,0,0,0,0,0,0,0,0,0,0,0,0,0,0,0,0,0,0,0,0,0,0,0,0,0,0,0,0,0,0,0,0,0,0,0,0,0,0,0,0,
289,175.0497898081184,54.76633,,,,,,,,,,,1039.2383,2842.4617,1100.4315,4053.5076,2814.8987,3732.3655,3204.265,2586.5005,3644.9856,988.2975,2193.6343,1657.2131,2205.695,3211.4849,3021.8545,3278.5364,3362.4617,3209.1313,1548.1631,3881.5908,2693.8286,3401.6895,3511.9775,3129.998,3634.7432,3263.592,3982.887,4738.176,5098.3784,3762.5815,0,5495.9214,4057.6646,2861.3914,1647.5168,3531.9424,2678.4346,2676.894,3558.7312,3937.11,4957.5537,3111.1987,3271.1184,3319.0254,2865.6082,5200.015,5195.418,3867.661,3788.3403,4892.374,5041.0615,2796.9539,6026.802,3483.6143,3652.8054,3154.6506,3545.845,
638,175.05514046350498,55.62877,,,,,,,,,,,0,1396.1396,0,1646.5587,1918.8225,2307.7195,1620.0647,1409.7914,1592.9686,0,1101.4473,1646.541,1113.5322,1664.3193,1705.2769,2034.5616,1267.7162,3166.7322,1518.6918,2480.6172,1480.0382,1556.9598,1827.1775,2912.0305,2818.7454,1680.9749,1612.934,1638.3177,1309.8147,2371.2942,0,1566.8293,2999.298,1081.5701,1609.4191,1462.2583,1680.6908,1417.7623,2193.2642,3172.3335,1620.916,1633.5679,1797.1023,2039.15,1912.5289,1385.4639,1953.9873,2537.2913,3304.7222,1605.2128,1666.1167,957.97546,2260.0056,1921.5334,2308.2825,1174.5342,2323.8728,
101,175.05640741204178,54.317078,,,,,,,,,,,0,951.34814,0,1040.2772,1200.813,1284.3442,1076.0461,812.88165,1072.0723,0,740.6273,645.9581,667.69666,898.6136,1035.7549,1042.6653,1142.8977,1703.3789,712.2733,1527.0635,820.20593,949.76825,1223.3583,1693.6104,1459.6107,1016.11115,1042.5656,1480.153,1309.6414,1272.2657,0,1552.6766,1692.5597,728.17786,681.94116,882.4439,896.9954,836.57764,1196.0259,1653.7358,1518.4397,845.0523,1120.134,1110.1962,1167.0857,1386.4495,1759.233,1471.1975,1996.1292,1444.1233,1494.0775,929.56165,1929.1418,1060.9517,1355.8928,1089.5482,1466.4923,
103,176.03331276480853,54.31712,,,,,,,,,,,0,568.0196,0,543.82477,589.67535,675.763,604.05786,440.6744,552.6159,0,0,0,0,567.9405,565.62146,535.21674,618.29,856.2079,0,725.84143,454.2177,490.58417,650.86725,785.6816,685.89996,567.9686,637.3233,671.32526,615.8735,668.6025,0,710.87286,803.90845,0,0,500.6783,499.46713,540.3635,564.7973,821.32855,724.48773,493.00882,558.02515,577.4292,634.2589,665.48413,809.29224,794.8107,911.40765,785.3753,742.5178,492.43542,830.7372,569.9202,729.5407,552.3985,685.9317,
286,176.04145188030958,54.766293,,,,,,,,,,,0,1349.2305,0,1917.9258,1409.037,1853.0645,1550.3341,1339.8134,1850.2593,0,1066.9692,0,1022.68256,1620.1066,1577.082,1591.2266,1689.9484,1670.2017,0,1906.1566,1375.1857,1704.4103,1662.1915,1505.0801,1762.3115,1691.3357,1954.4989,2099.8381,2453.0735,1776.6188,0,2696.407,1840.1648,1379.0654,0,1727.1595,1324.6398,1298.474,1726.1713,1968.6407,2309.6472,1437.6558,1648.3462,1695.9922,1351.866,2417.1301,2408.887,1935.7185,1829.3213,2360.8215,2403.261,1330.3538,2848.5605,1808.0115,1672.7483,1576.3577,1731.7999,
559,176.04195249464567,55.627995,,,,,,,,,,,0,711.12256,0,830.54596,893.57794,1068.4001,819.41486,746.1576,753.9621,0,514.15,0,597.82574,816.3135,737.42957,955.22064,720.49036,1380.6868,0,1195.3475,747.26874,684.37134,936.8372,1260.2762,1238.4763,838.73126,900.09283,775.1118,695.4786,1078.984,0,804.63354,1321.8381,584.1556,0,730.3276,767.9938,769.14087,1061.3776,1524.0187,778.3789,808.56586,865.9971,1011.51324,926.7777,689.94604,906.7022,1076.5564,1562.8555,805.9248,839.24945,513.7097,1030.03,892.28046,1169.8837,602.56,1048.663,
812,176.99279952233454,56.212498,,,,,,,,,,,0,0,0,0,0,0,0,0,0,0,0,0,0,0,0,0,0,0,1968.7487,0,0,0,0,0,0,0,0,0,6635.8594,0,0,5401.9824,0,0,0,0,0,0,0,0,0,0,0,0,0,7541.602,0,0,0,0,0,0,0,0,0,0,0,
270,177.0112302727298,54.766064,,,,,,,,,,,1646.7689,2824.8591,1764.2573,3382.599,2749.8455,3441.8496,3184.7773,2760.9124,3376.0996,1513.7294,2067.6016,2406.7134,2105.7046,2955.619,2906.5383,2877.605,3114.6414,3007.8513,2190.0752,3497.603,2843.1716,3070.3162,3251.616,2715.6255,3444.915,3140.1458,3531.758,3973.6646,5060.2744,3325.509,0,5524.494,3691.9294,2406.778,2255.1592,3247.9275,2406.5107,2766.927,3404.9702,3841.883,4205.239,2908.654,3177.0354,3035.5798,2679.9275,4986.8857,4451.4487,3443.9712,3375.7463,4048.8052,4290.428,2359.9036,5073.6216,3482.7563,3416.9238,2902.299,3084.7717,
63,177.01182242855825,54.31636,,,,,,,,,,,0,1676.4384,0,1708.894,1842.119,1910.4148,1802.4609,0,1650.4025,0,1183.712,0,1125.898,1608.9254,1764.9382,1705.2513,1841.7358,2348.0938,0,2268.457,0,1524.0919,1838.7107,2143.2283,2126.5903,1869.6489,1825.5564,2089.6917,0,2019.9421,0,0,2391.4312,1195.6803,0,1579.4495,1372.1942,0,1888.39,2397.846,2328.137,1448.0177,1805.1216,1843.8046,1705.9836,0,2368.4573,2349.8816,2613.2188,2296.401,2263.6038,1477.3314,2724.536,1716.1042,2180.601,1774.0448,2218.0017,
590,177.0189455196954,55.6282,,,,,,,,,,,1572.1183,2387.3088,1462.6057,2302.5117,2660.0435,3147.7039,2577.0164,2440.3403,2354.426,1411.1095,1771.6665,2793.8875,1679.0464,2524.5188,2582.5486,2829.8467,2048.9666,4148.2134,2773.3142,3460.4949,2485.9333,2281.027,2601.1543,3619.5227,3713.8923,2714.0222,2404.1768,2552.4783,3322.597,3251.9683,0,3279.0432,4202.488,1644.7532,2842.947,2295.0457,2193.5525,2503.5398,3185.9827,4327.6616,2507.4482,2392.9875,2650.953,2745.6895,2746.9038,3304.8425,2821.7957,3480.43,4518.054,2502.529,2446.0444,1511.1477,3387.212,2771.8901,3293.9167,1842.3,3142.9458,
70,178.04062145204858,54.31652,,,,,,,,,,,587.9359,1557.4531,545.03204,1626.1906,1969.0115,2025.5332,1838.7522,1249.6594,1557.6035,511.26184,1239.6626,1141.4171,1173.6718,1543.8804,1600.0758,1757.2289,1941.5486,2867.1223,1071.1052,2613.295,1355.2928,1520.8624,1949.2612,2727.8398,2519.4446,1724.7333,1667.6552,2447.8286,2164.1667,2017.4845,0,2437.029,2825.2803,1145.5315,1111.1788,1505.1124,1489.7078,1277.134,1983.7935,2808.977,2507.106,1445.2778,1927.7477,1712.2412,1958.9552,2281.8242,3005.3574,2520.885,3240.1877,2371.1206,2588.0527,1522.3772,3326.8662,1754.1334,2367.9065,1792.747,2432.1226,
264,178.04227383809277,54.765903,,,,,,,,,,,546.069,870.97485,496.98135,1128.8597,874.6992,1148.4707,973.17523,863.61066,1171.9121,459.85876,747.4616,700.8467,663.2069,1003.67865,949.63745,1018.41486,1001.59985,0,639.26154,1194.368,867.7604,1020.8944,1073.7339,943.1236,1097.4707,1035.1915,1164.5934,1339.2236,1620.9294,1164.5305,0,1632.0752,1218.508,795.1929,610.08826,1050.8032,806.92285,925.763,1157.0409,1211.0898,1468.3655,952.8356,1039.7574,1028.5502,852.0229,1553.1036,1506.2971,1130.8728,1120.7836,1393.1991,1388.118,852.81726,1723.8075,1045.2498,1008.96173,977.5953,1072.8693,
573,178.04590610296614,55.628113,,,,,,,,,,,1104.6924,2609.4954,1207.2168,2710.34,3458.4092,4035.6973,2957.9888,2557.6318,2827.7104,988.16016,2031.5198,2876.522,1981.4021,2758.7766,2886.3594,3485.9092,2153.1763,5808.592,2654.6885,4345.412,2633.9258,2507.4187,3212.939,5197.912,5220.175,3151.61,2741.001,2927.4802,2536.7356,4121.423,0,2755.8977,5554.834,1911.2213,2771.9731,2541.3325,2791.8513,2485.3213,3814.7476,5773.212,2706.404,2770.1565,3217.191,3639.4197,3392.8223,2451.6162,3439.442,4202.811,6167.132,2798.1438,2923.3777,1695.1324,3854.3938,3047.205,4075.3174,1910.971,4022.254,
357,179.00603885383376,54.76722,,,,,,,,,,,0,662.6456,0,722.7597,593.25433,704.6453,624.18207,614.3491,730.3936,0,0,0,0,690.16473,683.3789,643.76953,623.6924,0,0,739.0873,611.94086,658.9768,638.44916,587.5969,0,693.2321,755.78784,646.001,828.069,784.1952,0,875.1893,692.373,0,547.4139,609.3632,533.92645,636.3037,730.4047,729.6123,805.02515,578.26807,684.89276,671.94476,587.2292,796.04346,739.0781,702.26086,701.1739,864.5665,709.0755,0,881.9703,685.1422,692.3429,686.15985,703.7303,
73,179.01295929050633,54.31663,,,,,,,,,,,0,812.34326,0,894.02124,932.24976,943.7633,901.8464,765.9052,843.4299,0,0,718.7623,0,810.41156,888.13434,915.593,968.03955,1236.2874,658.14844,1197.7411,790.236,797.74567,927.09937,1172.592,1144.5028,939.8261,932.3988,1138.5665,1067.5815,1013.8614,0,1139.6888,1172.7499,0,672.0294,768.5829,735.97253,769.3423,1010.0784,1205.5714,1213.3092,806.7927,914.6365,936.5966,908.70544,1072.8317,1189.3442,1125.6211,1326.3073,1171.9421,1099.3152,0,1361.0491,868.10364,1137.5685,946.53973,1088.0703,
662,179.02192638566171,55.62938,,,,,,,,,,,0,1051.3429,0,1083.3949,1222.2458,1468.1514,1178.4299,979.441,1139.7859,0,0,1114.5139,0,1111.0137,1144.5273,1300.4806,926.4747,1917.8231,1067.2883,1649.6797,1105.1722,1068.3684,1186.0765,1824.1539,1733.9474,1147.457,1078.1183,1117.2168,971.93787,1578.5071,0,1074.0847,1847.6421,0,1155.2952,1063.9386,1131.1052,995.7777,1557.4929,2010.6865,1177.9507,1101.849,1229.0674,1493.4358,1250.0709,1033.0255,1328.5221,1586.5626,2249.5535,1092.2305,1218.7555,0,1496.5983,1323.0736,1580.289,901.45404,1560.0908,
686,183.01360257513147,55.630005,,,,,,,,,,,0,0,0,0,0,476.74664,0,0,419.96176,0,0,0,0,0,0,448.7656,0,616.11865,0,529.1994,0,0,473.1216,558.8787,530.95917,0,0,0,0,506.0974,0,412.74435,600.2779,0,0,0,0,0,460.80646,691.91174,416.0245,0,417.4472,446.81857,404.5165,0,416.42957,525.38574,669.26086,0,0,0,472.35403,404.16803,487.86597,0,548.4802,
349,183.01715070214803,54.76709,,,,,,,,,,,0,965.8395,0,1309.3145,960.0602,1284.8876,1060.862,965.73096,1240.9863,0,0,0,0,1137.3743,1155.7349,1121.967,1239.644,1130.7039,0,1326.9677,916.6126,1140.189,1220.0372,1059.053,1250.623,1159.256,1343.0795,1553.1108,1692.5159,1290.1461,0,1821.7892,1394.4688,985.21643,0,1173.5424,949.24976,922.15497,1220.7477,1406.8716,1661.7202,1016.7823,1103.1416,1194.2811,985.4246,1687.3203,1645.564,1304.2838,1339.8748,1609.0396,1727.5067,949.6868,2046.6594,1262.0219,1248.8997,1055.7251,1194.3246,
432,184.05633910844887,54.777504,,,,,,,,,,,0,0,0,0,0,0,0,0,0,0,0,0,0,0,0,0,0,0,0,0,0,0,0,0,0,0,0,0,0,0,0,965.6028,0,0,0,0,0,0,0,0,0,0,0,0,0,867.62897,0,0,0,0,795.4028,0,1003.90485,0,0,0,0,
593,185.04286643264865,55.6282,,,,,,,,,,,958.5142,2030.4812,963.78784,2317.0857,2727.7754,3151.6614,2479.7947,2148.9463,2262.9448,1006.28345,1705.2537,2385.0964,1594.221,2330.248,2321.8813,2874.144,1857.3887,4538.1616,2271.621,3617.936,2150.8264,2068.749,2703.4631,4237.5425,3961.5156,2434.5042,2383.0017,2521.1802,2472.7656,3295.3088,0,2548.3657,4458.6074,1561.4567,2593.2766,1962.5126,2256.4888,2164.0251,3263.0803,4696.781,2300.796,2321.2188,2562.9246,2898.3533,2812.757,2421.378,2888.7485,3509.8945,5010.696,2264.0674,2250.4724,1469.152,3200.4524,2459.201,3357.6926,1599.0236,3225.758,
69,185.04443369942413,54.316513,,,,,,,,,,,0,1306.9856,0,1441.1884,1798.1621,1852.6826,1621.1196,1036.969,1530.9731,0,1011.93726,905.6695,1010.8859,1376.0409,1408.8379,1573.1713,1764.6349,2483.134,942.38574,2212.2332,1225.7843,1333.2439,1719.2733,2374.5898,1977.036,1412.4841,1510.9977,2227.478,2082.1301,1737.6573,0,2174.6826,2525.1526,1042.497,964.81006,1285.8539,1367.9833,1176.95,1774.0004,2361.5952,2058.1177,1305.8748,1523.4547,1536.6306,1704.4259,1992.9735,2618.796,2157.3635,2981.5037,2047.6512,2029.9581,1413.6482,2846.515,1457.0602,2036.3063,1529.9683,1979.9938,
296,185.04462325061618,54.76651,,,,,,,,,,,1447.6809,3409.899,1323.6339,4843.04,3351.4578,4488.1567,4027.0193,3231.5295,4499.282,1235.3289,2693.67,2248.702,2624.6816,4035.0435,3654.6213,3920.6055,4099.2397,4074.4255,2020.4417,4622.871,3366.4753,4014.406,4064.238,3775.2847,4357.718,3902.8628,4738.034,5497.6523,6375.333,4631.761,0,6881.056,5023.968,3346.9534,2184.544,4067.5784,3271.7136,3321.0444,4583.2725,4887.5186,5836.873,3660.4155,4061.2703,3825.427,3476.7317,6366.394,6332.383,4562.034,4597.875,5658.5176,6095.846,3236.194,7188.2666,4271.0093,4321.919,3735.7104,4172.2476,
550,186.04858106627634,55.627914,,,,,,,,,,,0,894.9634,0,967.7293,1251.3115,1404.5054,1132.6388,873.748,994.575,0,765.51587,1107.2377,728.34357,1001.8846,1055.8264,1277.3485,881.6813,2057.029,977.595,1543.9487,989.82086,886.1929,1141.2776,1755.0452,1794.6626,1027.5443,981.6077,1162.8921,1230.5518,1424.7058,0,1199.6312,1913.7156,660.19775,1088.6823,974.70905,983.09155,1017.5982,1424.0804,2033.3466,1049.964,1064.5233,1115.2441,1274.3655,1197.9016,1271.17,1273.0117,1558.2546,2116.7283,1054.4034,1029.475,704.8267,1509.5295,1102.459,1526.6558,654.73944,1417.851,
54,186.05046594700357,54.316036,,,,,,,,,,,0,592.6669,0,611.41223,752.8447,825.97845,691.14026,489.69073,662.24744,0,482.54626,425.9405,412.99377,577.016,672.41876,685.9026,741.04675,1030.032,449.5822,908.09576,538.0108,572.28345,768.7028,1029.1667,869.203,605.85614,620.7656,961.76855,773.4204,708.29456,0,948.9637,1101.9944,408.59824,413.03137,529.4766,610.78754,500.898,769.56586,1022.9902,947.9431,573.0925,651.61456,693.49036,712.43933,896.27264,1115.2063,989.4825,1258.5233,937.5737,1006.84406,605.7591,1212.4161,655.2151,890.85516,678.9134,902.8718,
280,186.05127506845676,54.76622,,,,,,,,,,,0,1254.4603,0,1717.3132,1237.9741,1634.8206,1418.3842,1166.9012,1718.3234,0,924.7028,796.59564,942.6891,1377.1033,1408.6969,1443.1638,1524.1206,1410.8071,811.82904,1570.7528,1271.3376,1517.3488,1503.5312,1313.3762,1534.2971,1375.1422,1624.7244,1919.9451,2470.9414,1717.5907,0,2625.016,1710.3593,1217.8278,895.764,1465.5223,1105.5577,1205.5051,1584.1771,1797.6594,2069.6472,1327.3848,1452.8839,1398.2301,1254.6583,2422.8015,2111.9685,1674.8993,1698.9827,2046.1311,2193.2017,1155.2024,2499.4753,1502.3854,1518.7924,1312.7074,1502.8369,
753,187.01575840125392,55.716663,,,,,,,,,,,3660.4453,0,3846.4058,0,0,0,0,0,0,3187.1243,0,0,0,0,0,0,0,0,0,0,0,0,0,0,0,0,0,0,0,0,0,0,0,0,0,0,0,0,0,0,0,0,0,0,0,0,0,0,0,0,0,0,0,0,0,0,0,
869,187.01608172255456,56.2575,,,,,,,,,,,1806.3495,0,1875.3171,0,0,0,0,0,0,1326.962,0,0,0,0,0,0,0,0,0,0,0,0,0,0,0,0,1116.5116,0,0,0,0,0,0,0,0,0,0,0,0,0,0,0,0,0,0,0,0,0,0,0,0,0,0,0,0,0,0,
292,187.05262079588184,54.766422,,,,,,,,,,,1249.4991,2958.8267,1113.826,4118.9717,3115.1619,3908.8184,3396.8528,2760.3826,4043.9866,1020.48676,2333.5747,1638.6976,2224.9888,3471.2861,3215.992,3565.1765,3579.8123,3589.8582,1605.0522,4075.645,2694.0576,3695.5957,3682.103,3243.3782,3918.3271,3366.5388,4208.6343,4826.033,5382.1616,4115.7305,0,6077.688,4149.2964,3092.3442,1679.2634,3548.5884,2925.511,2731.6516,3833.0344,4192.6987,5119.7617,3176.83,3330.589,3537.057,3003.7185,5399.2803,5505.9976,4031.2559,4000.4602,5320.0854,5229.9976,2887.469,6688.503,3792.7202,3710.02,3276.3281,3641.1477,
76,187.05402524438736,54.316696,,,,,,,,,,,0,1063.7084,0,1266.8025,1440.6316,1577.9823,1346.1938,971.9624,1122.6871,0,958.9166,846.4773,875.695,1229.6195,1293.3433,1200.8461,1384.6051,2259.9062,714.90784,1929.5535,952.101,1141.9994,1496.3354,2091.9097,1789.3916,1221.7175,1214.288,1861.4596,1503.8317,1508.3292,0,1859.6028,2103.9438,888.3047,778.7261,1068.3978,1033.3076,948.88525,1550.2776,2101.26,1818.698,1119.2675,1328.5192,1302.5796,1460.1091,1750.0859,2158.0625,1894.3785,2445.8547,1805.6823,1859.2026,1124.7666,2459.6077,1237.8284,1862.5018,1347.0879,1767.5671,
585,187.05526845173503,55.628197,,,,,,,,,,,0,1774.105,0,1982.3259,2494.3494,3008.5857,2168.323,1850.4302,1972.1052,0,1429.2554,2012.8525,1338.4635,2007.0696,2095.3809,2481.6655,1585.4615,4126.405,1880.0444,3387.794,1907.8323,1801.1605,2311.533,3685.925,3630.8257,2155.923,1996.73,2122.9478,1810.2498,2920.7896,0,1937.8463,3937.513,1329.5231,1985.675,1737.3302,2041.8309,1796.3838,2819.1902,4122.268,1997.104,1951.17,2197.623,2531.805,2339.4255,1713.0624,2470.9045,3093.5776,4385.5723,2092.2104,2107.8738,1272.6577,2782.511,2234.9114,3044.3955,1449.1376,2893.156,
191,188.04408297938525,54.319195,,,,,,,,,,,0,0,0,0,453.1311,462.44687,0,0,0,0,0,0,0,0,0,0,423.95554,595.913,0,497.966,0,0,419.36383,630.44,539.6649,0,0,497.07944,435.38345,457.62537,0,517.3534,514.49133,0,0,0,0,0,433.42987,567.0912,514.7927,0,0,0,0,443.96732,576.21606,517.985,659.9238,536.65643,553.1288,0,681.3616,0,503.20825,0,550.60803,
661,188.04619005971819,55.629253,,,,,,,,,,,0,463.23276,0,553.82446,642.4446,790.34424,567.58484,0,524.21313,0,0,0,0,599.5603,0,649.13403,476.33606,1113.4629,0,841.6195,0,477.59857,638.09283,987.0497,1013.24615,597.914,543.7244,625.70874,499.55933,807.55835,0,521.3073,1044.6688,0,0,534.5783,603.2099,0,736.9807,1064.6166,581.3632,0,545.6535,694.4263,0,519.0572,701.27625,830.6185,1211.1752,534.8454,570.66296,0,759.4881,624.37134,812.9307,441.56686,749.1399,
393,188.0465594154307,54.767693,,,,,,,,,,,0,799.59467,0,1199.5406,918.0683,1091.4878,869.90356,0,1139.1771,0,0,0,0,989.4462,0,1011.2671,1082.0461,946.9356,0,1151.5881,0,1009.55804,1013.85516,915.2703,1090.2903,894.2811,1192.8921,1368.6512,1589.2338,1118.1866,0,1676.6057,1213.308,0,0,962.1765,829.9686,0,1074.9751,1205.9153,1497.0612,0,960.3171,907.05493,0,1514.7496,1529.0487,1112.174,1175.7084,1401.4436,1470.9127,830.6845,1832.2426,1068.678,1073.5862,916.2308,1000.06866,
92,189.03113950420817,54.316895,,,,,,,,,,,0,795.5871,0,851.8581,1001.5636,1154.964,881.12714,732.593,895.52405,0,670.44556,641.2746,611.0729,865.0389,918.6813,916.1246,1019.78326,1455.97,610.34814,1310.9879,790.1984,789.35046,1043.8597,1424.7224,1205.7179,851.05133,912.10986,1302.4155,1108.6696,1026.3367,0,1243.2928,1449.4734,659.4773,621.00586,749.99475,800.5789,789.99115,1128.0624,1416.9493,1291.7368,839.5342,938.25336,899.948,968.2321,1187.0343,1534.5619,1308.2766,1639.423,1259.7957,1308.3105,821.5835,1680.2354,891.3619,1300.8278,960.7104,1220.1547,
557,189.0385637726108,55.627956,,,,,,,,,,,637.01044,1169.15,0,1380.0144,1639.2203,1945.6653,1539.759,1291.2108,1326.0411,0,978.78394,1365.4423,1097.8143,1343.2001,1451.0232,1725.81,1166.3632,2616.5024,1265.3707,2232.1033,1305.5103,1263.558,1676.4031,2711.5679,2435.9856,1477.916,1434.9254,1429.7672,1270.3331,2026.353,0,1389.8931,2635.6753,975.78296,1405.8124,1295.578,1427.8866,1308.7251,1971.5482,2737.5413,1482.3269,1414.3809,1601.7081,1730.6433,1569.3331,1285.4763,1799.8147,2130.4592,3048.1714,1356.4524,1462.8206,837.3491,1903.592,1541.5714,2017.3867,972.2063,1946.4792,
317,189.04451109937756,54.76675,,,,,,,,,,,862.8124,1915.8787,0,2557.004,1992.052,2494.488,2094.2576,1718.3485,2428.411,0,1400.1798,1213.8182,1467.8911,2134.6733,1976.0948,2105.751,2215.4902,2158.5098,1024.0765,2543.8406,1777.27,2218.7666,2220.4607,2031.4681,2409.2043,2035.3809,2562.4602,3006.9443,3269.7644,2397.8372,0,3567.2183,2481.9187,1938.7892,1107.0575,2216.6714,1801.6852,1690.4557,2359.0012,2605.2354,3156.422,2042.608,2162.7124,2156.7087,1860.7793,3425.857,3483.6626,2481.9482,2438.983,3111.2092,3149.6382,1743.1245,3916.3643,2211.48,2261.3796,2018.8411,2234.3552,
845,189.9499969482422,56.225002,,,,,,,,,,,0,0,0,0,0,0,0,0,0,0,0,0,0,0,0,0,0,0,0,0,0,0,0,0,0,0,0,0,667.61554,0,0,676.63745,0,0,0,0,0,0,0,0,0,0,0,0,0,745.8424,0,0,0,0,0,0,0,0,0,0,0,
425,190.02177172856977,54.770718,,,,,,,,,,,0,0,0,0,0,0,0,0,0,0,0,0,0,0,0,0,0,636.28046,0,0,0,0,0,0,710.7352,0,0,864.78357,1121.3838,0,0,1150.4227,787.7973,0,0,0,0,0,0,758.0438,896.9327,0,0,0,0,1110.2994,1036.9961,744.06964,750.1497,0,949.2589,0,1051.7021,0,0,0,0,
698,190.03346470649174,55.631428,,,,,,,,,,,0,0,0,0,0,0,0,0,0,0,0,0,0,0,0,0,0,969.5234,0,0,0,0,0,0,925.5002,0,0,586.0297,630.7551,0,0,680.0719,949.17816,0,0,0,0,0,0,1069.0101,597.79144,0,0,0,0,808.7754,730.65967,879.77704,1050.1923,0,608.39,0,773.221,0,0,0,0,
193,190.03934478525738,54.319584,,,,,,,,,,,0,0,0,0,0,0,0,0,0,0,0,0,0,0,0,0,0,560.8068,0,0,0,0,0,0,541.70514,0,0,539.1275,0,0,0,600.5989,555.2112,0,0,0,0,0,0,574.5456,538.6574,0,0,0,0,0,614.3652,487.0886,706.6133,0,527.4011,0,671.7676,0,0,0,0,
119,190.95306773404894,54.317352,,,,,,,,,,,0,3038.8638,0,2985.4192,3002.627,3017.6382,2930.5012,2953.0576,3095.8157,0,2096.9177,0,1987.9264,2963.255,3270.779,2919.0413,3064.3733,3417.3796,2681.0107,3582.053,2991.6372,2815.441,3291.4014,3166.2537,3279.5613,3289.4736,3068.1821,2780.3674,3165.8833,3312.5793,0,3551.0557,3349.6965,1979.2079,0,2907.475,2383.2615,2762.8909,3178.8477,3598.288,3550.8484,2437.5696,3127.3552,3136.1907,2786.5632,3022.9404,3407.7869,3685.2588,3631.595,3489.4963,3467.1436,2410.1467,4036.978,3159.578,3505.7463,2946.946,3324.4504,
318,190.95602969794356,54.76677,,,,,,,,,,,0,3231.469,0,3328.1719,2779.7693,3037.3113,2870.3992,2997.508,3242.9036,0,2000.713,0,2077.9363,3054.144,3324.0437,2986.9033,2998.9258,2911.97,2681.7195,3214.8064,2936.3638,2987.859,3320.3,2465.3635,3081.8691,3414.756,3356.2585,2806.6636,3491.6265,3359.2935,0,3821.816,3163.7856,2412.7434,0,3109.0547,2346.757,2874.4744,3199.3413,3347.979,3489.7222,2582.7163,3169.997,3313.588,2667.9082,3356.7368,3333.8193,3458.9392,3214.5505,3765.972,3748.6782,2375.9158,3964.6633,3248.2573,3400.6045,3172.432,3067.933,
546,190.96441309851704,55.627754,,,,,,,,,,,2824.588,3660.079,2944.0566,3769.3242,3821.306,4183.9956,3668.5725,3539.8098,3586.9111,2672.4116,2565.8127,3719.4314,2530.6985,3657.0264,3717.4832,3677.71,3173.343,5164.209,3539.7231,4626.1895,3632.4255,3324.0261,4090.4058,4525.558,4943.546,3824.5198,3719.535,3252.2024,3295.4438,4494.845,0,3642.599,4815.042,2415.577,3703.8518,3452.4897,3125.4666,3328.8142,4172.638,5402.2915,3632.7698,3238.099,3998.6646,4188.949,3511.0022,3224.6218,3864.6633,4574.036,5427.218,3803.326,3865.9526,2525.079,4361.71,4209.0635,4603.956,3244.3232,4253.522,
370,191.9454014048709,54.767315,,,,,,,,,,,0,0,0,725.1282,637.9248,707.1703,0,0,0,0,0,0,0,0,729.65607,629.87805,0,645.2556,0,753.6845,0,0,696.25824,597.6535,730.7424,762.272,0,0,0,739.2442,0,0,713.28864,0,0,0,0,0,0,756.09155,0,0,692.9951,734.6165,584.83325,0,729.5969,772.6061,671.609,780.3936,779.35504,0,815.46356,724.02124,749.44525,0,739.03107,
203,191.9540625241405,54.320827,,,,,,,,,,,0,0,0,730.66364,706.28375,787.0157,0,678.78754,0,0,0,669.18896,0,0,737.6368,709.85944,0,869.18176,0,828.6401,682.4292,0,772.94867,752.9353,820.1664,768.7169,0,0,0,797.56195,0,0,851.74304,0,0,0,0,0,751.2272,900.48413,0,0,803.19354,759.8869,705.85156,0,794.65643,858.78394,983.6698,890.14844,872.5829,0,1020.14087,747.2903,858.1174,0,836.2674,
669,191.97537413732715,55.629505,,,,,,,,,,,0,0,0,894.5832,931.662,1067.0088,0,867.94476,0,0,0,931.7643,0,0,948.3168,961.1118,0,1269.9061,0,1199.2657,885.86304,0,983.93756,1170.8467,1208.9124,994.5521,0,0,0,1076.0807,0,0,1278.8944,0,0,0,0,0,989.5165,1341.2258,0,0,974.4014,977.8084,913.0673,0,957.3318,1136.0739,1400.9866,1013.35175,968.5518,0,1100.4253,1050.2776,1140.5247,0,1068.0323,
71,192.9430437000688,54.3166,,,,,,,,,,,0,0,0,1211.6172,0,1147.7878,0,0,1141.7551,0,0,0,0,0,0,1099.5599,0,0,0,1260.8022,0,1100.0023,1289.8525,1037.0,1112.3256,1255.9667,0,0,1167.3495,0,0,1263.632,1156.3446,0,0,0,869.93823,0,1200.9902,1212.8036,1263.0674,0,0,1190.7516,1059.7473,1084.9932,1101.9663,1266.4237,1220.4485,1236.4161,0,0,1312.2959,1236.4158,0,1164.8359,1152.9353,
673,192.94829011681543,55.629585,,,,,,,,,,,0,1256.0612,0,1248.4841,1157.2714,1272.2164,1252.3119,1283.6829,1209.1173,1127.9098,0,1263.5135,0,1260.4734,1343.8735,1259.0206,1144.5626,1382.0177,1189.1615,1463.6421,1191.1667,1177.5264,1322.4136,1221.1196,1446.4514,1340.4816,1305.0513,0,1185.6799,1358.2802,0,1345.2655,1364.2747,0,1250.8496,1184.5577,1015.8225,1215.6127,1304.9915,1461.3213,1337.7793,971.4769,1313.9628,1361.1948,1150.9369,1119.9402,1125.1235,1472.8568,1507.6156,1257.1187,1267.8987,0,1309.6031,1314.6986,1348.6895,1193.1187,1306.4126,
797,196.98936875214847,55.90591,,,,,,,,,,,843.79114,0,0,892.51685,0,0,0,898.2697,0,0,0,0,0,0,0,0,0,1063.5753,0,0,872.75287,0,0,900.3125,0,0,0,0,0,0,0,0,0,656.9216,0,0,0,851.2785,0,0,0,0,0,0,0,0,0,0,1088.054,0,0,692.1572,0,0,0,860.42725,0,
690,196.99157267345254,55.63066,,,,,,,,,,,0,964.0242,0,1069.4403,990.20105,1063.7395,943.40533,959.3544,954.26056,0,676.85455,1003.57635,690.46387,947.4093,1110.0444,1002.4263,882.62634,1202.0304,965.6868,1204.8447,922.7666,961.8199,1081.7424,1172.6322,1192.392,1032.1556,940.746,825.18207,910.5865,1169.7672,0,947.915,1357.4502,712.39557,1044.3857,973.053,801.25006,918.4168,1103.0314,1394.7025,1003.5227,813.8117,1125.4214,1120.4296,961.10754,870.22424,999.18994,1202.4828,1397.1399,1025.6456,992.37006,0,1168.221,1089.6711,1144.3458,875.16675,1124.8414,
187,196.99256582929118,54.318657,,,,,,,,,,,0,897.3995,0,0,780.2419,0,802.98956,0,0,0,0,0,583.5989,0,0,0,879.16345,0,0,957.18207,0,0,927.34424,0,927.8754,0,0,764.73846,887.95654,0,0,1017.9039,891.63257,0,0,846.1353,693.97845,0,0,947.034,954.57764,0,864.41547,0,782.3387,858.63354,866.7084,983.5417,0,929.9434,933.7676,0,1042.9353,0,930.3622,0,925.1801,
314,197.00347243599074,54.766693,,,,,,,,,,,1147.105,1997.5385,1095.4407,2553.7244,1992.9526,2510.1013,2162.2341,1867.6077,2504.3743,1104.2239,1450.7366,1330.6764,1460.7865,2102.814,2170.0906,2101.616,2229.1438,2157.3484,1287.0431,2523.881,1948.1938,2175.1208,2371.6426,2060.3145,2388.7786,2314.7454,2609.2534,2789.6807,3104.734,2560.1624,0,3552.2402,2615.9963,1905.7175,1271.7966,2288.4233,1786.8015,1941.541,2370.3286,2599.1619,3054.4927,2004.6146,2229.2856,2297.4182,1885.6168,3176.9634,3124.3108,2516.9824,2469.7876,3032.6047,3252.0076,1782.4128,3758.898,2425.3965,2454.1177,2141.4192,2353.343,
412,198.04015249120692,54.769135,,,,,,,,,,,0,0,0,983.7967,0,894.70026,0,0,990.7777,0,0,0,0,0,0,0,0,0,0,1005.1157,0,0,0,0,0,0,1029.9507,1101.8438,1235.424,934.54236,0,1284.1827,935.9176,0,0,0,0,0,896.3763,949.70776,1171.715,0,877.5914,0,0,1223.5443,1218.0493,914.662,937.44037,1122.7822,1192.2406,0,1407.9889,0,888.7967,0,919.29224,
684,198.05656969680788,55.63,,,,,,,,,,,0,0,0,0,0,0,0,0,0,0,0,0,0,0,0,0,0,0,0,426.6996,0,0,0,0,0,0,0,0,0,403.72604,0,0,443.7447,0,0,0,0,0,0,470.60184,0,0,0,0,0,0,0,414.6901,503.373,0,0,0,0,0,0,0,0,
78,199.04490858589844,54.316704,,,,,,,,,,,0,1418.5901,0,1666.9604,1934.8231,2150.269,1832.0275,1268.2416,1568.0438,0,1261.3396,1153.9406,1169.001,1492.7101,1633.6567,1669.6045,1950.918,3015.8599,1013.846,2640.2837,1275.8434,1527.287,1982.1599,2949.4272,2549.1343,1765.6969,1717.0405,2672.4785,2191.5186,2129.1418,0,2467.7751,2793.0393,1253.5162,1129.475,1407.0867,1544.759,1228.8127,2127.7515,2907.1985,2520.6956,1491.1736,1862.9431,1799.6959,1916.9141,2291.7773,3095.2727,2598.0625,3481.7554,2491.5972,2638.1184,1601.9595,3298.7659,1604.9984,2520.2024,1733.9768,2490.971,
297,199.04679174818096,54.76651,,,,,,,,,,,1468.1255,3916.38,1340.1802,5618.466,4235.241,5404.3555,4650.771,3659.9482,5220.471,1329.4331,3328.3386,2279.3315,3135.6008,4684.599,4340.386,4600.236,4944.0254,4797.9404,1944.7639,5396.394,3803.5862,5100.447,4866.5938,4568.3843,5246.4917,4607.768,5510.755,6689.328,7428.0054,5698.5093,0,8298.681,5805.225,4171.9,2143.568,4995.1143,4001.017,3729.9988,5295.258,5718.33,6972.983,4236.9863,4812.9,4651.6943,4104.3696,7421.1045,7846.228,5353.0757,5248.801,6972.256,7046.7754,3938.0972,8835.174,5054.5146,5146.535,4475.5386,5024.854,
555,199.0474697690681,55.62793,,,,,,,,,,,1067.0719,2414.5823,1100.743,2692.1729,3242.9053,3897.6082,3021.7175,2357.928,2566.3281,903.019,1954.3448,2647.542,1870.0197,2653.433,2735.4436,3399.021,2029.1448,5596.6343,2487.5073,4290.226,2383.6008,2392.2844,3116.329,5074.8374,5045.186,2811.1724,2703.7593,2873.6926,2244.7996,4102.2925,0,2463.626,5341.232,1890.2474,2725.7268,2282.065,2900.0588,2314.0972,3803.099,5612.8555,2610.968,2619.9353,2998.1091,3295.972,3297.8977,2189.4214,3368.8003,4147.281,5998.575,2806.8457,2688.4348,1620.1893,3818.913,2991.0686,4004.843,1801.6257,3825.9924,
116,200.04977970867935,54.317337,,,,,,,,,,,0,474.45505,0,510.35925,665.72015,682.62537,532.54987,426.63745,523.067,0,0,0,0,471.93494,534.7901,573.4825,619.8807,953.3279,0,858.7022,436.42596,488.13403,668.9019,870.9183,781.1932,529.59106,539.4593,788.3563,722.35504,653.6669,0,755.00586,994.1481,0,0,445.3792,495.93723,465.47073,680.0,950.74304,764.5201,504.18274,611.36676,534.086,594.6888,738.7963,951.0448,810.8496,1030.6431,746.0788,789.035,500.84375,1027.8042,534.0961,756.01636,583.8647,795.23145,
597,200.05088176026828,55.628258,,,,,,,,,,,0,754.21936,0,854.5175,992.40436,1216.2017,963.9611,747.1762,834.80743,0,0,865.7712,0,858.31744,878.1193,1074.3567,687.2285,1717.782,0,1274.0493,771.90094,797.62665,1006.87415,1655.9755,1473.3649,876.94476,881.3952,956.8542,769.1249,1317.4368,0,812.38965,1627.2034,575.6881,0,840.1324,873.33276,757.5263,1203.2305,1731.0255,842.6764,848.38116,944.40375,1056.7126,1085.0635,745.1429,1099.6273,1323.7748,1913.896,826.63354,887.6221,559.255,1204.9755,950.4629,1222.6855,574.15234,1265.0592,
306,200.05255559990846,54.766632,,,,,,,,,,,0,993.4371,0,1463.3655,1053.2157,1336.6766,1139.9755,897.07715,1298.6113,0,0,568.116,0,1174.918,1074.6943,1106.1223,1161.5874,1177.5073,0,1390.727,1000.541,1204.422,1228.4666,1124.947,1346.3635,1161.0713,1368.6855,1667.4109,1881.5159,1284.0023,0,1923.7411,1418.2928,1050.407,0,1174.242,1032.166,1036.7551,1348.8607,1430.897,1612.0765,1111.5636,1171.0624,1190.4865,1089.76,1923.7777,1866.4518,1291.1896,1390.9781,1718.0072,1843.0713,1067.6289,2138.942,1217.7074,1335.1436,1126.0004,1267.1589,
303,201.0563650928573,54.766598,,,,,,,,,,,0,1685.6544,0,2447.3691,1776.5728,2357.9138,2000.0555,1510.204,2290.3394,0,1380.4473,1039.5476,1388.4603,1943.0828,1837.758,1984.0131,2046.5077,1926.3606,950.0644,2407.1099,1636.7892,2263.7483,2135.722,1956.2233,2295.4814,2001.301,2509.62,2780.3416,3163.3105,2342.7598,0,3565.3464,2469.2402,1786.3694,1014.2017,2116.6738,1720.3818,1641.9647,2290.7869,2582.3887,2972.815,1915.6476,2008.186,1975.4736,1757.5334,3316.9517,3237.5334,2321.0725,2333.1118,2963.781,3092.9077,1749.4498,3760.5188,2154.5408,2147.1382,1867.2622,2221.6377,
79,201.0593299879312,54.316704,,,,,,,,,,,0,644.2566,0,727.38837,944.77246,1010.0307,771.88916,602.01276,780.25336,0,621.7146,477.46027,556.43054,723.4292,769.2442,769.6041,946.19257,1375.543,490.05722,1175.0238,603.8346,709.13696,872.5528,1212.9591,1163.544,769.3348,691.6881,1230.1635,1094.4475,962.4371,0,1135.3926,1298.6787,530.34686,494.8604,637.50836,705.36743,531.48676,952.015,1312.2217,1104.564,699.0817,847.4626,824.2932,948.44556,1081.7035,1475.4806,1175.4982,1548.7473,1066.0187,1125.17,757.7401,1573.1693,776.2596,1230.0085,825.03827,1099.848,
551,201.0594938061432,55.627914,,,,,,,,,,,0,1128.4594,0,1292.3367,1547.7924,1800.3717,1322.8964,1174.9271,1173.2324,0,970.34845,1273.8293,876.4551,1223.5924,1193.1833,1451.7101,1024.9663,2575.9202,1219.0105,2000.2566,1123.118,1145.4995,1414.375,2453.14,2402.2896,1288.897,1194.3713,1308.4753,1113.8615,1823.2449,0,1206.2354,2516.2954,852.19775,1212.2665,1169.7405,1305.306,1141.3491,1877.8777,2510.6516,1286.444,1277.0736,1360.662,1543.0925,1509.7878,1154.6678,1597.6653,1881.0382,2764.8127,1290.052,1226.7499,842.6525,1757.814,1336.768,1839.476,857.37396,1821.5901,
681,202.02102768086945,55.629997,,,,,,,,,,,0,0,0,0,0,0,0,0,0,0,0,0,0,0,0,0,0,0,0,0,0,0,0,0,0,0,0,0,447.38968,0,0,467.12488,0,0,0,0,0,0,0,0,0,0,0,0,0,469.38837,437.5783,0,0,0,0,0,479.08237,0,0,0,0,
431,202.0443924129631,54.774998,,,,,,,,,,,0,0,0,0,0,0,0,0,0,0,0,0,0,0,0,0,0,0,0,0,0,0,0,0,0,0,0,0,1014.26117,0,0,1072.8408,0,0,0,0,0,0,0,0,966.5685,0,0,0,0,991.7545,1036.9336,0,0,0,0,0,1095.7068,0,0,0,0,
52,203.01799660214886,54.315903,,,,,,,,,,,0,499.0598,0,561.66626,587.17914,717.1612,586.7084,500.78326,561.4354,0,404.9431,0,0,535.5299,585.4263,611.8382,653.8951,871.04443,467.48938,800.12585,492.9549,485.15366,655.5914,766.745,683.07745,553.8392,586.2936,726.1932,723.23505,668.20886,0,792.8464,806.74207,446.12225,0,540.6365,536.5917,537.0902,625.29486,835.1265,759.4469,574.2864,660.4825,595.7967,597.88525,743.8454,841.69366,745.525,946.53284,734.89966,720.8689,557.82513,1004.58093,561.67993,674.6208,550.2759,759.712,
548,203.0205791358961,55.627785,,,,,,,,,,,0,751.4371,0,820.2906,922.30597,1155.982,994.16473,717.09875,802.1131,0,606.6061,878.5672,619.27625,808.35504,783.6316,911.49133,809.4096,1453.0327,809.71295,1251.8716,793.1471,701.647,930.70416,1390.2827,1327.7152,820.20886,819.8506,872.41125,867.56915,1043.356,0,899.0948,1362.407,538.2073,0,735.20825,806.5757,867.5646,1133.4691,1479.0356,836.88983,870.2775,862.4622,961.85223,903.4286,917.7607,952.47107,1185.6055,1721.0209,774.50635,777.1703,593.63324,1020.1618,919.73486,1212.0415,637.37726,1089.5182,
298,203.03506210189295,54.766537,,,,,,,,,,,0,1200.1124,0,1838.3923,1369.0405,1727.2285,1463.7208,1274.7117,1668.4031,0,1125.4779,917.24646,1077.3187,1495.6361,1342.8097,1531.8634,1592.3171,1593.6509,910.78296,1840.7395,1312.8954,1672.0347,1676.5773,1523.7152,1706.5708,1497.0886,1847.5309,2213.6218,2535.7136,1674.3374,0,2636.858,1867.6512,1377.6146,0,1545.0164,1356.1481,1286.8676,1718.7296,1872.9104,2261.4944,1520.3661,1571.7777,1533.6215,1310.6522,2537.643,2432.4116,1641.4276,1810.1481,2188.589,2199.4707,1308.7731,2738.543,1774.1294,1681.2468,1381.3384,1714.6326,
305,205.01671380633377,54.76663,,,,,,,,,,,0,930.93756,0,1161.0889,893.34424,1118.7996,1023.27985,853.9539,1098.8457,0,0,741.0693,685.9088,993.0889,918.30927,1018.0673,1030.2805,1003.6417,629.2782,1199.4858,899.22064,995.1873,1064.2795,866.8009,1101.3625,1024.355,1146.8516,1293.3347,1462.964,1109.2747,0,1642.458,1195.8813,848.5943,704.424,1091.2936,837.8339,904.9546,1090.9437,1068.6564,1427.2141,982.8555,974.04706,1024.5051,930.40015,1521.1978,1511.2324,1126.2625,1145.324,1302.7499,1337.149,839.8088,1684.4744,1107.2864,1089.6708,975.813,1080.8895,
83,205.0234558638286,54.31683,,,,,,,,,,,0,827.1425,0,1013.54755,1115.7251,1208.8679,1039.9205,858.3537,938.1873,0,0,768.32526,703.0837,958.85944,972.01013,1034.9114,1161.2815,1594.5616,703.31445,1383.7692,894.8954,924.7787,1183.6277,1478.4393,1347.257,1085.1324,957.0451,1366.639,1219.188,1208.6401,0,1456.986,1557.727,747.5678,753.1236,828.19977,967.38086,868.4479,1182.6371,1569.6848,1385.694,861.59265,1083.5375,1020.2419,1101.7686,1316.898,1576.6388,1444.0148,1732.7081,1374.0078,1314.4073,938.2223,1788.6561,1011.19354,1348.0105,1071.4027,1330.2899,
575,205.0321775481939,55.62816,,,,,,,,,,,0,1337.882,0,1329.8915,1525.9196,1925.084,1390.7927,1234.9098,1246.5812,0,0,1426.3304,932.98267,1337.2102,1429.0167,1602.5015,1123.5662,2557.5532,1257.9098,2085.9434,1243.0997,1243.5328,1529.0372,2386.9375,2263.587,1347.3511,1316.6361,1407.0762,1223.188,1860.0729,0,1334.1592,2412.0452,950.77185,1402.542,1212.7183,1429.7424,1287.576,1841.3066,2416.381,1398.7744,1375.1886,1513.2759,1735.5221,1600.5858,1255.1736,1682.5011,1927.3027,2751.722,1363.4838,1340.9445,850.2965,1745.3491,1435.4825,1921.2671,1064.5348,1845.0696,
835,205.9499969482422,56.22,,,,,,,,,,,0,0,0,0,0,0,0,0,0,0,0,0,0,0,0,0,0,0,0,0,0,0,0,0,0,0,0,0,1164.5646,0,0,936.97614,0,0,0,0,0,0,0,0,0,0,0,0,0,1282.9363,0,0,0,0,0,0,0,0,0,0,0,
903,206.93387332045668,56.460003,,,,,,,,,,,0,0,0,0,0,0,0,0,0,0,0,0,0,15719.222,0,0,0,0,0,0,0,0,0,0,0,17402.34,0,0,0,0,0,0,0,0,0,0,0,0,0,0,0,0,0,0,0,0,0,0,0,0,0,0,0,0,0,0,15816.184,
10,207.92005550938723,54.039997,,,,,,,,,,,0,3698.2263,0,0,0,0,0,0,0,0,0,0,2404.2432,0,0,0,0,0,0,0,0,0,0,0,0,0,0,0,0,0,0,0,0,0,0,0,0,0,0,0,0,0,0,0,0,0,0,0,0,0,0,0,0,0,0,3520.6558,0,
904,207.922747401397,56.460003,,,,,,,,,,,0,0,0,0,0,0,0,0,0,0,0,0,0,3419.2717,0,0,0,0,0,0,0,0,0,0,0,0,0,0,0,0,0,0,0,0,0,0,0,0,0,0,0,0,0,0,0,0,0,0,0,0,0,2580.7664,0,0,0,3526.5146,0,
890,210.98382451952395,56.355,,,,,,,,,,,472.48676,0,447.7581,0,0,0,0,0,0,444.8287,0,0,0,0,0,0,0,0,0,0,0,0,0,0,0,0,0,0,0,0,0,0,0,0,0,0,0,0,0,0,0,0,0,0,0,0,0,0,0,0,0,0,0,0,0,0,0,
705,210.98915830515682,55.634125,,,,,,,,,,,0,0,0,0,0,437.63974,401.22754,0,0,0,0,0,0,0,0,0,0,0,0,470.13763,0,0,437.99377,501.47565,462.11343,0,0,0,0,482.17587,0,0,480.82477,0,0,0,0,0,455.4459,558.75287,0,0,0,408.05328,0,0,408.96698,444.3475,0,0,438.19354,0,438.07846,0,493.6172,0,424.51456,
796,210.99899759846505,55.90573,,,,,,,,,,,818.4246,541.879,802.45636,1106.9363,0,502.88754,638.78033,916.54266,613.8114,712.80023,445.60315,0,0,725.9255,669.0938,732.1729,1078.2684,1780.0281,0,599.2292,946.3871,658.4472,722.99475,1707.827,445.28702,611.79767,1078.758,401.42758,617.79407,522.1579,0,731.76953,528.779,776.5979,0,568.2409,646.4207,1031.6146,536.0925,526.97156,0,759.5737,622.32495,711.41846,468.76724,659.4096,480.70154,446.831,1998.0988,0,0,867.7973,506.45343,884.9542,576.3161,994.5855,529.80286,
275,211.0211053972749,54.766148,,,,,,,,,,,1103.7411,2733.8176,1102.8728,4041.7183,3088.1787,3728.9268,3196.7722,2733.9016,3702.4573,989.43085,2308.0674,1604.6803,2146.3567,3288.0176,3043.3167,3368.71,3368.6711,3382.3374,1526.8708,3895.1738,2627.1155,3574.4185,3431.216,2982.423,3576.2458,3183.1602,4079.0007,4750.4766,5185.5835,3849.5737,0,5643.5454,4087.9565,2911.6384,1664.4218,3439.9197,2759.3093,2644.484,3676.7837,4046.1477,4852.753,3051.5835,3338.0144,3406.3066,2787.8914,5098.865,5266.7075,3693.434,3819.2383,4846.378,5067.143,2725.4824,6080.4336,3551.4597,3537.2717,3113.559,3498.2278,
782,212.03224851546258,55.90167,,,,,,,,,,,0,0,0,0,0,0,0,0,0,0,0,0,0,0,0,0,0,494.53973,0,0,0,0,0,483.61917,0,0,0,0,0,0,0,0,0,0,0,0,0,0,0,0,0,0,0,0,0,0,0,0,560.4881,0,0,0,0,0,0,0,0,
272,212.04959423810348,54.766094,,,,,,,,,,,0,1219.1906,0,1746.1072,1264.4066,1569.2743,1354.27,1101.1383,1574.7087,0,1013.3377,0,929.4168,1336.9667,1299.6721,1420.4056,1388.1945,1414.8323,0,1681.6322,1165.577,1500.8958,1444.1765,1302.4625,1684.3619,1330.1249,1739.166,1984.2207,2297.5725,1646.7806,0,2476.1304,1670.5623,1230.2887,0,1430.1968,1177.122,1170.0298,1538.6055,1699.2422,2061.4072,1322.4668,1413.7996,1348.2622,1143.2634,2227.1304,2379.4666,1588.2985,1706.1818,2056.2207,2170.6821,1235.0193,2716.6597,1472.9398,1566.1909,1324.083,1517.6659,
685,212.09259843842568,55.63,,,,,,,,,,,0,0,0,0,0,0,0,0,0,0,0,0,0,0,0,0,0,468.66394,0,0,0,0,0,0,0,0,0,0,0,0,0,0,431.49756,0,0,0,0,0,0,423.89474,0,0,0,0,0,0,0,0,450.8104,0,0,0,0,0,0,0,0,
284,213.04844901798893,54.76624,,,,,,,,,,,1947.9209,5327.392,1816.1033,8071.4556,5844.1284,7687.128,6379.1445,5086.2935,7721.099,1678.9843,4621.6167,3124.0884,4445.975,6316.071,5890.9487,6627.285,6763.4023,6715.252,2931.951,7839.517,5328.47,7054.78,6942.717,6394.753,7237.996,6321.0415,7921.877,9898.888,10647.017,7553.394,0,11861.021,8069.9014,6026.505,3055.5857,6837.3237,5535.7544,5131.985,7457.6973,8300.322,10003.415,6193.961,6667.779,6706.5376,5630.9966,10834.343,10862.334,7324.749,7908.5366,9726.214,10055.708,5638.7437,12738.072,6997.8965,6977.429,6239.5884,7038.5684,
59,213.04939284005292,54.316254,,,,,,,,,,,880.7855,3106.6887,774.9359,3321.0334,4327.8516,4639.2314,3851.0789,2666.888,3442.2603,723.2112,2643.4126,2309.1619,2580.506,3360.0627,3519.516,3819.0422,4167.0215,6884.184,2025.3785,5638.1865,2641.7046,3152.0723,4119.6895,6380.6885,5613.1587,3710.4304,3483.1072,5927.108,4778.776,4457.348,0,5329.8,6268.9966,2512.0713,2213.4639,3048.4272,3171.976,2556.1086,4472.7554,6446.4414,5339.226,3129.3875,4063.803,3602.6387,4313.418,4901.04,6842.552,5649.594,7380.5786,5309.0903,5469.5205,3369.7686,7422.9233,3525.9414,5278.513,3731.5923,5452.8096,
537,213.05020630769428,55.627575,,,,,,,,,,,2096.3691,5083.5503,2231.4956,5863.3716,7449.271,8907.773,6150.7217,5153.21,5806.3267,1825.8829,4618.7207,5844.5264,4258.0884,6060.3228,5939.291,7566.3813,4474.239,12951.678,5345.116,9678.966,5256.9507,5347.866,6864.7207,11890.701,11432.319,6262.2036,5977.405,6445.3154,4869.4106,8937.679,0,5428.7593,12153.235,3957.2395,5802.673,5349.714,6290.173,5053.521,8706.914,12511.318,5760.8325,5948.929,6496.223,7653.694,7241.251,4959.033,7841.3765,9205.327,13913.363,5810.977,6064.0054,3594.8875,8589.194,6568.507,8769.888,4051.5552,8563.605,
51,214.0534867162965,54.315853,,,,,,,,,,,0,797.4142,0,1011.2635,1164.3427,1303.3579,1037.2122,748.02356,982.0494,0,780.41943,669.7512,703.30334,876.7068,977.64465,1093.0726,1151.4504,1882.5044,580.14844,1552.2174,809.04285,849.2592,1177.0405,1725.3959,1524.5338,1055.1863,1011.5181,1612.7107,1284.9686,1261.7551,0,1512.699,1730.9569,699.5613,545.8578,807.8807,848.7666,742.23016,1210.6381,1641.1099,1481.7323,872.3779,1072.6908,1043.7496,1142.7875,1411.0249,1786.9398,1564.2422,2089.6318,1484.1082,1522.8722,962.37396,2014.6986,1074.0912,1548.1925,1047.4822,1421.5884,
533,214.0563322355242,55.62744,,,,,,,,,,,0,1461.4086,0,1614.1954,2025.9238,2385.1848,1737.1752,1466.2975,1556.814,0,1248.8885,1708.7526,1115.7499,1679.5887,1656.4623,2136.9631,1228.798,3500.3662,1534.5995,2745.561,1462.0958,1554.8757,1876.0497,3250.5664,3008.1436,1722.8215,1589.1517,1887.6208,1305.1465,2452.1562,0,1495.9359,3286.9573,1118.8888,1630.8728,1509.7565,1790.1389,1472.2063,2318.1208,3450.3403,1596.1621,1736.3577,1874.8901,2059.1824,2071.019,1421.7538,2102.7917,2610.3047,3862.0095,1673.3842,1668.6747,1023.6888,2424.375,1807.4191,2500.4744,1128.1122,2435.0886,
258,214.05717121248566,54.765743,,,,,,,,,,,0,1364.0251,0,2013.7924,1587.8829,1988.1292,1660.3881,1402.441,1891.0886,0,1182.8075,829.98755,1109.9569,1682.2373,1536.9774,1645.5319,1686.9513,1730.511,786.41516,1919.6871,1392.2147,1811.9879,1679.3916,1518.2675,1860.3325,1647.7025,2110.7773,2509.423,2638.0798,1890.9539,0,2887.6748,2047.2441,1502.7983,761.32263,1769.4753,1483.8323,1326.1713,1884.5028,1980.9885,2553.3147,1629.7865,1683.3197,1640.9435,1458.3485,2767.4543,2805.1458,1896.0255,1977.915,2451.6965,2663.916,1466.8239,3025.1675,1669.7247,1862.3593,1635.7509,1813.6686,
278,215.06056897237522,54.766193,,,,,,,,,,,827.70483,2229.5938,0,3348.7966,2552.0234,3065.7146,2688.8865,2173.8914,3212.0706,0,1948.9445,1397.9186,1808.2432,2733.7732,2424.6921,2859.4812,2794.8152,2900.0068,1257.3497,3213.7117,2139.2634,2778.2278,2824.4143,2623.305,3279.164,2640.3008,3152.492,4099.0933,4332.007,3143.7544,0,4713.987,3245.745,2385.2183,1257.5669,2711.6038,2247.0645,2174.7427,2963.6858,3271.6343,4143.6396,2656.0215,2764.0046,2772.9824,2458.667,4413.493,4630.7026,3037.0454,3104.2905,3929.2197,4364.1465,2269.6453,5219.947,2908.3938,2932.0703,2527.6375,2931.8882,
532,215.0623784121189,55.62739,,,,,,,,,,,457.6636,1047.2665,0,1150.6571,1517.7748,1704.2867,1228.2687,987.4544,1139.1042,0,865.1236,1179.7744,800.40375,1144.1307,1229.4736,1510.5018,928.5152,2443.5054,1087.9745,1832.5334,1054.067,1104.1075,1478.1344,2197.991,2174.7542,1184.3456,1203.8179,1205.3033,895.7774,1658.731,0,1059.456,2323.6826,786.2743,1122.2472,1072.5782,1155.2985,1034.8258,1707.3873,2294.9258,1094.9546,1190.1284,1342.5698,1506.3295,1421.1233,998.41125,1564.1204,1814.5792,2639.154,1182.3154,1241.7323,746.7947,1602.8915,1336.7045,1789.5907,847.05853,1716.0693,
74,215.06271275991472,54.316635,,,,,,,,,,,0,635.43414,0,673.9562,850.30664,879.74664,765.9817,491.88135,662.62177,0,508.59857,450.2929,494.02908,609.1805,687.5077,719.67834,861.763,1285.7136,0,1066.8159,558.58154,664.1608,805.9248,1140.1847,1079.1582,653.51324,706.6816,1054.9026,972.21545,853.67114,0,989.439,1172.0706,535.5142,484.0353,618.61395,653.06116,577.8826,808.3805,1178.4027,1014.5018,625.6744,747.0147,725.0827,816.77637,934.0703,1281.1537,1104.799,1431.556,1091.3403,1031.4106,684.12555,1379.9706,682.62897,1030.4888,689.25793,1057.7666,
205,216.05464858342089,54.320835,,,,,,,,,,,0,0,0,0,0,0,0,0,0,0,0,0,0,0,0,0,0,429.21542,0,0,0,0,0,0,0,0,0,0,0,0,0,0,400.8081,0,0,0,0,0,0,0,0,0,0,0,0,0,426.71298,0,455.0206,0,429.15854,0,434.97876,0,0,0,0,
695,216.06167589281753,55.63125,,,,,,,,,,,0,0,0,0,0,0,0,0,0,0,0,0,0,0,0,0,0,746.7597,0,0,0,0,0,0,666.1435,0,0,0,0,0,0,0,722.0526,0,0,0,0,0,0,679.406,0,0,0,0,0,0,484.13794,582.5979,789.45013,0,0,0,508.2527,0,0,0,0,
417,216.06350368494643,54.76973,,,,,,,,,,,0,0,0,888.0752,0,0,0,0,0,0,0,0,0,0,0,0,0,814.21246,0,0,0,0,0,0,908.7888,0,926.90063,1072.9618,1164.0409,0,0,1256.6326,901.73224,0,0,798.47565,0,0,0,874.948,1098.1255,0,0,0,0,1152.7686,1196.6028,812.9464,891.17426,1039.4167,1183.4126,0,1369.8477,0,0,0,0,
100,217.04700186732148,54.317017,,,,,,,,,,,0,0,0,407.9042,582.7551,573.5678,476.32266,0,442.5904,0,0,0,0,0,419.06604,531.5515,543.43085,778.2066,0,697.6996,0,408.97614,472.30435,749.83984,663.61456,464.3328,473.00165,677.49396,598.0419,599.8519,0,609.69727,768.02814,0,0,403.63126,447.95685,0,526.98724,749.4766,710.8804,442.97876,524.13794,464.58514,542.01636,612.3753,801.26776,701.3652,908.8267,631.60675,672.4292,442.52533,864.2373,493.8192,653.8895,531.6234,661.3652,
591,217.05074249971767,55.628197,,,,,,,,,,,0,654.1128,0,783.60706,937.9091,1097.6544,730.5567,674.63324,765.00525,0,606.32007,770.1317,589.2416,751.236,784.14154,923.1965,639.559,1543.4044,694.82184,1177.8173,690.09674,669.67834,896.8287,1449.036,1353.5946,828.49786,756.8862,811.1373,670.8359,1161.0889,0,698.2334,1439.0409,533.2739,718.90356,683.5306,800.8722,671.3125,1056.9232,1469.6937,775.1644,736.3795,805.1128,896.43054,899.6992,651.5528,987.6185,1115.1896,1658.6842,719.222,804.18896,476.29846,971.51715,782.3972,1072.0242,551.7565,1068.4495,
304,217.05729280481017,54.7666,,,,,,,,,,,0,1579.3711,0,2398.8872,1772.7506,2213.3816,1928.4962,1517.9467,2304.4263,0,1410.9418,913.2589,1247.5665,1888.5868,1770.8362,1945.76,1999.8588,2108.2612,962.7411,2279.9958,1553.3972,2096.2202,2025.7731,1857.8453,2259.8206,1858.1761,2481.3894,2932.9268,3193.3347,2268.6277,0,3488.8977,2468.0151,1798.8398,913.5273,2100.9048,1689.0493,1555.4878,2098.3,2363.8062,3032.7297,1883.8326,1866.2772,1913.0863,1689.3263,3272.978,3419.341,2143.3672,2289.539,2893.0889,3086.9053,1747.9437,3666.494,2177.1145,2090.38,1894.3462,2142.7678,
635,218.04542841028342,55.62875,,,,,,,,,,,0,0,0,0,0,0,0,0,0,0,0,0,0,0,0,0,0,0,0,0,0,0,0,0,0,0,0,419.5299,0,0,0,412.33115,0,0,0,0,0,0,0,0,0,0,0,0,0,0,498.6976,0,0,0,0,0,499.31775,0,0,0,0,
418,218.04600343903147,54.77,,,,,,,,,,,0,0,0,0,0,0,0,0,0,0,0,0,0,0,0,0,0,0,0,0,0,0,0,0,0,0,0,920.7241,942.7705,0,0,1054.6686,0,0,0,0,0,0,0,0,0,0,0,0,0,0,1015.0307,0,0,0,938.4475,0,1032.3041,0,0,0,0,
408,219.0518939972399,54.768616,,,,,,,,,,,0,0,0,0,0,658.9516,0,0,0,0,0,0,0,0,0,0,0,576.61395,0,699.5139,0,0,0,555.93396,699.0111,0,0,0,981.3583,656.3789,0,1061.7296,801.32886,0,0,0,0,0,655.1618,714.0369,0,0,0,590.69794,0,937.4129,911.2445,645.90717,692.04346,0,0,0,1002.96045,0,0,0,634.4145,
660,219.05290565394736,55.629208,,,,,,,,,,,0,0,0,0,0,938.55835,910.4475,0,0,0,0,0,0,0,0,0,0,1288.7551,0,1187.1707,0,0,0,1320.7029,1155.5414,0,0,0,780.2416,969.8754,0,754.8768,1291.675,0,0,0,0,0,990.778,1230.5626,0,0,0,855.1419,0,823.85223,847.6345,1014.5312,1374.78,0,0,0,888.9581,0,0,0,918.1095,
181,219.06845899490543,54.31834,,,,,,,,,,,0,0,0,0,0,696.78424,0,0,0,0,0,0,0,0,0,0,0,934.77936,0,829.6659,0,0,0,886.81464,773.9742,0,0,0,638.628,639.493,0,769.6881,808.4665,0,0,0,0,0,664.1932,813.7097,0,0,0,556.85846,0,742.5541,955.73065,781.9359,1027.6267,0,0,0,994.7231,0,0,0,736.1092,
836,220.00018325486076,56.22,,,,,,,,,,,0,0,0,0,0,0,0,0,0,0,0,0,0,0,0,0,0,0,0,0,0,0,0,0,0,0,0,0,1727.3684,0,0,1356.1929,0,0,0,0,0,0,0,0,0,0,0,0,0,2032.9382,0,0,0,0,0,0,0,0,0,0,0,
208,220.03818913858217,54.321667,,,,,,,,,,,0,0,0,0,0,0,0,0,0,0,0,0,0,0,0,0,0,0,0,0,0,0,0,0,0,0,0,0,576.3743,0,0,610.2602,0,0,0,0,0,0,0,0,0,0,0,0,0,548.53546,0,0,0,0,0,0,0,0,0,0,0,
206,221.0042918889146,54.32092,,,,,,,,,,,0,0,0,0,0,0,0,0,0,0,0,0,0,0,0,0,0,820.1576,0,825.64954,0,0,0,716.74896,651.4338,0,0,0,0,668.4397,0,0,724.3423,0,0,0,0,0,0,744.95557,0,0,0,0,631.0608,0,0,0,876.12683,0,0,0,800.26184,0,0,0,760.5054,
703,221.01630399301504,55.633183,,,,,,,,,,,0,0,0,0,0,0,0,0,0,0,0,0,0,0,0,0,0,1016.4897,0,989.09644,0,0,0,1002.54364,1019.6741,0,0,0,0,960.4776,0,0,1041.9507,0,0,0,0,0,0,1115.5021,0,0,0,0,847.46484,0,0,0,1197.5757,0,0,0,945.89215,0,0,0,921.7607,
793,225.0019255335211,55.905,,,,,,,,,,,0,0,0,0,0,0,0,0,0,0,0,0,0,0,0,0,0,484.09872,0,0,0,0,0,420.17783,0,0,0,0,0,0,0,0,0,0,0,0,0,0,0,0,0,0,0,0,0,0,0,0,509.9794,0,0,0,0,0,0,0,0,
308,225.02287503117861,54.766663,,,,,,,,,,,0,1398.4315,0,2015.2494,1473.0164,1832.2985,1618.7424,1300.5028,1831.3243,0,1114.3357,854.7434,1131.421,1537.1923,1491.6248,1651.9618,1643.93,1611.6224,0,1857.5505,1416.4263,1674.287,1775.8872,1507.6365,1780.6953,1573.1605,2006.2219,2296.0098,2512.062,1863.6378,0,2927.1543,1960.4152,1402.1925,0,1672.7986,1441.5946,1369.8706,1811.6793,1998.1393,2345.7427,1543.0645,1583.8453,1533.254,1426.0411,2589.5276,2581.3376,1823.5544,1843.9589,2416.9644,2456.436,1376.0082,2955.1213,1723.1,1788.3041,1490.2256,1688.4364,
401,226.04481859618676,54.767883,,,,,,,,,,,0,852.24744,0,1182.6224,0,1087.5142,857.31744,0,1124.2501,0,0,0,0,951.57794,0,906.02356,936.9127,910.5982,0,1134.9268,0,1003.4629,978.72345,885.1213,1062.9484,939.6273,1225.4678,1298.0127,1487.7257,1096.814,0,1597.6143,1184.2478,880.4992,0,1004.97943,0,0,1068.9092,1099.5211,1350.6564,919.79926,965.1651,978.69305,0,1547.8574,1508.4446,1063.8627,1140.8169,1401.203,1456.1592,0,1768.9199,1055.5924,1054.8169,918.3073,1013.083,
540,227.05361823043214,55.627625,,,,,,,,,,,0,1101.2145,0,1082.2965,1427.3658,1747.8558,1271.7117,1076.998,1105.3148,0,939.38544,1139.9503,853.4737,1175.609,1216.6136,1496.676,928.06244,2447.8787,1034.2416,1897.2484,1058.0372,1077.962,1350.6057,2298.7283,2176.4648,1205.1239,1174.7407,1342.1288,1006.3975,1706.5613,0,1118.0265,2463.7654,755.1945,1139.204,1157.5558,1252.9402,1033.1827,1623.5825,2459.5042,1266.7742,1285.405,1282.8206,1502.0134,1459.3096,1018.7568,1554.4789,1829.4155,2737.6643,1196.7084,1282.6532,769.25433,1691.3364,1352.1062,1733.2014,816.06964,1686.0608,
288,227.05597245035537,54.766315,,,,,,,,,,,0,1885.2556,0,2713.8235,1990.2749,2536.329,2177.7002,1763.7607,2619.978,0,1603.6466,1108.4054,1435.7267,2196.067,2088.7666,2263.921,2434.3188,2397.8738,971.74664,2679.216,1806.1625,2473.6223,2435.066,2244.7168,2579.483,2172.0022,2691.8792,3360.1042,3594.591,2578.0076,0,4085.3357,2861.7668,2100.0461,1070.9784,2320.0366,1988.2955,1833.4707,2500.658,2735.2446,3458.621,2232.352,2321.6091,2369.974,1996.3439,3559.0476,3827.8416,2611.7078,2623.9983,3381.2864,3461.885,1986.0765,4198.167,2397.1252,2436.6055,2234.3618,2328.2874,
77,227.05670962767755,54.316696,,,,,,,,,,,0,598.31055,0,709.5982,843.6012,998.93756,820.9846,566.9019,692.1984,0,603.97485,476.2821,511.06668,682.6911,764.20233,795.3756,870.1762,1349.3514,450.8287,1165.915,612.8807,694.84375,832.815,1338.0563,1120.3439,745.4972,753.0569,1208.8748,956.0559,910.0961,0,1109.0308,1284.9507,580.03204,525.0232,660.52466,658.5662,603.0533,911.0415,1274.971,1132.5751,755.0824,861.711,797.3939,873.8114,1059.7179,1341.3462,1105.0968,1482.3269,1075.9774,1141.3086,756.7097,1489.368,722.087,1070.8549,790.5142,1116.8604,
281,228.06226493184437,54.76622,,,,,,,,,,,0,1008.1765,0,1500.5054,1186.1539,1394.3975,1212.8582,990.0602,1395.0144,0,889.02875,601.0788,870.69666,1247.0428,1128.2269,1308.0807,1339.4808,1302.2952,600.2661,1487.5613,1003.2324,1346.8381,1253.1954,1123.8179,1342.03,1178.8983,1483.9807,1836.2808,1896.9055,1451.1792,0,2185.4695,1570.6061,1112.7725,559.525,1361.513,1070.2291,1090.8958,1307.7545,1521.8143,1878.1749,1186.3586,1203.8823,1214.9863,1132.5018,2106.8428,2099.5034,1494.9121,1444.2484,1896.0154,1979.1847,1081.5192,2298.4841,1356.2955,1335.4999,1220.5835,1374.3505,
57,228.0649359907391,54.316227,,,,,,,,,,,0,685.74304,0,743.9758,935.92053,1070.9624,801.3828,579.0108,771.576,0,602.57043,533.1092,607.5855,763.9598,856.8307,784.8931,895.676,1430.5963,466.35403,1238.9856,601.53577,696.17487,904.28345,1352.9915,1200.4442,839.97845,730.63745,1260.8467,997.019,946.66296,0,1210.1913,1412.1396,605.95197,484.08923,712.11115,764.63257,670.5531,1026.6554,1389.9883,1156.8549,725.6692,898.53546,837.2073,973.57996,1121.1307,1490.3854,1195.2131,1655.2046,1161.1082,1203.4054,798.85974,1565.982,786.21344,1069.4688,891.4498,1186.0526,
541,228.06717153120306,55.627632,,,,,,,,,,,0,1149.5632,0,1287.2684,1657.6528,1985.513,1426.8878,1174.961,1316.7411,0,932.441,1305.3076,892.8536,1365.03,1388.8317,1665.9595,1063.9271,2871.3354,1151.0117,2093.6416,1175.8326,1189.8604,1536.5911,2588.5623,2481.2112,1404.3,1299.0082,1431.3984,1098.9418,2010.0608,0,1290.4469,2609.7847,977.21936,1277.6329,1212.6992,1362.3959,1149.3468,1985.3314,2680.274,1358.8287,1338.4943,1504.6289,1608.5999,1556.5264,1137.3376,1754.05,1969.5162,3054.239,1331.4233,1387.968,770.7656,1869.3386,1470.054,1944.5067,928.3383,2019.676,
260,229.05319065671932,54.765785,,,,,,,,,,,1009.3498,2613.0427,955.782,3772.6213,2853.7148,3569.8572,3049.695,2345.3005,3677.0667,863.32495,2138.4705,1401.7189,2095.544,3080.8806,2756.7673,3095.3289,3198.4963,3134.3005,1367.3733,3621.2095,2488.9453,3205.9988,3294.0752,2909.6511,3606.0833,2955.9954,3703.9617,4717.5444,4883.634,3439.7244,0,5430.1904,3814.4211,2871.0032,1459.1216,3316.4255,2548.8855,2384.7214,3392.8547,3802.3638,4562.4497,2907.2083,3042.3108,3040.5056,2532.5417,5043.92,5313.9756,3622.465,3469.5244,4530.7383,4854.3486,2628.6462,5819.094,3199.402,3257.5127,2983.3403,3315.5654,
891,229.05415941091886,56.355,,,,,,,,,,,1019.3975,0,1035.0585,0,0,0,0,0,0,942.3047,0,0,0,0,0,0,0,0,0,0,0,0,0,0,0,0,0,0,0,0,0,0,0,0,0,0,0,0,0,0,0,0,0,0,0,0,0,0,0,0,0,0,0,0,0,0,0,
787,229.05815614283347,55.903576,,,,,,,,,,,788.3269,0,850.1726,1177.8516,0,0,0,1061.7335,0,829.98755,0,0,0,811.08795,0,780.4704,1188.3511,2130.067,0,0,1164.2573,0,0,1982.2821,0,0,1181.8447,0,0,0,0,0,0,862.61786,0,0,0,1117.5525,0,0,0,894.74304,710.50214,776.999,0,0,0,0,2247.5112,0,0,1086.2645,0,852.847,0,1011.34424,0,
571,229.07203730279247,55.628105,,,,,,,,,,,0,1229.7734,0,1462.934,1679.4858,2114.517,1461.8774,1228.0902,1458.5518,0,1122.1072,1441.5486,1053.1344,1386.3076,1466.7362,1848.962,1129.2357,3066.7056,1286.4338,2367.3818,1285.6443,1413.1792,1601.3955,2880.9924,2866.8267,1507.8712,1400.4309,1515.1445,1248.3779,2010.8777,0,1283.4769,2837.5735,1017.68945,1447.1691,1380.0598,1577.1157,1234.6868,2058.8594,2955.873,1356.9147,1422.5449,1587.2618,1851.5901,1801.1909,1234.8774,1826.6567,2214.219,3336.8083,1510.965,1502.1876,889.1311,2054.354,1582.8251,2198.8184,1018.50995,2105.627,
47,229.07505689016511,54.3156,,,,,,,,,,,0,783.11444,0,907.8987,1054.8317,1079.2269,886.97186,0,881.29846,0,654.7228,544.31775,627.6999,846.5835,826.69336,896.55505,1006.58746,1577.1089,446.49036,1307.8036,0,771.0497,960.5067,1490.7888,1314.6522,844.71234,855.9029,1403.6152,1107.8241,1033.2363,0,1197.2164,1477.625,633.08563,517.23474,724.23175,810.3527,0,1024.1436,1478.7054,1293.8418,744.2867,922.90485,937.3449,1011.73425,1166.4796,1642.0736,1378.1122,1737.4553,1232.3497,1290.0481,821.4181,1771.3099,891.97186,1311.6509,940.5446,1322.7224,
783,230.0379917658597,55.90167,,,,,,,,,,,0,0,0,0,0,0,0,0,0,0,0,0,0,0,0,0,0,660.7748,0,0,0,0,0,524.8869,0,0,0,0,0,0,0,0,0,0,0,0,0,0,0,0,0,0,0,0,0,0,0,0,577.02844,0,0,0,0,0,0,0,0,
279,230.05759143397546,54.766197,,,,,,,,,,,0,1444.3406,0,1995.3446,1539.5979,1940.24,1567.0756,1321.2465,1951.1559,0,1203.0951,0,1139.2043,1605.1792,1472.0637,1731.0442,1731.5704,1656.4099,0,2015.9813,1369.6548,1715.8398,1650.3975,1518.2667,1896.4037,1573.7623,2122.3232,2501.2815,2631.1562,1922.63,0,2998.05,2001.1311,1515.5223,0,1730.9045,1319.7721,1288.7185,1839.9716,2045.5116,2591.6704,1607.039,1732.7493,1648.1183,1463.5005,2781.7476,2818.3281,1877.4828,1913.9042,2523.8372,2543.0781,1447.8157,3033.9004,1748.9558,1749.1315,1606.607,1785.3883,
544,230.08497163303608,55.627705,,,,,,,,,,,0,0,0,442.37332,499.21085,537.5005,401.03433,0,400.55835,0,0,0,0,427.5381,414.61917,469.22165,0,805.5682,0,607.7967,0,424.84048,487.17197,749.3635,704.76465,431.65186,430.59268,435.38705,0,631.0876,0,0,775.64465,0,0,414.73846,436.9075,0,565.12915,785.1497,415.15366,407.7558,442.26578,462.66232,477.08762,0,512.7486,611.44556,907.1321,427.60184,463.42923,0,529.9395,436.36124,610.4292,0,585.4014,
53,230.09828240443116,54.315998,,,,,,,,,,,0,0,0,0,0,0,0,0,0,0,0,0,0,0,0,0,0,0,0,0,0,0,0,0,0,0,0,401.305,0,0,0,0,0,0,0,0,0,0,0,0,0,0,0,0,0,0,431.35632,0,494.09088,412.10428,0,0,458.73618,0,0,0,0,
534,231.0532757784602,55.627483,,,,,,,,,,,1319.646,3023.888,1391.9045,3644.7197,4635.5376,5282.938,3894.491,3168.3132,3545.602,1091.8918,2731.9507,3540.0803,2424.031,3487.4167,3663.9546,4771.04,2741.2573,7959.9272,3432.1248,5955.0464,3289.0527,3271.7744,4046.2432,7339.156,6829.5435,3928.6082,3568.6086,4092.4194,2996.3547,5445.895,0,3211.9434,7560.8237,2462.412,3563.613,3253.6172,3847.2014,3126.41,5120.7544,7692.5625,3529.9878,3575.6133,4007.7888,4553.3975,4540.581,3067.784,4785.114,5600.917,8391.495,3565.9382,3757.486,2250.4773,5280.07,3978.1438,5322.8945,2298.545,5361.8555,
60,231.05476819563438,54.316254,,,,,,,,,,,470.32364,1923.0612,516.90027,2029.3514,2669.616,2760.4407,2269.1501,1441.9971,1946.2285,401.74796,1530.1792,1308.4459,1494.7385,1961.0635,2112.2346,2254.3162,2510.1707,4036.764,1198.6522,3355.0027,1541.7103,1857.833,2450.6333,3811.5764,3205.003,2049.0713,2048.1812,3434.9897,2794.8816,2742.2168,0,3121.4375,3658.8179,1485.0592,1216.3573,1833.3105,1954.1445,1567.3331,2563.4976,3805.9595,3184.3145,1971.5149,2269.7417,2195.8457,2551.0142,2866.4165,4141.612,3292.5884,4258.6353,3238.3364,3211.3994,2053.3035,4465.6,2128.569,3179.5237,2214.1687,3200.0557,
263,231.05835166871614,54.765877,,,,,,,,,,,688.95685,1818.2106,690.7666,2458.1677,1961.3799,2557.8633,2109.4983,1750.0284,2458.4092,584.5407,1555.3442,1052.8555,1441.4348,2088.8738,2048.8438,2168.889,2256.624,2223.9167,985.9019,2659.3044,1715.3193,2468.3318,2168.3315,2066.8687,2474.4487,1996.2439,2624.3281,3380.7163,3510.4688,2587.707,0,3903.4714,2704.4622,1912.5018,1027.6937,2344.7644,1839.7637,1836.6665,2330.5085,2677.865,3375.831,2019.0117,2130.27,2181.4226,1965.098,3538.6072,3640.9087,2438.4446,2553.4443,3157.4062,3320.0098,1853.2903,4149.059,2270.2683,2284.1086,2093.341,2220.671,
823,231.985033460069,56.218334,,,,,,,,,,,0,0,0,0,0,0,0,0,0,0,0,0,0,0,0,0,0,0,0,0,0,0,0,0,0,0,0,0,1962.1154,0,0,1461.4113,0,0,0,0,0,0,0,0,0,0,0,0,0,2192.7676,0,0,0,0,0,0,0,0,0,0,0,
545,232.04753685872117,55.627705,,,,,,,,,,,0,981.8483,0,1039.5009,1327.6283,1590.7463,1303.1075,939.6398,1167.5414,0,0,1079.9784,0,1086.3312,1130.4982,1390.6698,909.40796,2225.02,979.9477,1789.7711,1007.57336,1033.9719,1247.7568,2213.2974,1967.0209,1182.1193,1026.5184,1244.3586,939.74536,1549.3345,0,1004.0713,2188.5942,0,1108.138,963.17554,1149.8558,982.24744,1642.242,2281.9023,1083.3612,1063.5447,1216.5208,1402.6486,1325.7395,944.8555,1421.2543,1655.1458,2521.3105,1076.2236,1118.5476,0,1460.4456,1115.97,1697.8673,0,1578.0889,
86,232.04918512365435,54.31684,,,,,,,,,,,0,560.5453,0,600.8715,771.7633,861.9627,706.3684,438.62308,668.62994,0,0,0,0,590.3377,629.83984,675.43774,796.8081,1184.1066,0,1077.9104,562.9866,552.42303,790.62506,1081.1196,1012.02057,720.50574,657.00946,1031.5293,866.77637,844.9222,0,945.8235,1124.8757,0,415.48218,600.81335,616.97845,539.10754,743.3622,1112.2642,934.2017,626.51294,664.6489,649.1553,768.39685,859.2968,1206.035,1004.4694,1360.42,999.5786,969.60736,0,1255.4097,602.77313,976.8496,0,1014.3602,
371,232.05218031532496,54.767338,,,,,,,,,,,0,625.00885,0,906.7254,686.1733,807.80585,666.1952,572.2001,809.4034,0,0,0,0,695.89606,691.91077,720.4315,725.02057,701.3269,0,832.8434,547.491,726.6891,716.9614,706.96796,795.22687,674.2596,869.7297,1061.9421,1149.1023,799.80975,0,1254.336,889.03174,0,0,711.00165,634.8274,599.7215,727.712,868.00226,1035.7025,711.10004,668.58093,734.051,619.97906,1151.5975,1173.6665,781.75055,855.76135,1014.93854,1068.3325,0,1308.1007,722.8421,744.68225,0,758.44165,
773,233.04339446589785,55.789,,,,,,,,,,,0,0,0,0,0,0,0,0,0,0,0,0,0,0,0,0,0,0,0,0,0,0,0,0,435.04282,0,0,0,0,0,0,0,472.99445,0,0,0,0,0,0,488.09937,0,0,0,0,0,0,0,492.22394,0,0,0,0,0,0,0,0,485.29782,
381,233.05103630494423,54.767506,,,,,,,,,,,0,0,0,0,0,539.49524,0,0,0,0,0,0,0,0,0,487.17032,0,489.48315,0,550.27234,0,0,0,425.37823,520.9398,0,0,0,0,522.6888,0,0,559.1657,0,0,0,0,0,416.2259,560.86304,0,0,0,0,0,0,705.12915,541.21313,524.0866,0,0,0,758.0641,0,514.2076,0,494.644,
87,233.07741170590322,54.31688,,,,,,,,,,,0,0,0,0,0,626.85254,0,0,0,0,0,0,0,0,0,466.1154,0,878.7483,0,737.3792,0,0,0,810.9696,759.66364,0,0,0,0,566.7561,0,0,875.2553,0,0,0,0,0,561.14417,817.3184,0,0,0,0,0,0,915.642,719.62146,935.7496,0,0,0,906.1013,0,702.5175,0,668.5479,
636,233.07876903453413,55.62875,,,,,,,,,,,0,0,0,0,0,1020.6587,0,0,0,0,0,0,0,0,0,905.7551,0,1428.3466,0,1165.1615,0,0,0,1342.758,1296.8542,0,0,0,0,994.5417,0,0,1419.0902,0,0,0,0,0,968.9111,1376.2517,0,0,0,0,0,0,890.4028,1035.1442,1614.4025,0,0,0,951.1177,0,1032.6404,0,949.91534,
190,234.094051933394,54.319168,,,,,,,,,,,0,0,0,0,0,0,0,0,0,0,0,0,0,0,0,0,0,452.2295,0,409.33997,0,0,0,488.94247,406.3609,0,0,0,0,0,0,0,499.53384,0,0,0,0,0,0,478.70612,0,0,0,0,0,0,521.151,446.64236,577.6208,0,0,0,578.6777,0,439.43903,0,415.96893,
679,234.09758277587335,55.62969,,,,,,,,,,,0,0,0,0,0,987.6652,0,0,0,0,0,0,0,0,0,0,0,1475.6807,0,1016.60443,0,0,0,1378.1948,1217.5367,0,0,0,0,1019.3011,0,0,1430.9437,0,0,0,0,0,962.59564,1398.1154,0,0,0,0,893.8941,0,903.77246,1020.66425,1547.8702,0,0,0,926.884,0,1071.9517,0,1030.578,
799,238.97663795450316,55.91083,,,,,,,,,,,0,0,0,489.7483,0,0,0,413.06735,0,0,0,0,0,0,0,0,0,493.3063,0,0,0,0,0,557.67145,0,0,0,0,0,0,0,0,0,0,0,0,0,0,0,0,0,0,0,0,0,0,0,0,599.3524,0,0,0,0,408.86237,0,0,0,
175,238.99323053816462,54.31818,,,,,,,,,,,0,0,0,0,0,437.68976,428.60837,0,0,0,0,0,0,0,0,0,432.79602,0,0,495.55704,0,0,405.96567,0,0,0,0,405.44492,479.17032,413.65317,0,463.57175,441.38083,0,0,0,0,0,0,488.00555,465.2017,413.58844,448.46814,0,0,453.44427,471.14938,429.24454,0,449.1314,475.34195,0,484.70187,0,435.01666,0,428.89606,
674,238.99652079520902,55.62959,,,,,,,,,,,0,489.39587,0,463.45407,414.79504,589.78815,514.0853,462.58484,452.9575,0,0,497.17554,0,534.3315,509.1641,525.26935,431.27133,669.8751,414.01047,649.6816,402.63354,466.06506,526.30237,651.30597,685.38477,482.51782,479.62308,413.01602,453.00522,579.1912,0,489.87775,698.8581,0,528.915,440.82935,465.7411,474.45145,637.8503,661.84015,528.80023,451.60672,449.50998,581.7231,499.16476,453.08008,543.26807,560.2341,758.49164,501.7692,473.41745,0,542.2713,492.52728,588.34326,0,596.52924,
267,239.03124307778583,54.766026,,,,,,,,,,,0,1823.3462,0,2571.8682,1985.1206,2573.4207,2273.401,1753.5845,2585.6223,0,1531.1945,1111.4767,1467.747,2082.44,2049.2852,2229.94,2283.2288,2275.659,1045.9702,2617.0251,1850.6248,2296.6782,2313.456,2062.2893,2323.7056,2101.33,2635.396,3221.8032,3508.9395,2490.0615,0,3816.725,2658.8252,1946.677,1113.0824,2287.3884,1954.3665,1784.9751,2426.0984,2773.8425,3168.1333,2159.5515,2210.2742,2183.7776,1911.76,3463.2478,3508.2537,2613.222,2591.8633,3180.7708,3279.4773,1907.1396,4025.2642,2255.1995,2229.1042,2028.3102,2284.696,
273,240.04844317150435,54.766098,,,,,,,,,,,0,1169.1282,0,1623.7734,1238.3024,1602.4847,1325.2217,1122.6277,1686.7294,0,959.98987,0,901.424,1341.6215,1322.881,1415.2338,1461.4727,1378.067,0,1605.0317,1143.829,1426.5443,1322.7627,1304.9529,1475.3014,1395.7107,1702.0585,2056.7332,2111.0203,1576.1376,0,2343.1206,1648.6127,1208.509,0,1451.2227,1198.4426,1134.5704,1445.9003,1681.1559,2138.0366,1340.9889,1426.1771,1390.7385,1181.1964,2237.298,2286.0996,1616.138,1574.2903,2028.6776,2050.3584,1186.6509,2604.5112,1531.4086,1481.1952,1276.6002,1462.205,
62,241.0545095282554,54.316322,,,,,,,,,,,0,537.9817,0,570.66785,675.66266,732.86725,636.8418,467.10004,560.27655,0,461.22394,409.27722,427.2527,564.14545,569.11444,634.0072,716.71985,1005.50214,412.89474,935.64465,494.2161,572.4475,682.6434,912.3083,823.23474,590.3377,564.52826,886.47595,752.08044,714.4626,0,807.7908,976.711,425.94476,414.34454,568.08105,519.711,449.74664,690.8483,935.84015,891.2707,530.63226,638.8372,665.9023,643.2707,760.76855,1037.5934,888.4551,1103.3403,829.0118,887.1239,570.3652,1069.7479,606.4145,781.46094,600.6234,875.0376,
282,241.0611341391926,54.76622,,,,,,,,,,,0,2088.699,0,3143.3142,2425.3547,3008.7698,2599.434,2096.705,3017.0051,0,1795.4282,1246.2913,1759.4639,2474.5715,2382.1719,2657.8757,2734.4868,2745.856,1134.1301,3133.605,2156.8271,2771.6316,2574.8396,2546.3682,2887.75,2497.1077,3328.975,3791.382,4336.8267,2901.5188,0,4654.8022,3223.4675,2394.9526,1226.8839,2767.574,2277.3074,2110.5195,2936.6567,3256.5952,3788.9897,2519.2354,2645.9016,2649.1177,2231.4985,4275.688,4481.5483,2888.382,3068.8376,3821.5293,4067.0146,2205.5437,4763.985,2836.3074,2795.6787,2554.3232,2737.794,
526,241.061915715295,55.627247,,,,,,,,,,,0,794.67535,0,908.87054,1122.9546,1357.5802,978.20886,778.45703,956.50244,0,705.8977,948.1948,659.3815,932.0147,991.2216,1177.1366,776.86926,1947.3298,908.79504,1482.235,893.8751,892.542,1127.4917,1770.8015,1636.0493,976.51685,889.97485,1022.93463,865.3795,1369.5593,0,827.0641,1847.0337,667.95715,940.1357,875.3992,1049.2079,890.20593,1250.2625,1896.6996,912.8464,971.1275,1003.3259,1172.1307,1174.8732,772.12946,1197.2772,1446.5515,2116.1484,959.0353,953.5263,597.0154,1365.4727,1040.8578,1430.2449,690.5969,1255.6273,
576,242.06261242437157,55.628185,,,,,,,,,,,0,0,0,0,0,528.6986,0,0,0,0,0,0,0,0,0,0,0,0,0,551.4443,0,0,0,0,621.69666,0,0,0,0,495.1556,0,0,652.80383,0,0,0,0,0,0,663.5273,0,0,0,0,0,0,427.49493,500.49786,749.0644,0,0,0,408.2429,0,0,0,461.5698,
409,242.06687759218826,54.7687,,,,,,,,,,,0,0,0,1025.6934,0,984.1726,0,0,982.10364,0,0,0,0,0,0,0,888.15234,0,0,941.1124,0,873.52765,0,0,892.3599,0,939.87317,1201.272,1276.408,939.4704,0,1383.693,975.797,0,0,0,0,0,0,989.0013,1180.6322,0,0,0,0,1349.6888,1326.6721,907.914,956.06146,1238.1794,1245.1687,0,1425.7875,0,0,0,940.67474,
274,243.06608418961758,54.766098,,,,,,,,,,,0,1261.0039,0,1804.7,1441.9379,1798.2281,1541.3004,1247.015,1822.9634,0,1065.9454,0,1046.2638,1505.4668,1420.2357,1568.8182,1549.8225,1562.7924,0,1827.2831,1237.0438,1583.9758,1524.7401,1461.4247,1778.2726,1485.9569,1880.3102,2314.2485,2374.835,1801.6215,0,2614.6094,1870.0238,1416.7251,0,1713.0817,1289.662,1193.8025,1793.2971,1886.3322,2283.3035,1480.3253,1616.6879,1575.337,1390.4204,2450.9717,2487.7166,1743.5024,1767.661,2283.8833,2401.1204,1342.1346,2891.1243,1645.9581,1676.2671,1564.6074,1671.3341,
658,243.07449887526005,55.62917,,,,,,,,,,,0,0,0,0,0,0,0,0,0,0,0,0,0,0,0,0,0,469.8738,0,0,0,0,0,401.84244,405.96863,0,0,0,0,0,0,0,411.77377,0,0,0,0,0,0,423.37726,0,0,0,0,0,0,0,0,526.933,0,0,0,0,0,0,0,0,
411,244.06544250468923,54.76892,,,,,,,,,,,0,0,0,927.8941,0,890.8107,0,0,922.75415,0,0,0,0,0,0,0,0,866.5701,0,906.6813,0,0,0,0,0,0,998.14514,1139.3599,1280.188,893.54987,0,1391.4724,957.37396,0,0,0,0,0,961.3315,985.4289,1244.5894,0,0,0,0,1329.2618,1261.1265,915.06177,911.5557,1213.9497,1235.4498,0,1479.6692,865.9464,0,0,891.7551,
649,245.06882069228269,55.628998,,,,,,,,,,,0,449.9513,0,526.202,616.91437,717.15625,549.5345,454.04022,503.72214,0,0,0,0,539.2452,486.08075,599.5273,445.49918,1008.6868,0,812.4217,430.2141,462.99216,574.1282,932.2344,900.67865,470.50342,488.32593,541.0412,446.75418,738.55444,0,476.5979,941.2396,0,0,427.2344,536.50836,444.19614,653.0441,995.97284,515.0026,563.4923,507.932,618.4253,587.5263,443.3452,598.90027,666.10785,1100.9425,475.3086,510.0376,0,657.676,562.87286,705.49786,0,692.4132,
194,245.07537956709496,54.319584,,,,,,,,,,,0,0,0,0,404.68976,0,0,0,0,0,0,0,0,0,0,0,0,604.6816,0,499.82446,0,400.6028,404.7643,616.085,483.54855,0,0,486.80777,456.59595,482.66296,0,512.58777,536.74695,0,0,0,0,0,0,568.9516,502.94083,0,409.35895,0,0,456.423,586.30237,488.2671,651.2667,467.27625,494.37137,0,596.73,0,461.54398,0,527.38477,
365,245.0762751755543,54.7673,,,,,,,,,,,0,957.6208,0,1417.456,1047.9172,1291.6067,1154.0614,901.3086,1313.2831,0,0,0,0,1133.7284,1078.2681,1164.3325,1224.6528,1214.0076,0,1361.0131,912.3916,1193.442,1218.2157,1178.5881,1354.3904,1201.5122,1384.2753,1741.9957,1808.9542,1360.3641,0,2042.4727,1486.4021,1107.1364,0,1209.4861,1032.9451,998.7551,1271.2108,1417.0487,1741.7378,1114.9235,1112.3337,1200.5854,1042.8523,1853.0483,1914.2246,1290.137,1357.8075,1679.8381,1775.5538,989.2808,2156.6335,1205.5636,1283.9706,1181.2295,1306.0522,
382,246.06551885636276,54.767513,,,,,,,,,,,0,0,0,924.9137,693.47595,856.83295,0,0,0,0,0,0,0,0,0,762.5646,0,786.372,0,930.0062,0,0,0,701.9274,798.15204,0,888.932,1104.3641,1194.5135,849.52924,0,1302.2906,944.7156,0,0,0,0,0,818.30334,881.88855,1171.3331,0,0,0,648.6728,1128.257,1252.8483,770.2043,879.7597,1167.4257,1130.4796,0,1434.9598,0,795.73816,0,0,
691,246.06624190546657,55.63077,,,,,,,,,,,0,0,0,668.154,852.2589,973.5038,0,0,0,0,0,0,0,0,0,923.0484,0,1340.5583,0,1134.3102,0,0,0,1380.2213,1254.8058,0,693.6087,715.37463,582.9166,1030.847,0,586.5338,1376.8872,0,0,0,0,0,905.32855,1399.6119,629.98364,0,0,0,892.2004,574.01306,930.7326,1056.7754,1535.034,667.8565,711.81464,0,981.9993,0,995.16675,0,0,
177,246.0691758796031,54.318203,,,,,,,,,,,0,0,0,0,548.5737,516.88556,0,0,0,0,0,0,0,0,0,472.8846,0,825.7587,0,667.1837,0,0,0,693.20593,669.72345,0,421.5394,669.3831,562.0837,518.8238,0,684.01733,774.79047,0,0,0,0,0,536.04285,762.1615,608.7404,0,0,0,476.1468,606.57794,833.1265,606.6237,877.7568,617.8153,629.78296,0,798.7267,0,653.25366,0,0,
125,247.06749440381518,54.317356,,,,,,,,,,,0,0,0,0,461.1154,470.457,0,0,0,0,0,0,0,0,0,0,0,719.89276,0,550.8081,0,0,0,676.9392,533.62866,0,0,0,0,459.71625,0,0,570.5711,0,0,0,0,0,488.932,567.90094,0,0,0,0,442.93036,0,675.4433,598.6868,686.36774,0,0,0,712.21674,0,497.51782,0,545.41943,
665,247.08207994504113,55.629414,,,,,,,,,,,0,0,0,0,908.2076,979.3423,0,0,0,0,0,0,0,0,0,0,0,1480.9163,0,1049.3717,0,0,0,1384.4227,1316.289,0,0,0,0,1080.1997,0,0,1395.513,0,0,0,0,0,882.4479,1427.1418,0,0,0,0,856.26874,0,920.85254,1053.9425,1569.9353,0,0,0,1048.1896,0,1004.2027,0,1045.746,
784,252.9060944229315,55.90167,,,,,,,,,,,0,0,0,0,0,0,0,0,0,0,0,0,0,0,0,0,0,3585.1821,0,0,0,0,0,2986.5452,0,0,0,0,0,0,0,0,0,0,0,0,0,0,0,0,0,0,0,0,0,0,0,0,3667.358,0,0,0,0,0,0,0,0,
276,252.94936238013523,54.766148,,,,,,,,,,,4399.228,5989.5693,4458.366,7076.3267,5901.365,6831.9507,6234.3887,5850.5474,6677.5635,4162.869,4322.0225,4827.8564,4423.8687,6425.0635,6363.662,6295.293,6219.48,6108.025,4491.544,6976.9575,5932.0557,6556.9673,6723.462,5629.484,6694.978,6619.722,7332.0474,7094.9106,8064.7305,6915.16,0,8863.194,6643.609,5077.8247,4928.438,6537.604,5166.8486,5541.4746,6591.139,7239.4316,7895.762,5540.155,6419.5635,6554.4106,5635.8896,7980.828,8029.2285,6918.1675,6638.841,8238.946,8329.236,5094.724,9188.573,6966.3516,6785.864,6404.279,6444.48,
861,253.90197406281717,56.254997,,,,,,,,,,,1261.1346,0,1294.6398,0,0,0,0,0,1075.1985,1056.7463,0,0,0,0,0,0,0,0,0,0,0,0,0,0,0,0,1146.5747,0,0,0,0,0,0,799.25696,0,0,0,0,0,0,0,0,0,0,0,1005.2596,0,0,0,0,0,0,0,0,0,0,0,
781,253.9073271383456,55.900715,,,,,,,,,,,0,0,0,1101.5387,0,0,0,1096.3923,0,0,0,0,0,0,0,0,0,1020.288,0,0,0,0,0,915.391,0,0,0,0,0,0,0,0,0,0,0,0,0,1051.6604,0,0,0,917.02515,0,0,0,0,0,0,0,0,0,838.89996,0,0,0,0,0,
249,254.0177122803529,54.765347,,,,,,,,,,,1272.5878,2253.2659,1365.5823,2728.2102,2281.9739,2592.2385,2290.9153,2151.9539,2571.0354,1250.7006,1668.5897,1586.5038,1629.1677,2247.9626,2302.0032,2214.3025,2357.4937,2383.6487,1437.232,2724.7886,2084.641,2351.4385,2560.3154,2143.9756,2496.603,2434.5159,2642.3618,3052.8755,3485.9258,2646.2622,0,3720.0532,2664.4744,2031.8911,1549.4563,2568.7598,2020.4584,2095.0425,2507.8699,2831.613,3250.9255,2125.506,2491.9702,2404.215,2123.573,3397.0095,3488.6306,2587.5085,2689.6548,3280.0874,3501.339,1996.663,3972.4524,2565.1313,2688.6316,2325.1545,2567.8762,
689,254.03158531644462,55.6305,,,,,,,,,,,0,0,0,0,0,0,0,0,0,0,0,0,0,0,0,0,0,1051.0608,0,1136.8876,0,0,0,959.40765,1080.5671,0,0,0,0,0,0,0,1072.0925,0,0,0,870.4799,0,1056.7545,1070.503,0,0,0,0,0,0,0,0,1105.7797,0,0,0,0,0,0,0,1055.8862,
55,255.0421850652269,54.316185,,,,,,,,,,,1120.2412,2714.4531,1128.3154,3062.7356,3733.1116,3699.6619,3269.103,2350.347,2875.385,0,2309.7427,2077.659,2229.5278,2723.0896,3105.916,3175.4397,3624.3884,5536.2334,1919.6201,4552.824,2374.2905,2679.1975,3591.8696,5092.1626,4617.556,3071.982,2992.1907,4773.2437,3903.1309,3633.1006,0,4388.867,5154.0054,2232.7617,2055.017,2669.5195,2770.2688,2428.5283,3608.8987,5114.34,4492.295,2639.701,3390.033,3180.5176,3645.588,4090.077,5571.4424,4469.126,5834.068,4345.001,4504.147,2989.1848,5907.6553,3080.8416,4389.7954,3191.1077,4432.4326,
543,255.04926184979823,55.62766,,,,,,,,,,,2175.3413,4399.027,2059.2998,5116.198,6377.6445,7016.6396,5208.58,4515.233,4863.471,1833.1619,3826.6511,5127.4854,3632.1748,5125.5405,5036.138,6288.289,3932.2688,10531.568,4680.346,8090.26,4478.274,4544.652,5576.6855,9746.804,9530.553,5297.9585,4995.3657,5565.1084,4333.826,7302.361,0,4524.145,9911.056,3545.1484,5083.312,4552.4683,5223.7153,4160.5654,7056.0347,10062.132,4965.1885,4910.923,5392.101,6247.291,6025.0205,4111.9414,6574.5625,7607.4883,11401.478,4957.4414,5170.347,3052.4443,7042.192,5427.0293,7234.219,3483.13,7419.6367,
266,255.05593367275705,54.76597,,,,,,,,,,,3867.706,10665.297,3813.4438,15259.587,11759.696,14447.288,12272.693,9929.839,14672.104,3344.6704,9088.313,6032.3545,8822.662,12538.99,11550.0205,12902.413,13019.41,13592.5625,5453.8496,14602.778,10312.629,13600.106,12992.079,12500.348,14735.559,12182.3,15536.167,19362.635,20428.145,14552.569,0,22540.205,15875.88,11865.232,6122.59,13552.773,11015.793,10236.863,13718.513,15904.21,19077.104,12157.296,12663.902,12853.981,11096.213,21081.506,22042.713,14306.441,14766.399,19140.465,19670.17,11084.339,24389.54,13420.594,13441.104,11934.1455,14123.368,
46,256.0540279282301,54.31547,,,,,,,,,,,0,667.38965,0,738.62274,947.9271,908.62994,805.40405,599.1121,707.9918,0,546.6888,557.16736,545.2288,734.3887,670.79144,762.07684,812.2932,1260.9558,526.00653,1072.2338,597.1445,658.9366,826.40533,1289.1788,1051.6879,770.2452,718.2226,1107.0006,919.45306,934.0572,0,1006.6025,1132.4838,572.09155,512.575,668.80255,690.77216,649.5907,840.642,1191.4054,1109.7385,625.3694,804.61,761.31744,869.3207,1009.9866,1313.8611,1071.3234,1391.3936,1040.571,1086.4017,781.1736,1368.037,722.14905,973.65643,803.304,1116.9539,
522,256.05788329062824,55.62684,,,,,,,,,,,501.56195,1045.3658,0,1149.2219,1434.2036,1566.4413,1244.1975,1050.2625,1158.2258,0,937.7692,1126.2441,811.98596,1229.5406,1191.4753,1443.6996,985.7287,2443.5056,1070.0275,1807.5992,1025.2834,1111.3743,1255.541,2196.2363,2173.9087,1228.5714,1130.0706,1256.5973,1057.8036,1610.4492,0,1040.7006,2210.1091,830.41125,1169.5989,1111.8513,1233.443,1120.2432,1611.3524,2300.4993,1156.2946,1200.8695,1201.2802,1541.6558,1363.3645,1088.4368,1481.3824,1756.901,2672.474,1182.1262,1178.5153,780.782,1661.2848,1288.2089,1656.153,805.931,1687.9081,
245,256.062989344424,54.765182,,,,,,,,,,,950.89636,2469.2327,0,3506.5383,2565.2324,3271.4329,2799.6348,2249.9197,3316.698,0,2067.0,1387.9833,1950.971,2828.9258,2542.969,2838.3125,3114.0742,3164.0867,1318.1252,3339.483,2373.8909,3098.0232,2991.6172,2842.0396,3337.3228,2795.7166,3441.5613,4460.514,4656.952,3354.0269,0,5158.214,3568.2712,2730.6414,1369.9373,3072.995,2571.1858,2323.5156,3094.0002,3464.2756,4513.969,2757.3884,2812.115,2935.785,2581.1724,4856.0415,4911.0547,3339.7356,3341.064,4416.2603,4519.53,2743.184,5527.231,3061.6213,3094.331,2813.4204,3181.3762,
182,257.04675241703666,54.318424,,,,,,,,,,,0,0,0,0,0,407.26413,0,0,0,0,0,0,0,0,0,0,0,472.611,0,478.32004,0,0,404.22034,482.06735,0,0,0,418.26447,0,0,0,427.8287,461.11182,0,0,0,0,0,0,483.02747,427.38443,0,0,0,0,434.49722,483.24747,421.91403,509.29126,419.6842,436.77704,0,548.6816,0,421.05753,0,450.87415,
623,257.0501076642642,55.628613,,,,,,,,,,,0,408.8382,0,452.66983,477.9284,540.8382,447.56586,0,465.98724,0,0,445.38837,0,400.20856,427.60052,533.6453,0,791.94476,0,646.0637,424.55966,403.51782,501.2991,746.83984,778.1177,487.9248,484.36353,419.21576,0,611.76526,0,419.28244,768.96075,0,0,406.6172,465.49786,436.08173,582.3008,823.77246,474.85617,459.6244,446.70023,573.84503,483.35535,418.8029,532.3563,578.47235,857.542,446.99478,479.4119,0,610.35864,501.36255,668.83685,0,589.1576,
252,257.0670343317864,54.765385,,,,,,,,,,,0,1379.3822,0,2055.3452,1550.4272,1885.3668,1605.2429,1407.5178,1958.5266,0,1225.4838,853.9647,1159.9637,1685.5708,1623.9519,1708.7372,1714.4011,1790.525,0,2045.068,1358.5897,1816.0748,1746.8588,1730.6696,1835.7,1608.3579,1920.8911,2404.1475,2638.9788,1901.695,0,3002.6763,2105.9502,1601.9589,0,1683.6195,1463.7185,1385.2533,1815.528,2043.8591,2475.111,1644.1697,1602.0748,1732.6411,1347.5142,2661.058,2779.1853,1844.3481,1935.864,2525.4958,2514.3474,1433.815,3092.7703,1844.3684,1763.7853,1651.9722,1727.0543,
262,258.06370179170625,54.765842,,,,,,,,,,,0,2261.1997,0,3414.829,2523.213,3199.4265,2685.0454,2242.0498,3202.4116,0,1877.8588,1312.4574,1922.8431,2726.8193,2534.8975,2818.703,2893.8003,2909.4158,1192.4473,3325.2747,2212.9148,3106.5557,2806.1897,2581.166,3192.0918,2599.763,3359.2026,4181.224,4485.4404,3201.0674,0,4831.942,3464.3403,2518.63,1249.2756,3017.4792,2347.6729,2219.03,3051.924,3381.9875,4160.0913,2587.1323,2677.0527,2856.2305,2526.348,4588.957,4743.6216,3108.2095,3132.8074,4014.6797,4218.782,2470.243,5459.6396,2953.3035,2938.4004,2657.183,3002.3127,
293,259.06413575308983,54.76642,,,,,,,,,,,0,0,0,1052.2961,0,1046.541,957.16473,0,1117.2523,0,0,0,0,948.93756,0,909.81433,953.2249,1029.2291,0,1124.3439,0,1017.8532,1017.6221,934.47076,1061.4237,925.42334,1126.5437,1362.4939,1464.3357,1082.472,0,1660.302,1179.3174,882.7107,0,904.8241,881.2739,0,995.2373,1075.1746,1366.8062,0,975.0765,958.65643,0,1602.8506,1564.95,971.6669,1051.2272,1358.7222,1402.2605,0,1673.4688,974.119,994.8078,909.0631,965.9706,
524,259.0747747220761,55.62696,,,,,,,,,,,0,0,0,0,0,507.2053,474.9529,0,0,0,0,0,0,456.07452,0,507.01178,0,708.97614,0,721.3498,0,408.95358,451.48285,751.8156,691.36285,422.72867,0,433.7499,410.21216,556.7287,0,0,724.8114,0,0,0,463.38443,0,557.60675,700.0386,0,0,413.35175,491.97287,0,0,498.4021,546.2864,876.9997,402.76822,0,0,505.508,432.83884,574.9951,0,561.3805,
151,259.0862731060608,54.317772,,,,,,,,,,,0,0,0,463.85388,0,478.7267,465.99738,0,0,0,0,0,0,0,0,407.50833,451.6244,621.6571,0,573.7777,0,0,430.8385,572.4982,547.62274,0,0,570.0229,570.95197,455.38443,0,552.5332,624.0448,0,0,0,0,0,460.44818,606.90094,556.86566,0,0,0,0,541.4819,666.6384,536.5371,715.9781,570.5263,550.2256,0,691.33215,0,496.48807,0,561.31024,
556,261.08615451858225,55.627945,,,,,,,,,,,0,0,0,0,441.36777,545.75745,0,0,0,0,0,0,0,0,0,0,0,717.542,0,581.6456,0,0,424.7032,663.1504,651.49524,0,0,435.27264,0,495.62503,0,0,722.0713,0,0,0,0,0,0,705.0791,0,0,0,0,0,0,466.09775,526.8689,763.58057,0,0,0,486.72964,0,437.16345,0,532.55084,
185,261.09544191677776,54.3186,,,,,,,,,,,0,0,0,0,970.4106,985.5165,0,0,0,0,0,0,0,0,0,0,946.94214,1394.2258,0,1220.8872,0,0,903.8754,1416.915,1172.2645,0,0,1289.9365,1087.1046,959.0945,0,1124.1294,1381.758,0,0,0,0,0,0,1373.8777,1161.0546,0,0,0,0,1085.0343,1497.9971,1178.9111,1546.7734,1206.706,1145.6326,0,1647.2361,0,1156.1399,877.1572,1207.0513,
906,264.88949270589086,56.462498,,,,,,,,,,,0,1488.7518,0,0,1287.5854,0,0,0,0,0,0,0,0,1343.2687,0,0,0,0,1280.8015,0,0,0,0,0,0,0,0,0,0,0,0,0,0,0,0,0,0,0,0,0,0,0,0,1417.5005,0,0,0,0,0,0,0,0,0,0,1421.4116,0,0,
12,264.9045370928227,54.039997,,,,,,,,,,,0,0,0,0,0,0,0,0,0,0,0,0,0,0,0,0,1234.6583,0,0,0,1352.0604,1289.7598,0,0,0,0,0,0,0,0,0,0,0,0,0,0,0,0,0,0,0,0,0,0,0,0,0,0,0,0,0,0,0,0,0,0,0,
876,266.9125823552023,56.259758,,,,,,,,,,,2821.0647,1677.6943,3000.9758,2201.6619,1487.0573,0,1567.6727,1745.7574,1666.4808,2474.2236,1152.7502,0,0,1529.0664,1793.7832,1575.284,1700.2687,1564.2262,0,0,1673.1436,1579.6244,1918.8604,0,1519.9346,1847.663,2217.7705,0,1904.4701,0,0,1993.1243,1454.9712,1355.0726,1655.6466,1794.8333,0,0,0,0,1724.0516,0,1733.3651,1705.254,0,1810.1481,1450.3439,1741.0121,1540.7699,1737.6542,1755.8457,1328.9124,1639.2772,1695.3099,1621.5597,1941.0444,1580.3152,
271,266.99514596476945,54.766056,,,,,,,,,,,2186.6277,3750.9353,2183.153,4917.3066,3754.9287,4651.959,3936.738,3610.5532,4547.058,1955.3746,2874.4482,2650.9597,2754.288,4092.0823,4017.5613,4074.7732,4099.4033,4169.8345,2450.157,4728.9824,3501.617,4284.607,4291.139,3850.7935,4479.224,4225.8066,4904.273,5285.36,5970.34,4546.152,0,6566.0757,4845.5723,3616.808,2606.105,4260.362,3565.861,3525.8406,4385.917,4942.9087,5773.673,3628.915,4137.992,4267.584,3732.2717,5985.047,6112.9233,4548.238,4681.53,5618.103,5908.985,3475.387,6882.222,4548.8354,4416.7637,4098.715,4239.3755,
3,267.90994956621114,54.036,,,,,,,,,,,0,0,0,714.6293,0,0,0,0,0,0,0,0,0,0,0,612.576,0,0,0,0,651.7058,0,0,0,0,0,775.32104,0,0,0,0,0,0,0,0,0,0,669.3495,0,0,0,0,0,0,0,0,0,0,0,0,0,0,0,0,0,0,0,
866,267.95241496976644,56.257107,,,,,,,,,,,1224.8159,696.4498,1258.4939,912.1157,606.9562,0,605.53613,685.42303,685.1919,1112.9772,0,0,0,0,742.5502,617.2017,795.9722,660.42596,0,0,675.4279,688.9559,768.5943,553.86957,630.6054,758.02356,1020.64435,0,735.8424,645.7408,0,840.10754,0,551.5698,0,734.7434,566.6312,683.9742,0,606.3308,734.5227,595.96173,720.5044,695.6649,0,742.97974,0,691.5917,0,700.2115,752.8699,515.03827,0,0,0,846.54004,0,
248,267.9971175739836,54.765285,,,,,,,,,,,688.11804,1157.9741,715.82086,1425.1997,1096.5289,1316.8617,1287.6211,1068.1262,1309.4524,713.98987,0,0,0,1242.7487,1231.7039,1234.5599,1319.3328,1308.3881,0,1338.3181,1081.7247,1226.3135,1239.1759,1172.6312,1278.7214,1322.8578,1534.8372,1440.5155,1840.3,1449.5616,0,1854.8513,1337.2585,1109.0271,868.0261,1292.2795,1076.5018,1116.1683,1364.323,1429.4462,1753.6633,1121.3616,1270.6447,1273.3014,1084.1187,1720.2975,1768.1011,1386.3485,1343.6542,1638.2246,1780.9402,1037.0222,1868.6937,1205.9833,1338.7754,1222.2092,1320.7345,
549,268.9694540015525,55.627857,,,,,,,,,,,0,0,0,0,854.60675,814.63324,0,0,822.3763,0,613.0726,849.35077,0,779.7316,0,820.8957,774.25073,1022.797,0,896.1952,0,0,0,922.7568,1047.2655,0,0,700.54364,0,974.884,0,0,1013.8349,0,0,0,753.1059,0,909.4786,1097.4198,873.67377,721.63226,869.1056,859.5914,0,0,824.8052,984.6241,1033.8303,0,0,662.6319,0,0,942.77344,0,958.0791,
765,268.97505934874846,55.72125,,,,,,,,,,,2357.0913,0,2294.052,0,0,0,829.8761,0,0,2084.2043,0,0,0,0,0,0,0,0,0,0,0,0,0,0,0,901.6888,888.6992,0,0,0,0,923.4551,0,0,0,0,0,0,0,0,0,0,0,0,0,0,0,0,0,0,0,0,0,0,0,851.06146,0,
871,268.9852801275877,56.257687,,,,,,,,,,,4975.6514,1440.88,5276.49,2744.4722,1392.6302,747.8951,1422.1821,1484.6086,1626.2665,3716.575,892.31775,890.33246,0,1037.5057,1565.4652,1377.8391,1935.5731,1406.544,0,977.5338,1540.0719,1539.3658,1715.6927,956.3655,1070.5619,1793.5891,3054.675,722.04706,2066.2847,1028.3834,0,2208.54,842.8195,1484.0994,0,1801.238,1049.0392,1348.1995,840.541,1020.7957,1491.2272,991.6041,1689.3243,1490.9075,0,1984.4054,1048.2233,1539.3041,1227.9885,1637.7826,1660.188,1332.1837,1085.0778,1478.5201,942.9575,2442.3296,1351.1042,
391,269.029320860795,54.767647,,,,,,,,,,,0,1056.9244,0,1234.5338,1012.8052,1151.2034,1004.70483,1022.831,1159.0255,0,791.406,862.24945,0,1074.4374,1099.1226,1101.543,1119.61,1072.4469,0,1244.6503,1001.204,1095.3972,1112.6573,1053.9702,1182.6146,1148.497,1326.2504,1305.2632,1436.9071,1234.2426,0,1632.6057,1183.9803,943.4838,0,1192.6855,1013.33936,1048.0516,1063.712,1200.4005,1415.9373,1012.1301,1043.0837,1151.2141,0,1405.2145,1482.5587,1188.7921,1094.8313,1434.3707,1488.5457,945.1033,1501.2242,1127.5953,1124.917,1063.7192,1078.867,
875,269.99871522705513,56.259575,,,,,,,,,,,1207.9183,0,1386.731,722.6718,0,0,401.66263,0,490.25696,977.3995,0,0,0,0,435.55673,0,475.23242,0,0,0,0,409.68356,488.41028,0,0,419.2648,805.37756,0,569.4802,0,0,592.55475,0,420.53873,0,504.97974,0,0,0,0,408.06833,0,463.72833,428.49396,0,496.6002,0,0,0,464.18274,458.13208,0,0,0,0,570.43835,0,
758,270.0103166347803,55.718334,,,,,,,,,,,574.56683,0,605.21967,0,0,0,0,0,0,543.9238,0,0,0,0,0,0,0,0,0,0,0,0,0,0,0,0,0,0,0,0,0,0,0,0,0,0,0,0,0,0,0,0,0,0,0,0,0,0,0,0,0,0,0,0,0,0,0,
257,270.0686846641639,54.765697,,,,,,,,,,,852.6868,2253.3523,873.5381,3197.1929,2479.8132,3075.5796,2633.6665,2184.0315,3054.3518,796.4469,1933.6326,1402.8839,1924.4083,2650.032,2450.7207,2706.396,2917.8083,2845.022,1261.1337,3323.7524,2158.667,2993.735,2875.867,2618.8718,3058.5413,2572.8748,3275.521,4189.9136,4402.625,3263.4785,0,4696.4585,3309.2625,2542.0103,1289.3616,2946.7668,2308.5515,2184.3435,3065.4304,3308.9683,3993.9873,2624.1516,2769.2427,2732.7249,2460.619,4591.949,4704.8335,3077.8853,3219.7456,3982.1687,4129.3486,2431.4873,5179.2725,2920.0532,2847.029,2600.168,2910.7742,
790,271.03446934430343,55.90393,,,,,,,,,,,418.7316,0,402.15298,544.09644,0,0,0,468.67703,0,0,0,0,0,0,0,0,512.6623,819.30634,0,0,487.68912,0,0,776.9781,0,0,525.98724,0,0,0,0,0,0,0,0,0,0,506.14548,0,0,0,412.5711,0,0,0,0,0,0,866.05426,0,0,441.33737,0,0,0,477.21967,0,
486,271.0364312583904,55.388336,,,,,,,,,,,0,0,0,0,0,565.2896,0,0,0,0,0,0,0,0,0,0,0,0,0,0,0,0,0,0,0,0,0,0,0,590.10785,0,0,0,0,0,0,0,0,551.2847,0,0,0,0,0,0,0,0,0,0,0,0,0,0,0,0,0,0,
448,271.04144025464916,54.87278,,,,,,,,,,,0,0,0,0,0,458.67603,0,0,439.3815,0,0,0,0,0,401.23505,0,0,0,0,0,0,0,0,0,0,0,0,0,0,0,0,0,0,0,0,437.67963,0,0,0,0,0,0,0,447.46158,0,567.151,612.6277,0,0,0,482.48972,0,628.70447,0,0,0,0,
459,271.04565940575156,55.00643,,,,,,,,,,,0,0,0,0,0,0,0,0,0,0,0,0,0,0,0,408.7267,499.5299,0,0,444.4384,0,0,0,575.5002,0,0,485.0134,0,0,0,0,0,0,0,0,0,0,0,0,0,0,0,0,0,0,0,0,0,0,0,0,432.46518,0,0,0,453.8833,0,
595,271.05450299042815,55.628216,,,,,,,,,,,0,0,0,0,0,0,0,0,0,0,0,0,0,0,0,0,0,0,0,490.35535,0,0,439.7012,0,559.78394,432.62372,0,0,0,0,0,0,577.6656,0,0,0,0,0,462.2357,590.1196,0,0,0,416.93298,412.87448,0,0,490.86105,0,404.65546,0,0,0,411.87576,454.18634,0,484.30664,
242,271.0697558113041,54.76508,,,,,,,,,,,3207.305,8744.561,2939.3076,12632.761,9940.336,12432.166,10232.408,8353.219,12183.815,2616.9595,7604.7656,4899.0063,7203.823,10142.823,9618.294,10760.891,11153.161,11308.6,4423.2153,12437.412,8333.334,11345.669,11103.95,10415.108,12115.001,10166.139,13068.164,16342.925,0,12340.127,0,19097.703,13366.738,9921.194,4720.7886,11264.327,9097.924,8331.286,11933.667,13144.597,16206.795,9903.174,10452.968,10735.467,9457.601,17690.38,18324.39,11789.011,12561.802,16089.071,16875.95,9202.891,20564.807,11308.16,11355.4375,10204.949,11537.427,
241,272.0777507396749,54.7649,,,,,,,,,,,1678.646,4861.611,1610.4949,7092.289,5623.508,6658.3906,5769.7944,4724.768,6834.169,1456.2805,4266.93,2784.8662,4024.3018,5836.9116,5261.027,6084.4604,6286.4795,6288.776,2465.112,6922.2725,4691.232,6334.51,6155.4404,5657.9214,6825.308,5542.3545,7428.372,9170.456,9476.377,6945.748,0,10362.265,7420.2275,5522.631,2796.1887,6507.65,5015.2886,4781.7783,6703.6045,7183.1777,8943.48,5711.9976,5735.827,5928.817,5250.606,9702.291,10285.397,6604.8345,6918.4683,8998.583,9188.451,5095.145,11565.668,6293.63,6328.1084,5662.1826,6361.0,
779,272.1010683945688,55.896667,,,,,,,,,,,0,0,0,0,0,0,0,0,0,0,0,0,0,0,0,0,0,429.42596,0,0,0,0,0,429.16608,0,0,0,0,0,0,0,0,0,0,0,0,0,0,0,0,0,0,0,0,0,0,0,0,410.45602,0,0,0,0,0,0,0,0,
610,272.12372372732455,55.62844,,,,,,,,,,,0,0,0,410.43542,413.98856,617.65967,420.52698,0,0,0,0,0,0,0,402.99738,481.9189,0,756.16315,0,620.42664,0,0,421.5868,704.6803,752.07947,403.6404,424.9379,415.0984,0,559.7784,0,0,693.8287,0,0,0,413.20105,0,514.0556,762.0536,436.77966,0,437.1615,517.16376,459.91696,0,516.0487,549.02814,810.8807,436.7839,443.03693,0,507.9624,439.4923,542.2883,0,562.1141,
239,273.0846371397612,54.76481,,,,,,,,,,,817.37036,2328.6646,857.0814,3361.1565,2502.52,3260.2334,2717.1707,2054.7322,3238.404,733.0363,1883.7006,1212.2537,1885.3384,2597.3167,2391.8794,2667.0715,2985.066,2928.7395,1244.6649,3236.2915,2219.7979,2955.1553,2897.0283,2662.397,3129.5554,2546.144,3355.0837,4243.774,4604.003,3240.887,0,5057.646,3376.322,2534.2498,1277.9801,2895.1255,2303.84,2188.088,3046.7493,3434.7292,4292.019,2738.4658,2682.0151,2720.6372,2486.076,4696.4536,4743.3433,3025.0212,3234.6892,4157.0225,4226.0576,2372.162,5315.556,2939.1348,2986.1445,2649.8418,3041.8499,
50,273.0943235709599,54.31582,,,,,,,,,,,488.19156,1918.7397,488.88657,1940.0117,2651.2668,2731.1812,2206.0095,1547.6104,2009.8467,0,1622.8817,1382.0886,1496.7957,1891.9445,2000.6312,2152.9385,2360.1372,4048.4182,1212.1929,3326.223,1613.8771,1883.9108,2557.2812,3830.8918,3296.6243,2139.127,2027.8921,3486.8306,2866.8281,2587.9893,0,3055.8745,3716.3687,1510.9232,1269.795,1801.4629,1915.4835,1506.0654,2455.8223,3751.237,3036.3452,1852.0778,2304.7146,2114.1714,2534.2307,3041.5493,4068.4175,3234.3691,4274.409,3005.3376,3266.1792,2028.016,4314.205,2078.088,3088.3647,2220.9717,3168.483,
529,273.095883600171,55.627308,,,,,,,,,,,1332.758,3155.154,1325.9396,3479.5522,4898.447,5419.3584,3888.0125,3256.7915,3655.4534,1130.1416,2838.4224,3611.1462,2639.6306,3667.6055,3644.0974,4674.6357,2748.6587,8102.8066,3403.8003,6286.8335,3336.8235,3365.1245,4238.21,7646.557,7311.841,3915.0942,3485.0088,4125.8306,2963.7114,5528.2573,0,3391.7258,7725.5527,2525.5034,3540.0818,3390.8792,4070.7974,3175.9246,5321.2207,7961.179,3693.032,3745.374,4072.6897,4657.986,4540.7886,3197.613,4887.91,5862.0923,8750.537,3550.9424,3735.8152,2210.1147,5181.7583,4176.668,5568.589,2589.6348,5510.013,
259,274.08528279204285,54.76576,,,,,,,,,,,0,469.89963,0,721.82086,556.34033,668.46716,579.97845,419.30173,749.9212,0,458.46912,0,0,587.4586,544.41516,609.58746,603.37366,652.4845,0,747.102,473.56458,643.4067,586.0562,522.9771,678.65674,555.51685,784.41516,922.55084,998.37854,669.8287,0,1049.9647,755.6162,0,0,600.9395,537.6581,506.04413,644.7973,745.52893,873.17883,592.2292,576.3828,572.97516,519.94574,952.4099,1074.6238,620.0412,691.95557,861.9094,926.45636,0,1129.6378,607.1906,651.0029,0,645.40436,
536,274.1031432843898,55.62754,,,,,,,,,,,0,996.5881,0,1100.5903,1433.5535,1669.287,1228.0876,1013.4207,1099.4995,0,963.64923,1159.7646,0,1129.2223,1127.106,1516.6937,869.0798,2418.2798,1037.2615,1875.8558,1008.2785,1045.9595,1234.9363,2348.3687,2183.304,1142.3263,1078.7512,1251.5305,970.7316,1732.7329,0,1099.9569,2302.7668,0,1133.4132,1085.0922,1258.46,968.4279,1630.0396,2361.529,1146.9883,1155.0056,1237.8868,1491.6848,1388.6427,1007.90125,1504.4331,1814.7489,2631.2197,1029.4812,1260.4485,0,1605.7084,1254.0245,1768.5319,0,1710.8644,
80,274.10399629877816,54.316734,,,,,,,,,,,0,640.0183,0,702.2115,948.8307,994.82153,806.5237,513.5109,727.22003,0,638.1206,517.19617,0,648.37396,700.0726,734.0817,852.4714,1400.9996,461.4096,1159.2566,564.29944,715.36676,865.3318,1295.284,1124.5159,777.67993,682.59106,1173.6414,984.0906,927.6849,0,1095.2537,1358.8702,0,449.03235,697.5201,708.4874,564.89703,912.6165,1206.8065,1091.5531,644.02057,815.85944,775.7623,847.81335,968.84863,1379.2188,1128.7908,1526.2788,1069.8882,1145.5812,0,1527.5496,753.42334,1105.8486,0,1135.4249,
183,275.11522477018946,54.31848,,,,,,,,,,,0,0,0,0,422.5698,0,0,0,0,0,0,0,0,0,0,0,400.61328,595.2844,0,500.10754,0,0,0,551.7398,525.2825,0,0,518.4145,442.94476,447.07062,0,432.56848,511.71658,0,0,0,0,0,404.01077,492.34326,476.44,0,0,0,0,456.32364,557.79144,485.32788,662.13763,470.39557,500.28735,0,582.47076,0,433.14154,0,476.23047,
542,275.1272835957943,55.627632,,,,,,,,,,,0,1095.625,0,1213.0837,1619.6273,1826.3302,1310.0631,1141.2441,1246.0559,0,1034.6198,1245.0612,912.1177,1327.1056,1313.1099,1638.6152,972.67505,2736.5215,1221.0242,2058.6833,1081.9061,1160.3187,1455.9729,2610.5247,2448.126,1351.4666,1192.7676,1373.1971,1055.5377,1843.6715,0,1114.7277,2595.267,939.4214,1275.7888,1159.1327,1398.9569,1007.1922,1756.1566,2490.8772,1256.05,1289.7676,1311.9042,1684.7156,1565.7744,1152.7725,1714.9758,1943.3265,3013.8313,1310.2766,1273.9032,0,1816.6158,1471.0098,1860.4374,0,1948.5381,
795,280.9371517329974,55.905014,,,,,,,,,,,8400.985,0,8467.11,8936.894,0,7217.385,7291.936,8776.16,7847.3745,7791.365,5236.306,0,0,7795.1606,0,7308.665,8182.611,9412.786,0,0,8525.237,7559.431,0,8139.326,7641.8936,8611.066,8911.729,0,7318.5513,8058.2793,0,8161.499,0,6171.894,0,7850.8115,6276.7085,8135.4326,0,0,0,6637.944,7957.014,8468.414,0,7057.954,0,0,9612.012,0,0,6527.824,0,8650.67,0,8577.503,0,
290,280.94406041647244,54.76635,,,,,,,,,,,0,8969.419,0,8777.555,8063.964,8290.262,7861.189,8351.075,8697.486,0,5729.4634,8195.675,5906.713,8276.17,8878.686,8222.409,8233.384,7734.532,7354.574,8949.566,8368.5,8360.351,8974.388,7039.7754,8450.425,9035.111,9322.958,7397.617,8756.882,9057.637,0,9790.352,8118.8926,6480.9707,0,8696.292,6764.204,7790.313,8596.481,8891.476,9361.547,7124.7075,8621.943,8804.847,7305.0356,8757.729,8448.186,9039.266,8410.478,9619.126,9794.805,6615.614,10148.22,9190.938,8975.753,8654.291,8477.914,
785,281.9312017705364,55.901676,,,,,,,,,,,0,0,2497.465,2515.5796,0,0,0,2413.1667,0,0,1591.0908,0,0,0,0,2254.8074,2254.619,2572.2053,0,0,2365.4255,0,2424.6663,2202.2478,0,0,2548.71,1785.9219,2148.6436,0,0,0,0,1695.2739,0,0,1802.1138,2213.276,0,0,0,0,0,0,0,2101.9717,0,0,2728.1611,0,0,1906.9343,0,0,2453.6223,2491.6758,0,
244,281.98206070036815,54.76517,,,,,,,,,,,2671.1704,3974.2234,2811.153,4679.792,3768.6165,4307.697,3815.7761,3738.3953,4451.159,2426.385,2894.9229,3107.802,2793.6758,4113.811,4077.7615,4155.748,4055.1023,4097.598,2743.6863,4523.3228,3762.808,4136.2134,4213.747,3731.0906,4336.6147,4140.3315,4740.9116,4781.715,5105.5083,4445.862,0,6033.9136,4478.7305,3435.467,3074.8276,4317.1074,3462.9895,3561.5947,4399.5317,4734.825,5384.4575,3718.0051,4248.3184,4270.96,3493.3916,5232.859,5395.0317,4493.934,4365.061,5286.992,5516.2812,3295.9365,6230.1885,4498.4185,4359.6753,4160.991,4138.2715,
64,282.958065328377,54.31637,,,,,,,,,,,0,0,0,0,0,0,1573.1896,0,0,0,0,0,1219.0565,0,0,1607.0555,0,1697.5521,0,0,0,0,1797.4939,1572.6594,1751.7362,0,0,1464.5753,0,0,0,1815.8973,1770.6018,0,0,0,0,0,1680.8188,1793.7241,1819.3834,0,0,1793.5018,1496.8591,0,1721.1487,1839.2435,1806.1703,0,1856.2079,0,1988.9252,0,1824.8153,0,1732.8712,
528,282.96590330831316,55.627304,,,,,,,,,,,0,1834.3226,0,1877.761,1901.5247,1968.0768,1810.762,1884.6332,1778.9644,0,1253.2546,1912.2422,1292.9513,1872.9581,2034.5688,1914.2318,1645.1746,2198.2437,1805.6254,2158.5977,1777.1484,1712.7522,1928.7397,2041.8058,2222.833,1876.0082,1974.8453,1479.9304,1709.5122,2218.3374,0,1787.421,2207.8955,1314.3177,1937.9517,1765.971,1538.4368,1759.0487,1973.3694,2403.5676,1881.0863,1591.3275,1906.2089,2022.766,1771.9133,1673.0425,1783.8901,2194.3403,2485.106,1964.3164,1904.7666,1384.934,2076.2717,1951.5087,2171.3613,0,2013.4701,
253,283.0038528361676,54.765434,,,,,,,,,,,2021.0651,3151.7634,2046.1792,3880.9438,3220.1602,3656.1292,3266.7385,3043.7434,3715.9343,1837.9817,2417.8252,2440.4077,2474.5605,3346.4158,3353.238,3534.6643,3426.8003,3466.2568,2022.2961,3760.003,3030.6133,3528.4072,3590.5784,3165.3616,3687.5303,3354.577,3909.1235,4291.415,4644.0747,3796.3975,0,5139.3438,3889.9675,2837.9607,2318.1562,3541.8584,2918.9087,2859.5042,3623.885,3749.8098,4615.789,3072.8762,3471.9692,3459.4285,3045.8206,4563.012,4963.4053,3820.7905,3758.7317,4664.4766,4578.969,2769.223,5425.8643,3730.4568,3550.047,3335.6953,3577.9429,
184,283.9747153797998,54.318504,,,,,,,,,,,0,0,0,0,0,0,0,0,436.6597,0,0,0,0,0,0,0,0,0,0,0,0,0,0,0,0,0,470.0487,0,0,0,0,468.39914,499.6744,0,0,0,0,0,0,0,498.88428,0,0,0,0,428.357,493.42563,0,0,483.64563,468.94705,0,546.92255,0,0,0,0,
692,283.9888909740866,55.63077,,,,,,,,,,,0,0,0,520.7437,0,0,0,0,531.6718,0,0,0,0,0,0,0,0,0,0,0,0,0,0,0,0,0,539.65155,442.12454,454.4132,0,0,545.5041,584.08203,0,0,0,0,0,0,0,477.94836,0,0,0,0,468.29715,518.1883,0,0,466.05557,533.05,0,538.4064,0,0,0,0,
421,284.06599680503655,54.770004,,,,,,,,,,,0,0,0,918.0291,0,0,0,0,942.1625,0,0,0,0,0,0,0,0,0,0,0,0,0,0,0,0,0,955.17487,1003.6394,1085.0569,0,0,1152.9081,918.8689,0,0,0,0,0,0,0,1065.1785,0,0,0,0,1048.9755,1144.3417,0,0,1105.1703,1080.3043,0,1273.986,0,0,0,0,
560,285.04682978849394,55.628002,,,,,,,,,,,0,0,0,0,0,0,0,0,0,0,0,0,0,0,0,0,0,535.034,0,460.48383,0,0,0,470.526,463.80844,0,0,0,0,0,0,0,476.00424,0,0,0,0,0,0,479.77377,0,0,0,416.83392,0,0,0,440.95096,489.2707,0,0,0,0,0,426.59497,0,0,
803,285.0495675651973,56.016666,,,,,,,,,,,0,0,0,0,0,0,0,0,0,0,0,0,0,0,0,0,0,508.68127,0,0,0,0,0,458.02747,0,0,0,0,0,0,0,0,0,0,0,0,0,0,0,0,0,0,0,0,0,0,0,0,539.20496,0,0,0,0,0,0,0,0,
247,285.07831756188506,54.765274,,,,,,,,,,,808.38904,2171.8853,0,2973.1995,2238.0562,2868.293,2430.648,1898.8188,2903.6338,0,1696.6146,1254.4148,1740.0582,2382.111,2350.6233,2440.845,2524.246,2474.8323,1128.6129,2905.269,1879.2112,2532.4482,2655.205,2350.3464,2836.7117,2411.6255,2991.2192,3679.2036,4050.8064,2895.001,0,4365.884,2860.6587,2222.219,1243.5447,2699.108,2061.4011,2123.9033,2635.73,2928.7148,3676.5066,2328.4822,2503.8528,2512.272,2119.0413,3993.611,4175.946,2831.4453,2832.3354,3665.5054,3819.1726,2147.9944,4731.126,2718.9277,2700.8193,2401.795,2728.9497,
392,286.0857869528476,54.767677,,,,,,,,,,,0,0,0,1050.7019,0,996.0641,0,0,900.39557,0,0,0,0,0,0,883.6917,961.85455,0,0,1003.0729,0,879.52466,908.2975,0,1071.9977,0,1044.9572,1217.8486,1303.2269,987.90845,0,1489.1327,1096.4982,0,0,896.14844,0,0,957.6623,1066.7405,1296.7388,0,871.12683,0,0,1414.8042,1450.3577,961.8807,951.001,1264.8094,1332.8297,0,1651.8695,929.90027,892.26154,0,892.9866,
530,288.0967252111711,55.627316,,,,,,,,,,,0,400.3586,0,469.33768,571.7329,669.7225,585.0448,0,477.34586,0,0,0,0,458.88525,528.356,641.5577,428.0219,998.8382,0,752.99316,0,461.04807,529.18634,932.30597,933.1347,533.8081,504.66165,566.4544,0,673.6401,0,414.5407,930.33606,0,0,486.68814,513.54596,0,683.50836,899.5515,502.611,516.76825,489.44556,630.2413,635.29584,409.71036,674.38446,779.0899,1006.7983,483.38574,490.102,0,661.44556,545.6868,712.1948,0,713.2252,
105,288.1371856683105,54.317154,,,,,,,,,,,0,930.55444,0,1018.2262,1317.2112,1370.474,1096.6898,0,964.2592,0,0,0,0,950.23505,1073.8702,1160.4146,1224.8444,1954.7424,0,1725.3468,0,977.6388,1214.4557,1754.6604,1591.4097,1098.5406,1063.7489,1765.3785,1382.3259,1328.323,0,1548.1033,1755.4417,0,0,882.52795,912.11444,0,1284.4929,1804.0814,1497.0062,932.7444,1129.6117,1050.4243,1241.8075,1500.5231,2005.6127,1685.1023,2156.7793,1532.3475,1566.8839,985.6283,2293.898,1081.1428,1561.0859,1113.3171,1547.3456,
566,289.10710980195887,55.628056,,,,,,,,,,,0,400.39816,0,422.03235,557.28046,574.6705,450.65186,0,0,0,0,406.18143,0,402.35828,431.48315,514.90784,0,805.1991,0,674.5629,0,0,460.36646,778.13696,726.2661,433.45114,424.86237,444.60413,0,610.9928,0,0,778.2818,0,0,0,470.44916,0,532.3233,776.03925,400.20398,421.06735,406.45407,464.71722,521.034,0,584.04443,643.8862,875.8941,402.08435,430.9889,0,584.6097,435.645,577.40735,0,550.8689,
49,289.14017035808484,54.315758,,,,,,,,,,,0,2764.5852,0,3170.673,4099.038,3987.4155,3405.4067,2236.4983,3002.6055,0,2474.4873,1961.762,2302.0608,2872.1604,3153.5266,3349.1792,3765.3577,6255.999,1780.4635,5136.9424,2384.7346,2796.4285,3661.3093,5765.8325,5117.893,3356.3308,3046.2935,5283.51,4262.9087,4023.6863,0,4667.2954,5842.3203,2330.1602,2005.625,2691.6733,2813.0947,2329.2642,3962.6575,5810.6963,4936.454,2813.7292,3540.435,3397.847,3820.8752,4513.507,6401.4585,5112.1714,6678.728,4825.411,5026.686,3132.2751,6938.3477,3161.7205,4771.2183,3482.7134,4880.9897,
675,290.12992335237743,55.62959,,,,,,,,,,,0,0,0,0,0,411.03073,0,0,0,0,0,0,0,0,0,0,0,581.1399,0,449.60443,0,0,0,601.91077,487.94345,0,0,0,0,455.95325,0,0,587.3648,0,0,0,0,0,0,516.2942,0,0,0,0,0,0,0,431.53186,629.5554,0,0,0,0,0,425.17947,0,416.58743,
82,290.14230763288543,54.316803,,,,,,,,,,,0,0,0,0,1034.563,1032.7126,0,0,0,0,0,0,0,0,0,0,937.42236,1501.3304,0,1221.3864,0,0,0,1402.7528,1310.0641,0,0,1270.4126,1011.93427,1020.1278,0,1127.2291,1347.3217,0,0,0,0,0,945.41614,1405.3756,1161.9441,0,0,0,986.6058,1047.593,1555.2217,1177.815,1521.7853,1231.4652,1196.294,0,1526.9817,0,1195.5989,0,1203.0399,
386,295.07177776992427,54.76757,,,,,,,,,,,0,913.052,0,1224.2488,870.82513,1106.7816,956.70874,0,1066.4681,0,0,0,0,1032.0251,898.7607,1003.1213,973.65967,1017.08466,0,1170.6737,0,1054.5603,1045.1798,0,1041.6754,962.61035,1085.3639,1381.4779,1481.4878,1102.5051,0,1650.0409,1211.6198,0,0,1014.69696,923.66296,0,998.81793,1212.5839,1436.7247,963.8787,979.1834,964.3694,912.94147,1521.9365,1533.2168,992.8627,1202.2864,1429.9667,1454.2301,0,1926.0654,1092.2285,1062.7446,0,962.1952,
798,296.07801980284194,55.909283,,,,,,,,,,,0,0,482.0265,0,0,0,0,0,0,0,0,0,0,0,0,0,0,1304.6606,0,0,0,0,0,1193.9294,0,0,0,0,406.5407,0,0,451.79047,0,0,0,0,0,0,0,0,0,0,0,0,0,424.48743,0,0,1330.3347,0,0,0,0,0,0,0,0,
402,296.09861034734257,54.76808,,,,,,,,,,,0,0,0,0,0,0,0,0,0,0,0,0,0,0,0,0,0,625.9951,0,0,0,0,0,639.40894,0,0,0,1030.4547,1021.95294,0,0,1145.3887,0,0,0,0,0,0,0,879.5152,1021.7558,0,0,0,0,997.1677,1010.26874,0,795.933,971.6917,1090.5809,0,1218.2893,0,0,0,0,
794,299.06190794821305,55.905003,,,,,,,,,,,779.4848,559.1644,783.3073,1229.4465,0,521.88885,614.58057,1140.6581,647.4622,0,496.7329,0,473.07452,825.83624,683.05493,751.3348,1275.4126,2021.3573,0,626.0033,1097.1595,621.69464,743.55115,2056.133,496.2383,663.6312,1206.7081,0,654.3573,546.2259,0,683.95325,563.7748,800.69403,0,609.0487,646.714,1194.5162,548.81335,494.56064,0,856.20233,653.18243,714.7587,480.62897,634.50635,428.67734,422.0618,2307.8987,0,0,1007.49493,445.25497,836.7751,524.7519,1005.30176,408.27426,
23,299.08279792245526,54.23833,,,,,,,,,,,0,0,0,0,0,0,0,0,0,0,0,0,0,0,0,0,407.18634,455.4995,0,0,0,0,0,0,0,0,0,0,0,0,0,0,0,0,0,0,0,0,0,0,0,0,0,0,0,0,0,0,499.55148,0,0,0,0,0,0,0,0,
254,299.0988870468151,54.76544,,,,,,,,,,,986.202,2735.2263,1017.3992,4178.4053,3186.115,3836.329,3372.7126,2683.9216,4012.0127,0,2363.7666,1568.6957,2227.2712,3320.6838,3061.0105,3428.977,3574.0012,3685.2932,1495.2726,4171.8784,2747.674,3751.545,3443.2402,3391.9963,3979.0918,3248.022,4044.2007,5177.959,5472.6997,4050.0334,0,6296.6,4340.1963,2997.3787,1579.9869,3663.1787,2877.844,2738.753,3762.3386,4272.8965,5247.068,3282.2505,3380.113,3431.4255,2901.1453,5729.0234,5967.5615,4002.129,4035.3167,5316.082,5321.5757,3048.661,6707.476,3650.129,3759.9138,3295.171,3849.169,
251,300.0974554895848,54.765354,,,,,,,,,,,2125.9543,6097.5005,2092.4136,9341.631,7155.144,8953.96,7472.1665,5926.9062,8850.592,1880.0778,5403.6694,3529.319,5073.4966,7305.1636,6697.2803,7504.336,7858.625,8023.3657,3108.159,9099.822,6114.201,8392.63,7974.274,7455.116,8831.402,7253.128,9080.732,11650.66,12498.517,8860.068,0,13658.147,9509.278,7250.205,3332.1252,8068.4585,6489.2754,5980.9097,8516.393,9223.416,11808.651,7070.574,7667.5386,7568.8506,6662.377,12650.017,0,8650.566,9074.448,11839.137,11864.766,6507.413,15067.697,8077.944,8291.911,7339.408,8177.502,
789,300.1010795820651,55.90375,,,,,,,,,,,0,0,0,0,0,0,0,0,0,0,0,0,0,0,0,0,0,662.8274,0,0,0,0,0,615.474,0,0,406.84113,0,0,0,0,0,0,0,0,0,0,0,0,0,0,0,0,0,0,0,0,0,684.03827,0,0,0,0,0,0,0,0,
238,301.0992114132551,54.76471,,,,,,,,,,,0,1953.0448,0,2898.628,2314.2786,2759.6763,2378.7095,1801.4557,2846.7004,0,1718.1592,1137.4459,1611.1746,2283.7415,2180.975,2345.6326,2444.4233,2719.1357,1018.29486,2822.8296,1899.9745,2623.94,2541.9182,2444.9507,2735.2808,2214.1067,2812.0598,3830.1936,3915.2476,2705.1704,0,4222.0703,2941.1016,2212.9316,1039.8506,2568.2622,2067.913,1913.2899,2592.387,2876.005,3546.006,2247.2866,2409.9106,2459.359,2095.5312,4009.781,4231.5024,2697.4092,2755.6208,3549.2312,3840.796,2036.5385,4773.2974,2637.3145,2509.262,2389.8372,2604.3508,
189,301.1189044282255,54.319122,,,,,,,,,,,0,0,0,0,0,0,0,0,0,0,0,0,0,0,0,0,0,489.30075,0,433.48413,0,0,0,476.8398,411.63715,0,0,440.2151,0,0,0,422.35895,511.67374,0,0,0,0,0,0,436.36383,408.8869,0,0,0,0,409.31055,506.11115,443.79733,559.76495,406.7107,417.1883,0,520.9663,0,0,0,430.56555,
617,301.1470979793125,55.628536,,,,,,,,,,,0,452.08597,0,424.43478,584.6849,646.56586,431.0157,424.03433,437.1239,0,0,468.661,0,437.67703,446.45898,565.6571,0,910.73065,419.30435,694.93134,0,428.63876,451.65414,805.54266,776.3354,454.7179,470.20267,462.2563,0,646.7741,0,0,786.865,0,0,433.65546,482.36484,0,609.5865,842.7293,441.29977,424.59692,431.16867,506.28113,502.57568,0,536.81366,682.68225,924.70087,464.53873,459.93234,0,643.63617,488.6656,630.89703,0,651.3194,
246,302.104923786305,54.76526,,,,,,,,,,,0,0,0,503.32297,0,529.69794,445.6074,0,506.49985,0,0,0,0,401.16083,461.84833,435.7509,497.9624,409.45212,0,494.91043,0,485.4848,453.25726,430.7352,495.61328,426.21738,568.881,635.72766,706.1932,514.09314,0,743.8428,546.9879,0,0,472.1069,0,0,509.11835,505.06833,650.79926,427.71396,427.95554,411.169,0,661.4018,720.39,472.1252,477.1968,643.2932,650.6734,430.45047,741.52466,481.43185,447.3854,440.81433,444.66458,
525,302.1595036723524,55.62716,,,,,,,,,,,0,1689.4381,0,1924.3563,2415.6797,2856.6946,2050.3696,1687.6055,1889.9608,0,1442.8679,1999.2197,1426.1432,1848.2975,1903.8892,2370.3425,1436.2441,4319.6484,1794.2338,3143.4224,1673.5149,1706.2318,2147.8281,3824.2842,3697.8599,1959.0889,1901.1697,2098.2974,1584.5607,2950.2043,0,1750.0259,3816.7751,1303.3678,1845.557,1776.429,1982.9827,1594.7378,2791.5383,4015.055,1817.2046,1920.7078,2124.682,2365.1523,2350.778,1502.3057,2486.2158,3060.8562,4612.4814,1884.2537,1975.7039,1125.257,2829.6829,2122.3599,2878.546,1333.0608,2870.0986,
521,303.15291836008015,55.626778,,,,,,,,,,,1798.1802,4414.986,1821.8202,5077.2197,6516.909,7337.219,5340.733,4304.608,5000.9795,1424.1919,3814.433,5056.0024,3660.2202,4929.2627,0,0,3818.9683,11424.261,4529.3115,0,4408.1035,4623.4736,5706.135,0,0,5361.04,4873.176,5746.251,4094.5889,0,0,4463.3394,10491.207,3440.5774,4877.0146,4597.7036,5527.4277,4443.1626,0,0,4888.0234,5006.5747,0,6638.0127,6286.131,4268.9263,0,7951.796,11843.274,4843.215,0,2946.8552,0,0,7713.7725,3538.2124,0,
523,304.1622317736996,55.62689,,,,,,,,,,,0,1111.571,0,1262.8673,1638.7091,1796.8582,1349.1003,1122.611,1284.6731,0,986.01996,1282.9902,942.2563,1250.6606,1241.1132,1587.0837,987.17163,2830.3704,1127.4335,2102.0974,1083.7198,1115.9324,1482.762,2604.8833,2446.9912,1299.19,1246.9811,1421.4257,938.4766,1824.27,0,1149.7437,2636.3198,0,1205.3082,1098.1537,1393.2083,1097.323,1778.4227,2591.4597,1134.15,1213.6224,1429.7009,1731.5809,1646.6411,1061.6146,1682.2092,1989.9575,3016.4321,1385.3805,1362.8634,0,1805.9261,1359.5276,1868.2651,0,1893.5839,
268,309.1008257797035,54.76603,,,,,,,,,,,0,891.70776,0,1287.7996,984.21344,1211.6316,1023.1353,0,1187.6129,0,0,0,0,978.1121,922.26935,968.85486,1107.6404,1107.7777,0,1167.2135,0,1102.9098,1125.5525,1016.2661,1174.6567,1001.59924,1281.5391,1597.4341,1614.2233,1231.8915,0,1865.782,1270.423,880.26514,0,1067.9084,895.99054,0,1171.5211,1236.487,1569.7183,1020.3109,1029.7479,1017.20953,892.1733,1630.6368,1694.0062,1169.0337,1172.3809,1542.1436,1550.6924,0,1835.8872,1111.4001,1100.0013,971.8915,1117.9117,
702,313.040665057259,55.6325,,,,,,,,,,,0,0,0,0,0,0,0,0,0,0,0,0,0,0,0,0,0,0,0,405.2759,0,0,0,0,417.68094,0,0,0,0,0,0,0,428.57632,0,0,0,0,0,0,0,0,0,0,0,0,0,0,0,463.51227,0,0,0,0,0,0,0,0,
404,313.0901882639749,54.768158,,,,,,,,,,,0,0,0,997.8718,0,950.52106,864.58093,0,921.1246,0,0,0,0,815.9758,0,0,880.99347,0,0,939.08435,0,0,0,0,903.9055,816.61816,959.3256,1135.7781,1254.34,938.80743,0,1421.6503,998.0337,0,0,0,0,0,0,940.13043,1244.7859,0,0,858.1536,0,1292.8019,1333.3992,944.7823,969.3759,1052.4132,1202.2017,0,1462.7719,961.4387,0,0,860.9245,
250,314.11531626128334,54.765347,,,,,,,,,,,840.85095,2250.8975,814.2079,3128.6257,2461.0254,3221.3325,2626.6528,2126.2905,3095.4397,724.8042,1819.4619,1264.8748,1741.9791,2586.2751,2368.3384,2660.984,2835.0366,2770.3716,1180.3269,3233.7004,2184.8418,2924.3857,2775.0488,2689.889,2981.779,2510.2659,3148.1948,4147.095,4359.8994,3195.2505,0,4883.9937,3235.5842,2374.951,1280.6279,2904.1462,2340.6877,2182.157,2892.6643,3386.2942,4033.9524,2493.2554,2577.244,2658.9624,2270.4177,4207.6587,4541.728,3033.5967,3075.3123,4032.5127,4255.7466,2362.17,4998.388,2895.1592,2992.967,2438.655,2976.9434,
791,314.1168055326303,55.90491,,,,,,,,,,,2207.3157,1513.7719,2352.005,3492.0374,892.8794,1410.5453,1896.3154,3076.784,1814.9722,2072.5715,1399.2952,821.91956,1318.4387,2230.546,1863.5862,2156.1536,3588.0232,6209.4385,786.9928,1636.9519,3115.5476,1792.3448,1955.9075,5952.69,1276.2441,1748.8264,3326.0784,1063.8523,1746.9875,1481.5466,0,1867.556,1393.0795,2448.4128,853.8055,1639.0579,1773.4508,3138.435,1420.6653,1472.8379,623.102,2318.0037,1922.5424,2043.766,1263.7224,1878.5502,1108.7467,1074.4446,6633.1655,657.1909,613.27527,3024.475,1309.1163,2463.7627,1477.7878,2991.9287,1063.3802,
22,314.12088907690736,54.23625,,,,,,,,,,,0,0,0,0,0,0,0,526.5044,0,0,0,0,0,0,0,0,869.7754,0,0,0,480.79504,0,0,943.9356,0,0,0,0,0,0,0,0,0,0,0,0,0,539.40735,0,0,0,0,0,0,0,0,0,0,1021.0196,0,0,664.3648,0,0,0,681.34033,0,
72,314.21982998959083,54.316612,,,,,,,,,,,0,441.05722,0,518.06964,582.74304,612.6509,542.0379,0,480.76788,0,465.0935,0,0,0,527.5028,533.90784,0,0,0,769.3792,0,526.81433,576.5185,0,775.1324,547.9774,0,811.9781,651.9967,670.4557,0,737.7888,837.43475,0,0,470.00098,497.25336,0,566.5031,763.7215,719.01996,504.3537,529.1536,573.0889,580.9209,709.89966,943.46747,744.8967,0,780.8356,779.3962,0,953.60315,535.01245,722.32526,0,704.83167,
788,315.0347978728045,55.903584,,,,,,,,,,,902.4554,732.9016,932.5034,1150.9706,0,0,790.10394,1077.8418,724.4874,790.1373,574.13275,0,544.19025,852.966,756.24646,803.26935,1199.9572,1828.8827,0,0,1136.4171,717.4956,776.34064,1716.492,0,751.64075,1152.1821,0,732.69336,718.7408,0,0,0,808.85095,0,716.0961,656.77576,1075.0415,0,0,0,807.798,798.34454,835.34424,628.4106,0,0,0,1779.6158,0,0,925.87286,0,893.4838,0,1062.0503,0,
240,315.0482937494556,54.764893,,,,,,,,,,,586.60803,882.0644,0,1137.0984,935.1759,1099.7781,895.65576,858.69727,1051.4401,0,687.8483,631.16345,722.7408,938.8117,935.98596,934.7515,1081.9683,1013.0026,600.4181,1155.2289,841.2409,1053.3674,974.7424,963.03955,1136.9094,959.04083,1140.9316,1221.0935,1313.2455,1068.5416,0,1486.984,1172.3413,847.59564,619.0487,1042.7446,847.1991,826.0667,1055.0997,1141.3586,1394.6345,877.8931,936.92285,1051.9965,913.95294,1350.1498,1476.0448,1098.6433,1066.3364,1401.9801,1358.2648,859.63025,1685.8163,1069.232,1046.8987,998.91534,1049.9418,
706,315.0556066168588,55.635,,,,,,,,,,,0,0,0,0,0,682.8297,0,0,0,0,0,0,0,0,0,0,0,0,0,0,0,0,0,0,795.06146,0,0,0,0,0,0,0,774.8712,0,575.8411,0,0,0,0,775.238,0,0,0,0,0,0,0,0,0,0,0,0,0,0,0,0,705.5554,
41,315.14086052740765,54.31518,,,,,,,,,,,1303.7518,4705.064,1302.8866,4941.9126,6503.1006,6735.6167,5654.9995,3724.699,5101.137,1083.6139,4076.021,3367.6821,3832.8796,4819.8125,5318.575,5335.0176,6169.9795,10110.719,2976.3145,8417.493,4006.761,4749.4395,6074.0728,9265.513,8441.583,5484.855,4948.6494,8588.98,6992.364,6660.6367,0,7756.2407,9264.719,3825.1318,3294.6414,4672.446,4731.838,3835.611,6471.4443,9217.791,7941.115,4593.494,5694.5747,5717.74,6236.8228,7509.216,10260.991,8353.836,10973.245,7958.3447,8057.493,4941.7363,10993.273,5205.207,7791.5596,5574.8057,8186.497,
504,316.0186620524003,55.625,,,,,,,,,,,0,0,0,0,0,0,0,0,0,0,0,0,0,0,0,0,0,0,0,0,0,0,0,0,418.0036,0,0,0,0,0,0,0,0,0,0,0,0,0,0,406.84702,0,0,0,0,0,0,0,0,467.63452,0,0,0,0,0,0,0,0,
35,316.12606875844114,54.314804,,,,,,,,,,,0,1237.7551,0,1414.496,1753.0428,1727.0173,1512.301,1026.0824,1387.0461,0,1118.2279,1005.2818,1029.9575,1296.2151,1507.1726,1402.1298,1584.7964,2618.113,0,2172.9602,1071.2864,1317.0984,1713.3844,2529.9104,2241.5747,1465.5377,1412.4832,2317.0508,1901.0327,1816.0137,0,2153.479,2568.976,1053.03,936.6476,1256.9755,1269.8198,1074.3569,1675.4512,2411.7183,2152.6318,1294.6107,1553.5903,1459.3008,1607.1952,1988.5597,2841.0474,2199.2446,2916.1472,2264.2004,2308.17,1429.7849,2915.4092,1498.965,2089.5032,1494.7855,2086.672,
142,326.90144664901345,54.31761,,,,,,,,,,,0,0,0,0,0,0,0,0,2116.434,0,1460.1163,0,0,0,0,1957.9238,2034.8019,2058.0586,0,0,0,1989.0481,2210.2632,1772.1052,2097.2795,0,0,1693.9875,0,0,0,2239.9177,2055.1968,0,0,0,1676.9075,0,0,2207.222,2150.9817,0,0,0,1849.3351,2006.7323,1996.0004,2188.5044,2179.594,0,0,1613.3953,2380.1292,0,2250.3179,0,0,
265,326.9407229547092,54.76592,,,,,,,,,,,0,2592.0842,0,2851.8499,2537.2278,2788.517,2617.4802,2529.8965,2862.707,2080.1814,1729.1013,2326.214,1989.8081,2420.6028,2722.0166,2567.5056,2586.8213,2477.358,2062.9568,2924.2112,2529.4915,2645.984,2898.7827,2333.918,2772.9587,2850.4243,2979.992,2733.1748,3224.0278,2923.155,0,3388.7573,2763.6892,2144.6506,2245.8508,2708.1194,2094.9702,2413.5889,2603.0752,2882.34,3106.251,2271.5645,2729.2085,2749.0537,2386.8062,2995.072,3002.1177,2954.4558,2773.6257,3279.2112,3322.5044,2055.8806,3634.9656,2928.1274,2761.0059,2671.4792,2757.94,
42,327.95286122984163,54.31523,,,,,,,,,,,0,835.0494,0,831.73126,811.8771,868.5986,796.8843,0,780.08923,0,0,0,0,773.5783,0,869.6911,777.81366,937.4629,0,949.7143,0,0,919.7545,856.4766,989.90094,873.7551,863.7601,842.4351,871.0036,879.1844,0,946.7287,928.81726,0,804.53613,0,665.9297,786.1641,954.88196,924.88135,924.1801,708.5446,807.32526,875.051,772.17944,879.81335,980.14874,918.0304,1041.1677,962.79504,1000.6489,0,1087.185,872.20233,973.642,856.1089,896.10004,
299,327.9617176789505,54.766525,,,,,,,,,,,0,958.97516,0,1061.3593,876.5044,955.5682,905.947,953.1386,1050.3972,0,0,872.3573,0,1012.2491,1033.1112,991.96893,965.2187,935.491,733.6028,1092.3282,882.8532,1016.5528,936.90845,844.77997,1005.48285,1039.2916,1087.3982,1022.4786,1201.5934,1008.74927,0,1229.4194,974.1252,0,810.6241,1021.94934,808.254,872.22815,993.45276,997.14874,1235.241,790.94574,940.7368,1074.103,828.3622,1180.3721,1232.4191,1025.4812,988.016,1222.7087,1236.2949,0,1362.5126,1046.541,1015.7741,969.66785,939.65643,
628,328.14986517112976,55.628662,,,,,,,,,,,0,964.47235,0,1090.9464,1234.9762,1356.4838,1098.0507,947.116,1050.1173,0,0,1114.9042,0,1114.6552,1193.7738,1253.6084,887.2864,1831.1173,971.8493,1628.6542,1087.2178,1049.7306,1201.9153,1698.2883,1724.0919,1170.7927,1076.233,1054.3265,895.6368,1416.7335,0,1042.0271,1755.7183,0,1083.1187,1075.7261,1097.4701,967.3459,1365.374,1824.4436,1092.5535,987.24585,1102.9893,1260.934,1240.1788,912.1419,1288.3027,1509.9396,2076.7554,1168.6172,1121.135,0,1411.8496,1166.3331,1420.9529,877.7558,1379.7518,
769,328.9654204105379,55.748753,,,,,,,,,,,0,0,0,0,0,761.9954,0,0,668.6195,0,0,0,0,0,0,0,0,0,0,0,0,683.94543,0,0,0,0,0,0,0,833.5492,0,0,784.9287,0,0,0,0,0,0,833.7221,0,0,0,0,0,0,0,0,0,0,762.03174,0,0,728.9052,0,0,0,
326,328.9691494897119,54.76682,,,,,,,,,,,0,0,0,699.88196,0,0,0,650.5881,0,0,0,0,0,0,0,0,0,0,0,0,0,0,0,0,0,0,0,0,0,0,0,739.3187,0,474.1409,0,0,0,0,0,0,740.28406,0,0,0,0,662.3566,709.65186,0,0,718.9856,758.9356,0,773.8388,732.0834,0,0,0,
514,329.1343954561158,55.626316,,,,,,,,,,,3249.294,7706.9233,3230.0193,8719.925,11258.39,12709.694,9123.846,7716.267,8626.505,2694.9324,6486.2837,8898.614,6078.7007,8597.746,9028.192,11014.006,6587.1475,0,8116.091,14244.505,7954.015,8137.512,10051.457,0,0,9034.94,8642.927,9471.086,7147.6113,13120.504,0,7797.0776,17692.06,6251.878,8445.051,0,0,7522.193,12340.97,18163.174,8308.831,8487.5205,9459.125,11181.356,10411.152,7224.611,11452.543,13560.417,0,8380.277,8909.532,5436.939,12524.114,9736.523,0,5915.936,13081.945,
509,330.13395639979035,55.62597,,,,,,,,,,,928.64136,2238.439,839.3789,2412.0842,3245.6145,3520.1584,2721.3,2288.9172,2556.8167,755.4962,1871.8071,2570.9229,1769.5325,2552.8079,2614.5486,3164.2122,1902.9503,5185.169,2250.3706,3978.9749,2190.738,2231.1582,2774.604,5067.7544,4641.124,2572.936,2503.9153,2707.4597,2111.934,3689.5574,0,2225.478,4878.6504,1796.848,2370.8752,2294.9517,2661.7812,2244.5938,3597.3577,4985.504,2387.9077,2579.8457,2830.3386,3222.215,3016.2073,1978.6692,3262.5747,3843.7896,5807.136,2551.142,2682.5989,1619.1467,3453.9062,2684.6284,3687.9988,1733.7411,3696.3452,
500,331.08969151617026,55.62484,,,,,,,,,,,0,0,0,0,0,1150.5802,1045.93,0,1125.5675,0,809.1572,1177.2458,824.1481,0,1226.7966,1086.5518,0,1426.1873,0,1303.1406,0,0,0,1288.1418,1412.6721,1232.3014,0,0,0,1257.4401,0,0,1418.9124,0,1166.5472,0,972.08856,0,1186.325,1356.9478,0,967.71625,1126.1599,1268.5946,1049.3906,1050.2026,1285.6624,1361.5695,1498.3043,0,0,0,1185.17,1224.0157,1280.4001,0,1337.1654,
113,339.99510735074506,54.31729,,,,,,,,,,,0,0,0,0,831.19257,960.2635,0,0,0,0,0,0,0,0,0,0,803.643,1324.2788,0,1154.3289,0,0,0,1255.5165,1104.5112,0,0,1233.1023,958.0559,855.96826,0,1096.5662,1357.9941,0,0,0,0,0,0,1152.4767,1070.2625,0,0,0,943.27167,1004.3642,1405.3629,1121.2714,1556.6976,1078.648,1075.285,0,1434.8572,0,1081.2959,0,1018.5897,
45,340.923698267653,54.31529,,,,,,,,,,,0,1688.0775,0,1610.8342,1574.3121,1547.5472,1598.1393,1537.865,1568.5498,0,1169.7699,1609.6084,1171.0723,1450.1713,1638.0372,1537.152,1644.8983,1802.219,0,1839.0844,1515.715,1479.5656,1750.9581,1664.4237,1812.5747,1740.8486,1663.1785,1489.2969,1796.812,1674.2949,0,1887.1461,1880.3203,1187.2523,1469.242,1522.0929,1247.5518,1409.903,1576.8496,1886.4563,1770.4952,1497.4999,1678.9052,1601.4943,1531.8513,1668.5021,1838.3347,1819.5264,1978.7031,1914.7578,1838.9729,1297.6143,2082.1077,1623.2073,1822.6312,1657.3713,1757.491,
558,340.9237519904707,55.627975,,,,,,,,,,,0,1683.4368,1492.4165,1574.6505,1540.6548,1597.3625,1513.1196,1519.9961,1479.4753,0,1051.8519,1630.4949,1119.1896,1469.9965,1568.3406,1458.4214,1514.2249,1672.2024,1485.0281,1785.9042,1503.3246,1483.0723,1677.1416,1601.7797,1849.2747,1618.5946,1553.5587,1208.5135,0,1706.5276,0,1566.9382,1756.016,1134.4171,1608.1752,1484.5424,1266.7853,1419.2747,1575.6195,1820.2517,1535.9447,1412.0579,1586.2919,1643.489,1462.896,1490.7094,1492.8032,1656.015,1984.811,1513.1017,1618.7355,1127.4171,1700.1687,1557.4796,1734.1746,0,1706.968,
126,341.96880188186566,54.317352,,,,,,,,,,,0,0,0,0,619.4024,0,0,0,0,0,0,0,0,0,0,575.14844,0,772.1556,0,767.28503,0,0,0,703.85455,703.89996,0,0,0,0,706.58124,0,0,760.0566,0,0,0,0,0,588.5267,654.05396,0,0,0,682.983,642.7728,0,0,726.7741,790.4034,0,0,0,777.2128,659.1069,728.0039,0,0,
667,342.026528306194,55.629414,,,,,,,,,,,0,0,0,0,865.05884,0,0,0,0,0,0,0,0,0,0,963.0154,0,1252.1115,0,1019.7293,0,0,0,1218.1467,1235.424,0,0,0,0,995.5034,0,0,1222.7072,0,0,0,0,0,951.24585,1247.5116,0,0,0,938.44,855.97253,0,0,1047.2089,1348.7767,0,0,0,1058.4142,913.9581,962.4364,0,0,
195,342.971483360644,54.319645,,,,,,,,,,,0,0,0,0,0,903.4534,0,0,0,0,0,0,0,0,0,0,0,967.8568,0,976.1013,0,0,855.6329,0,926.49036,0,0,0,0,0,0,987.2926,0,0,0,0,0,0,0,992.0667,924.90845,0,0,0,0,0,0,912.58777,980.0144,886.3416,0,0,1037.4099,0,918.89966,0,872.90845,
677,342.99127384509575,55.62962,,,,,,,,,,,0,0,0,0,0,788.32526,0,0,0,0,0,0,0,0,0,0,0,858.9333,0,791.1625,0,0,862.38806,0,851.9222,0,0,0,0,0,0,0,0,0,0,0,0,0,0,886.56226,755.71594,0,0,0,0,0,0,862.116,941.64136,776.23047,0,0,800.76135,0,875.75745,0,798.9624,
231,351.14660608856303,54.763393,,,,,,,,,,,1717.4475,5004.66,1682.4093,0,5902.678,7214.61,5867.0527,4738.263,7113.955,1487.053,4384.4883,2933.9075,4280.5596,5832.394,5703.265,5976.254,6381.337,6364.0684,2633.2693,7400.7935,4746.664,6567.327,6264.9224,5994.368,0,5709.359,7496.094,9607.054,9968.817,7096.9805,0,0,7788.4536,5798.5034,2780.7366,6550.884,5425.917,4757.1587,6809.382,7770.501,9310.369,5798.3765,5968.7104,6091.687,5468.1924,0,10719.536,6796.133,7168.7354,9399.134,0,5326.405,0,6567.802,6581.0376,5782.2925,6627.146,
233,352.15306542859787,54.763763,,,,,,,,,,,0,1653.4181,0,2592.0295,1939.9081,2364.5566,1967.3893,1708.7012,2369.307,0,1466.8492,1049.1884,1388.6113,1994.302,1816.285,2153.327,2125.072,2189.6855,950.70514,2564.2266,1589.8948,2236.7397,2188.3936,2098.8518,2489.9158,1905.7368,2390.059,3066.8157,3482.1177,2352.3953,0,3857.0,2622.7822,1927.2838,969.08795,2266.3242,1744.4191,1688.933,2210.6355,2572.5342,3155.6326,2016.9558,2045.81,2048.2805,1832.8434,3447.702,3606.1501,2403.998,2369.7766,3177.2935,3318.3276,1766.9575,4097.2915,2259.935,2258.6436,1887.78,2276.3984,
817,353.021766313107,56.215,,,,,,,,,,,0,0,0,0,0,0,0,0,0,0,0,0,0,0,0,0,0,0,0,0,0,0,0,0,0,0,0,0,1628.8615,0,0,1288.2566,0,0,0,0,0,0,0,0,0,0,0,0,0,1880.0193,0,0,0,0,0,0,0,0,0,0,0,
510,353.05483248816154,55.626,,,,,,,,,,,0,0,0,0,0,0,0,0,0,0,0,0,0,0,0,0,0,0,0,0,0,0,0,0,0,0,0,439.0013,0,0,0,0,728.0297,0,0,0,0,0,0,0,0,0,0,0,0,1006.9621,485.9925,0,0,0,0,0,445.78848,0,0,0,0,
414,353.0953313793098,54.769447,,,,,,,,,,,0,0,0,0,0,0,0,0,0,0,0,0,0,0,0,0,0,0,0,0,0,0,0,0,0,0,0,993.48773,1500.512,0,0,1404.3635,892.7352,0,0,0,0,0,0,0,954.3459,0,0,0,0,1475.524,1030.7068,0,0,961.493,0,0,1138.6489,0,0,0,0,
818,353.96077625569274,56.215,,,,,,,,,,,0,0,0,0,0,0,0,0,0,0,0,0,0,0,0,0,0,0,0,0,0,0,0,0,0,0,0,0,518.08466,0,0,423.78687,0,0,0,0,0,0,0,0,0,0,0,0,0,562.97485,0,0,0,0,0,0,0,0,0,0,0,
420,353.9664053623443,54.769997,,,,,,,,,,,0,0,0,0,0,0,0,0,0,0,0,0,0,0,0,0,0,0,0,0,0,0,0,0,0,0,0,0,586.4694,0,0,617.4286,0,0,0,0,0,0,0,0,403.88788,0,0,0,0,535.80975,515.0118,0,0,421.19452,0,0,467.72278,0,0,0,0,
531,354.03169935686634,55.62734,,,,,,,,,,,0,1032.0193,0,1194.1183,1672.4929,1874.3481,1336.9238,1080.863,1170.6774,0,0,1285.3818,0,1132.6166,1339.9117,1513.8695,907.52045,2715.6777,1160.0216,1945.8771,1035.8202,1090.4008,1280.4282,2593.264,2358.925,1302.5135,1121.6117,1331.5315,1182.8817,1982.9143,0,1222.257,2810.4377,863.1252,1224.7957,1086.7761,1307.8424,1094.7711,1719.3842,2638.262,1223.9268,1183.66,1314.6028,1566.0399,1472.678,1103.7902,1589.4015,1777.6731,3028.9575,1215.3275,1168.542,0,1714.8444,1388.1141,1828.9552,0,1878.607,
672,354.959610477358,55.62955,,,,,,,,,,,1688.5583,2014.1716,1583.7195,2096.7732,1995.337,2053.2573,1918.6558,2000.9379,1960.9026,1527.8375,1401.6832,1997.4818,1336.4276,1957.4253,2078.8005,2104.6853,1638.0386,2656.5496,1881.9376,2399.5554,1947.7325,1842.118,2255.1738,2414.4968,2687.4048,2059.1138,1996.241,1613.0889,1814.3589,2304.3743,0,2035.2155,2517.7896,1337.3818,1954.301,1830.0797,1763.3063,1848.9049,2317.3616,2622.027,2000.7888,1733.166,2139.7634,2314.8342,1895.1527,1779.2936,2055.5054,2413.9163,2702.0686,2024.3191,1988.1599,1419.2118,2281.7278,2004.691,2291.8315,1814.982,2310.7505,
207,355.980321280042,54.321114,,,,,,,,,,,0,0,0,0,0,0,0,0,0,0,0,0,0,0,0,0,0,641.2864,0,635.5116,0,0,662.0817,538.7934,603.4714,0,0,0,0,0,0,0,614.0415,0,0,0,0,0,0,630.815,0,0,0,0,0,0,0,0,683.4433,0,0,0,635.8346,0,0,0,0,
696,356.0194034895923,55.631252,,,,,,,,,,,0,0,0,0,0,0,0,0,0,0,0,0,0,0,0,0,0,1091.965,0,1008.1929,0,0,853.04803,1002.78394,1057.7391,0,0,0,0,976.0752,0,0,1097.862,0,0,0,0,0,894.85126,1057.4633,0,0,0,0,0,0,0,0,1133.0892,0,0,0,936.9552,0,949.5031,0,0,
188,356.9942638251582,54.31864,,,,,,,,,,,0,0,0,0,0,0,0,0,0,0,0,0,0,0,0,0,0,626.6891,0,684.84015,0,0,0,650.6803,649.31445,0,0,0,0,627.21606,0,0,670.7676,0,0,0,0,0,552.3838,667.98987,0,0,0,0,0,0,0,662.6989,763.63745,0,0,0,0,0,583.90125,0,0,
687,357.05346947036577,55.630005,,,,,,,,,,,0,0,0,0,0,0,0,0,0,0,0,0,0,0,0,0,0,1261.1252,0,963.32886,0,0,0,1097.1915,1089.663,0,0,0,0,975.76465,0,0,1084.1975,0,0,0,0,0,887.3037,1121.138,0,0,0,0,0,0,0,948.58484,1307.9297,0,0,0,0,0,911.40894,0,0,
539,367.12236791361585,55.627575,,,,,,,,,,,0,0,0,454.4119,505.9075,564.31903,0,0,438.33017,0,0,419.19647,0,0,441.12683,509.02353,0,845.73816,0,616.16736,0,0,470.14874,736.89606,742.3282,419.53644,0,430.04904,0,606.58154,0,0,750.2825,0,0,0,415.91632,0,541.7205,766.54596,411.41223,419.98563,476.77216,536.93854,487.82086,0,530.4485,567.89374,889.29193,453.2161,404.4871,0,482.75974,454.07388,570.931,0,549.5538,
44,367.171715254297,54.31528,,,,,,,,,,,0,2700.0923,0,2832.0906,3882.3462,4062.653,3171.5623,2173.9797,2997.8015,0,2301.698,1961.0647,2216.5864,2902.6575,3155.166,3174.0327,3688.2622,5992.4214,1692.8245,4912.363,2222.1023,2738.9568,3588.5469,5689.666,4975.256,3280.493,2882.7466,5038.9688,4012.8428,3883.2407,0,4556.8804,5432.629,2206.7727,1991.3661,2619.3472,2748.0752,2176.4592,3688.2944,5481.32,4689.5415,2815.8657,3440.8303,3399.3076,3612.5342,4220.2144,5944.186,4964.2397,6594.957,4755.577,4826.832,2992.077,6605.603,3088.3345,4680.384,3184.9731,4695.6157,
517,368.1547461124851,55.62658,,,,,,,,,,,0,0,0,0,400.1298,448.5979,0,0,0,0,0,0,0,0,0,411.40634,0,654.70874,0,510.1638,0,0,0,621.45764,554.34845,0,0,0,0,501.3547,0,0,596.54724,0,0,0,421.2501,0,448.51193,577.29877,0,0,0,405.58124,0,0,406.94345,454.62994,693.61035,0,0,0,447.1458,0,481.1507,0,492.23996,
43,368.17853867192724,54.315247,,,,,,,,,,,0,0,0,937.15985,1289.7189,1168.8702,974.7211,0,977.70087,0,0,0,0,0,0,1019.0896,1194.9232,1808.133,0,1448.6279,0,0,1071.7251,1691.9324,1528.122,969.4482,880.25006,1632.8278,1283.3041,1235.9346,0,1456.309,1676.8362,0,0,819.4443,886.82056,0,1186.3236,1678.4734,1501.5786,845.7512,1010.33734,1034.3606,1219.2092,1281.0536,1781.5662,1493.5162,1924.3936,1457.6561,1494.051,0,1925.0647,1040.218,1346.2258,1085.3528,1419.153,
234,369.1389871501214,54.764423,,,,,,,,,,,0,1992.5796,0,2989.8767,2295.8735,2763.9558,2294.104,1908.1366,2776.19,0,1859.1808,1135.5999,1739.7368,2416.033,2212.8525,2499.021,2479.966,2626.7554,1056.744,2858.6853,1942.3099,2607.0752,2499.994,2389.331,2774.0627,2286.861,3030.9778,3806.1814,3902.9624,2811.7207,0,4394.6646,3139.0994,2267.2969,1169.7072,2574.153,2030.2445,1971.7751,2741.3599,2995.7012,3740.3706,2426.162,2380.0356,2423.352,2143.2334,3926.016,4317.9272,2696.795,2759.0967,3922.2131,3752.2722,2143.0454,4795.072,2611.6614,2733.0645,2360.0107,2664.196,
361,370.1388581138886,54.767254,,,,,,,,,,,0,0,0,891.20135,0,0,0,0,891.203,0,0,0,0,0,0,0,0,0,0,887.1801,0,0,0,0,0,0,949.8068,1242.7783,1152.9977,0,0,1349.5878,975.20074,0,0,0,0,0,0,879.1987,1152.766,0,0,792.29553,0,1246.8451,1282.4985,957.7378,920.084,1202.3279,1199.713,0,1458.187,920.3377,0,0,834.5479,
520,370.1747062210284,55.626663,,,,,,,,,,,0,0,0,0,0,0,0,0,0,0,0,0,0,0,0,0,0,0,0,0,0,0,0,0,0,0,0,0,0,0,0,0,419.5492,0,0,0,0,0,0,437.31644,0,0,0,0,0,0,0,0,494.7669,0,0,0,0,0,0,0,0,
236,379.1696171923876,54.764545,,,,,,,,,,,1161.7446,3189.6333,1100.2848,4545.7534,3546.543,4493.529,3802.7493,3088.5515,4486.154,1070.233,2722.837,1885.1814,2616.4573,3812.5818,3466.9092,3875.422,3866.1624,4077.9414,1614.3429,4609.8013,3165.651,4270.9795,4010.0667,3746.8127,4468.9736,3744.6802,4840.56,5934.986,6271.419,4614.061,0,6911.7314,4903.4746,3588.9307,1815.496,4117.356,3239.6306,3160.746,4258.7207,4934.598,5974.9946,3683.9236,3767.7195,3995.9912,3373.8306,6414.8325,6718.8765,4393.6206,4706.655,5874.9595,6041.7207,3374.5266,7659.229,4027.1284,4208.415,3741.7366,4296.09,
235,380.17600759408464,54.764477,,,,,,,,,,,0,1082.189,0,1579.5757,1130.2125,1452.1213,1142.4208,981.29584,1427.7463,0,0,0,0,1191.3243,1145.2507,1200.5394,1261.172,1247.8558,0,1496.0879,991.40076,1348.9271,1303.241,1237.0575,1431.3557,1215.309,1484.3544,1837.0614,1887.5894,1520.7345,0,2183.8052,1600.4508,1120.0667,0,1319.5149,1065.0366,1033.3776,1408.0555,1498.4838,1839.7179,1199.8208,1226.441,1199.6754,1151.5338,1991.7771,2219.8071,1295.3619,1423.4025,1929.0795,1961.8839,1114.7783,2446.4988,1348.2589,1304.4884,1205.0333,1402.149,
743,381.1493868784032,55.714996,,,,,,,,,,,1522.9447,0,1535.2227,0,0,0,0,0,0,1295.0961,0,0,0,0,0,0,0,0,0,0,0,0,0,0,0,0,0,0,0,0,0,0,0,0,0,0,0,0,0,0,0,0,0,0,0,0,0,0,0,0,0,0,0,0,0,0,0,
427,381.17588642100975,54.771248,,,,,,,,,,,0,0,0,0,0,0,0,0,0,0,0,0,0,0,0,0,0,0,0,0,0,0,0,0,0,0,0,0,0,0,0,436.83426,0,0,0,0,0,0,0,0,0,0,0,0,0,0,416.3426,0,0,0,417.40143,0,429.03204,0,0,0,0,
516,381.184299871447,55.626415,,,,,,,,,,,1755.9088,4285.9175,1720.3782,4752.486,6442.854,7242.4263,5159.343,4027.3542,4590.8867,1508.3096,3753.0369,4845.19,3400.7551,4721.7188,4951.5938,6147.4663,3695.2576,10746.684,4406.332,7972.8975,4064.3835,4396.3506,5590.0366,9861.319,9707.317,5196.186,4754.586,5448.315,3797.6326,7307.1733,0,4408.2017,10064.593,3455.1167,4706.6533,4390.246,5171.3057,4184.3794,6982.7754,9856.61,4782.7363,4833.0513,5193.9136,6181.878,5806.2734,3922.9607,6362.5312,7672.189,11657.894,4775.0874,4916.547,2899.7068,6855.288,5226.7397,7265.259,3198.541,7363.9585,
508,382.186330856171,55.625748,,,,,,,,,,,0,1356.9457,0,1624.2363,1981.508,2222.7957,1778.695,1341.4635,1547.8676,0,1224.6836,1648.9252,1112.9088,1601.9677,1584.4777,2001.0847,1276.7064,3437.8118,1418.4543,2593.9749,1417.0828,1462.4243,1944.608,3092.38,3132.3364,1557.9304,1471.0134,1754.7937,1262.898,2378.0027,0,1377.1157,3214.6912,1024.9899,1563.2537,1478.2024,1679.2285,1370.7166,2289.3965,3367.6882,1517.765,1553.476,1811.1755,1982.4888,1969.9238,1361.8588,2055.8206,2521.9148,3680.344,1511.0696,1643.8188,954.5181,2137.5715,1858.1364,2405.6724,1079.9026,2270.629,
40,382.19462433802164,54.315002,,,,,,,,,,,0,2931.6846,0,3373.5168,4495.13,4358.174,3682.7349,2463.8562,3203.7944,0,2720.565,2236.5664,2614.748,3113.4253,3385.159,3582.9756,4090.033,6858.951,1949.2279,5602.1597,2653.6877,3183.1936,4007.3079,6155.954,5659.76,3498.9006,3245.7212,5916.9893,4672.397,4401.792,0,5384.14,6210.303,2528.1968,2124.6091,3095.2576,3165.4783,2514.6287,4334.478,5997.815,5288.2964,3119.9414,3693.3667,3807.3616,4125.099,4764.7793,6925.176,5484.095,7192.0566,5150.1943,5461.5356,3296.0996,7452.1826,3404.4756,5241.261,3766.6836,5366.003,
423,383.1730334544089,54.77,,,,,,,,,,,0,0,0,0,0,0,0,0,0,0,0,0,0,0,0,0,0,0,0,0,0,0,0,0,0,0,0,0,0,0,0,0,0,0,0,0,0,0,0,0,0,0,0,0,0,433.15005,415.33606,0,0,0,0,0,415.97516,0,0,0,0,
513,383.1741517168436,55.62618,,,,,,,,,,,0,0,0,0,0,459.32953,0,0,0,0,0,0,0,0,0,0,0,639.58514,0,488.8068,0,0,0,547.9997,556.23047,0,0,0,0,477.3256,0,0,596.30176,0,0,0,0,0,421.98267,596.5034,0,0,0,436.56488,443.67212,0,407.4034,471.44327,671.46716,0,410.04086,0,0,0,480.7839,0,507.98987,
37,383.18159477879016,54.31489,,,,,,,,,,,0,959.57043,0,1080.7175,1496.5305,1514.4076,1195.7185,0,1060.729,0,0,0,854.10986,1055.0696,1148.4655,1093.6411,1321.639,2159.6748,0,1660.4691,877.76465,991.9921,1273.1736,1992.0497,1841.6807,1180.4524,1064.743,1887.284,1458.663,1473.5466,0,1657.3844,2021.8389,0,0,1084.898,1145.0493,0,1368.2308,1956.1432,1635.4492,1044.3406,1320.6996,1187.8712,1406.3616,1664.1079,2256.5652,1797.3635,2285.4685,1789.8794,1782.0343,1145.0873,2342.7605,1144.8911,1656.7921,1198.0497,1745.6672,
36,385.1745832325665,54.314808,,,,,,,,,,,0,2288.0615,0,2520.9612,3420.8542,3347.8093,2791.611,1816.9172,2492.6704,0,2034.2511,1714.7222,1807.218,2290.0144,2681.5676,2610.1099,3066.7732,4923.684,1452.3538,4129.758,1932.2622,2360.4822,3007.214,4637.4683,4165.898,2617.7114,2458.2727,4284.1997,3668.2217,3303.8296,0,3802.8643,4601.3496,1854.1615,1595.3138,2301.1877,2390.4448,1899.2465,3150.6875,4562.3516,3926.8506,2374.1096,2678.0327,2848.6501,3087.6113,3649.4717,4937.394,4032.8467,5442.4375,3820.8223,4016.7244,2574.0269,5522.0586,2614.9844,3855.5244,2745.6113,4097.3984,
48,386.1789623397094,54.315746,,,,,,,,,,,0,0,0,0,1066.232,1038.9147,0,0,0,0,0,0,0,0,859.5737,860.42566,984.5894,1580.0549,0,1262.6855,0,0,0,1510.5011,1291.8539,0,0,1392.6879,1027.9922,989.47076,0,1209.1539,1364.0411,0,0,0,0,0,970.9356,1447.0249,1180.0948,0,0,0,992.71295,1128.4504,1587.7715,1235.5854,1620.5345,1218.8313,1299.5535,0,1726.1085,0,1120.104,0,1294.7025,
243,394.1801723616399,54.765083,,,,,,,,,,,837.8601,2032.406,0,2924.1387,2414.8386,2670.7048,2360.9211,1875.4312,2895.6174,0,1854.6696,1191.0056,1687.3112,2362.052,2312.7065,2489.301,2476.0142,2531.7126,1042.6359,2929.98,1881.3436,2685.1506,2545.0183,2412.9453,2750.0615,2317.7388,3056.9036,3595.9297,3843.7297,2845.5708,0,4102.8022,2996.4048,2229.1677,1073.6819,2496.1694,2037.1843,1871.8591,2716.729,3090.8772,3774.679,2331.5159,2448.8892,2367.295,2248.21,4005.621,4040.9924,2920.538,2761.9006,3716.0676,3873.535,2043.4701,4580.6753,2520.8286,2612.0908,2372.6008,2673.513,
376,395.18801233639334,54.76742,,,,,,,,,,,0,0,0,967.8637,0,936.38086,0,0,975.8444,0,0,0,0,0,0,0,0,915.07715,0,1028.5607,0,879.30634,956.8905,0,1008.56165,852.7107,1041.4553,1290.1042,1265.0275,1001.12195,0,1461.1406,1020.8787,0,0,950.4103,0,0,960.1399,970.3148,1274.3698,0,0,859.8068,0,1323.9042,1390.9928,947.3887,964.1769,1246.9052,1306.1416,0,1540.4191,0,0,893.0834,934.712,
688,395.2328824842329,55.63,,,,,,,,,,,0,0,0,0,0,0,0,0,0,0,0,0,0,0,0,0,0,478.53024,0,426.33737,0,0,0,0,460.97906,0,0,0,0,0,0,0,443.1386,0,0,0,0,0,0,479.38052,0,0,0,0,0,0,0,414.73846,549.7032,0,0,0,0,0,0,0,0,
511,396.2034827113802,55.62614,,,,,,,,,,,0,5249.9307,0,5963.748,7809.892,9012.1045,6371.527,0,5974.0493,1770.1697,4645.5605,0,4314.661,5938.839,6223.2397,7670.196,4553.7026,0,5586.806,10024.248,5228.6216,5629.9644,7005.583,0,11780.782,6453.384,6072.238,6757.2305,5064.6606,9526.013,0,5500.9746,12845.468,4224.1455,6058.207,5644.05,6492.6255,5236.155,8532.758,0,5765.9727,5963.717,6789.988,7982.5127,7606.8076,5070.6987,8225.803,9581.627,0,5905.0645,6088.5186,3627.4587,8733.978,6760.6265,9088.7,4162.0703,8907.126,
727,397.17900201467563,55.713333,,,,,,,,,,,1855.8124,0,1919.9719,0,0,0,0,0,0,1529.9928,0,0,0,0,0,0,0,0,0,0,0,0,0,0,0,0,0,0,0,0,0,0,0,0,0,0,0,0,0,0,0,0,0,0,0,0,0,0,0,0,0,0,0,0,0,0,0,
237,397.18366635396893,54.764545,,,,,,,,,,,665.46716,1522.3789,603.45734,2366.2476,1868.3809,2200.6208,1723.3645,1514.151,2256.571,539.3887,1392.5289,852.56067,1264.1576,1824.0873,1750.7303,1926.5541,1897.3553,2020.4132,758.96014,2306.6062,1514.3547,2012.4401,1990.1144,1819.9513,2297.0818,1873.9229,2268.3337,2891.1003,3019.7231,2293.0579,0,3424.2312,2326.1667,1795.8157,834.8784,1998.828,1535.6191,1506.712,2038.6898,2335.0452,2897.9192,1836.0006,1878.9996,1928.2638,1571.7126,3023.4707,3069.306,2188.9602,2217.2192,2894.1108,3068.1619,1625.7045,3530.2024,1964.6959,2222.991,1789.7238,2170.0278,
507,397.20381541783365,55.625645,,,,,,,,,,,0,1815.8042,0,2086.752,2729.379,2985.0703,2133.6204,1755.2946,2054.4902,0,1537.2897,2051.0615,1385.8777,1966.813,2064.512,2645.0637,1528.353,4467.777,1822.0372,3377.492,1757.1455,1924.4368,2300.1318,4166.1836,4033.6458,2124.8787,1868.0049,2302.9905,1739.1952,3130.023,0,1864.6414,4115.6465,1431.171,1978.0189,1854.8058,2238.7441,1813.7054,2896.322,4181.6147,1962.5521,2094.829,2249.5388,2521.4072,2542.9248,1739.7872,2887.6082,3124.7812,4698.503,1959.2197,2035.4403,1161.4034,2950.343,2325.6719,3024.9314,1450.2667,3057.6145,
285,398.18812845950487,54.76626,,,,,,,,,,,0,0,0,0,0,0,0,0,0,0,0,0,0,0,0,0,0,625.2449,0,0,0,0,0,615.5302,717.4318,0,799.6721,943.1576,976.7855,0,0,1138.2638,743.19354,0,0,0,0,0,0,783.34686,936.541,0,0,0,0,1052.3635,1148.6332,0,784.3259,948.06177,1081.354,0,1130.8777,0,0,0,0,
678,398.242965198477,55.629642,,,,,,,,,,,0,0,0,0,0,0,0,0,0,0,0,0,0,0,0,0,0,1009.0422,0,0,0,0,0,912.38574,917.3995,0,476.13174,562.32526,0,0,0,409.61163,864.37854,0,0,0,0,0,0,973.66425,476.5054,0,0,0,0,0,610.5031,0,1121.8336,537.0043,472.9307,0,693.3622,0,0,0,0,
824,399.0040221590575,56.218334,,,,,,,,,,,0,0,0,0,0,0,0,0,0,0,0,0,0,0,0,0,0,0,0,0,0,0,0,0,0,0,0,0,790.94116,0,0,581.27234,0,0,0,0,0,0,0,0,0,0,0,0,0,964.662,0,0,0,0,0,0,0,0,0,0,0,
512,399.19475194549744,55.62615,,,,,,,,,,,1510.1978,3822.788,1611.7382,4118.044,5446.1016,6383.9673,4433.3687,3579.9065,4200.3,1227.968,3378.4507,4337.884,3070.0122,4296.6753,4323.0825,5453.67,3157.9695,9740.53,3986.9739,7157.411,3927.4492,3865.9746,5142.5557,8846.296,8517.648,4553.8247,4401.5127,4860.3022,3556.1565,6648.042,0,3971.1494,9117.449,3011.8108,4281.403,4039.7424,4502.2744,3719.249,6022.4473,9315.979,4201.7754,4391.225,4799.4375,5539.747,5384.0083,3553.929,5854.742,6835.4277,10388.909,4272.576,4496.7534,2602.534,6207.473,4873.329,6615.0664,2935.6882,6414.007,
34,400.20222111589555,54.31429,,,,,,,,,,,1256.5096,5291.1885,1244.5182,5482.755,7755.5195,7767.4443,6278.2437,4191.0024,5747.4683,1072.3583,4657.692,3773.6943,4298.2896,5363.3223,5938.1885,6313.714,7074.4023,11730.533,3176.127,9388.757,4271.3013,5335.1724,6772.6543,10648.207,9736.405,6070.219,5768.7686,10209.814,7823.534,7613.21,0,8812.375,10653.22,4565.581,3602.2124,5223.611,5576.3535,4122.854,7181.69,10369.669,8842.383,5263.5405,6530.7563,6337.911,7274.688,8275.222,11963.573,9338.897,12168.458,8928.05,9282.91,5749.1523,12576.176,5848.7246,8898.181,6308.4404,9143.188,
506,400.2039361646286,55.625084,,,,,,,,,,,570.04443,1295.7372,533.2524,1374.189,1818.6879,2104.733,1493.1893,1167.3217,1404.0219,463.58286,1004.9222,1365.7816,1040.847,1301.5334,1497.4802,1741.4309,1084.6166,3053.6035,1294.9467,2368.2485,1221.392,1296.4576,1595.8169,2810.6501,2731.2585,1425.6378,1353.6234,1584.7742,1167.9653,2219.8306,0,1287.5609,2832.0754,983.87384,1345.269,1307.3743,1464.5881,1266.1101,1989.0167,2684.6702,1282.6554,1378.2834,1521.0594,1797.3762,1686.6404,1164.5636,1782.2985,2110.372,3150.7222,1365.1562,1385.7162,890.9477,2018.0363,1562.7806,2230.848,939.3743,2075.293,
518,401.14328816289066,55.62659,,,,,,,,,,,0,0,0,414.72574,0,442.91434,0,0,0,0,0,0,0,0,0,416.66034,0,654.1834,0,482.81662,0,0,0,602.45667,591.65216,417.56653,0,0,0,446.51782,0,0,584.07385,0,400.98465,0,0,0,458.4887,623.1275,0,0,0,438.83524,0,0,464.94867,480.0729,606.03925,409.36188,0,0,449.5992,409.1615,445.91663,0,461.88818,
33,401.1704231066243,54.31386,,,,,,,,,,,0,1749.497,0,1918.6764,2359.3677,2499.33,2075.7798,1431.6534,1957.7526,0,1492.5656,1240.9487,1492.435,1676.2468,1960.881,2036.232,2397.917,3778.752,1122.3419,3054.127,1513.9396,1758.6774,2327.522,3583.4722,3191.5422,2058.8699,2040.2092,3184.4246,2658.054,2441.5774,0,2911.6,3443.14,1502.8411,1313.5587,1720.504,1812.559,1432.2704,2497.3474,3391.8562,2981.197,1728.2465,2047.3665,2009.9628,2459.3442,2741.898,3827.1301,3106.4902,4021.6436,3083.4714,3014.621,1971.8921,4110.0283,1965.9493,2916.441,2126.3687,3033.5374,
4,404.90370742446066,54.036667,,,,,,,,,,,0,0,1260.6626,0,0,0,0,0,0,0,0,0,0,0,0,0,0,0,0,0,0,0,0,986.188,0,0,0,0,0,1297.106,0,0,0,0,0,0,0,0,0,0,0,0,0,0,0,0,0,0,0,0,0,0,0,0,0,0,0,
901,404.906628301755,56.446667,,,,,,,,,,,0,0,0,0,0,0,0,0,0,0,0,0,0,0,0,0,1128.2991,0,0,0,0,0,0,0,1176.4557,0,0,905.949,0,0,0,0,0,0,0,0,0,0,0,0,0,0,0,0,0,0,0,0,0,0,0,0,0,0,0,0,0,
882,408.1405603531793,56.260715,,,,,,,,,,,2997.935,0,3223.237,1593.4381,0,0,0,0,0,2317.1572,0,0,0,0,0,0,1015.89246,0,0,0,0,0,896.29584,0,0,897.0716,1680.5334,0,1166.4613,0,0,1216.7179,0,0,0,952.07684,0,0,0,0,0,0,0,0,0,1107.8157,0,0,0,0,921.8748,0,0,0,0,1323.0787,0,
454,412.1331801317502,54.946667,,,,,,,,,,,730.83264,0,659.879,0,0,0,0,0,0,690.5747,0,0,0,0,0,0,0,0,0,0,0,0,0,0,0,0,0,0,0,0,0,0,0,0,0,0,0,0,0,0,0,0,0,0,0,0,0,0,0,0,0,0,0,0,0,0,0,
447,412.16458898303404,54.866554,,,,,,,,,,,0,0,0,0,0,456.5773,400.5139,0,477.72375,0,0,0,0,0,0,410.87088,0,0,0,0,0,448.42758,0,0,0,0,474.82675,607.54297,627.31055,0,0,0,477.0147,0,0,0,407.52728,0,0,0,554.17883,0,0,0,0,587.084,0,0,438.9905,623.5152,0,0,830.7336,0,0,0,503.9853,
485,412.1909030003265,55.385715,,,,,,,,,,,0,0,0,0,0,788.609,0,0,0,0,0,0,0,0,0,0,0,552.26117,0,0,0,0,0,528.42365,0,0,0,0,0,724.6584,0,0,0,0,0,0,0,0,709.5067,0,0,0,0,402.38345,0,0,0,0,631.00946,0,0,0,0,0,0,0,0,
229,412.1973992391647,54.762447,,,,,,,,,,,4647.935,13706.195,4361.333,0,0,18875.854,15920.801,12738.439,18951.379,3986.0413,11484.425,7554.3267,11169.467,0,14968.324,16558.361,17023.516,17296.152,6555.7812,0,0,17758.684,17029.68,15649.666,19465.986,15717.271,20386.572,25616.059,27028.355,19288.59,0,0,20447.807,15414.153,7271.0776,17408.291,13903.43,13013.506,18293.465,20192.824,25051.285,15511.037,16465.68,16711.379,14372.8545,27733.512,29266.658,0,18984.355,24916.613,0,14305.006,32311.637,0,18081.287,15725.648,18063.408,
837,413.03583395882424,56.22,,,,,,,,,,,0,0,0,0,0,0,0,0,0,0,0,0,0,0,0,0,0,0,0,0,0,0,0,0,0,0,0,0,1633.1929,0,0,1208.172,0,0,0,0,0,0,0,0,0,0,0,0,0,1897.8198,0,0,0,0,0,0,0,0,0,0,0,
232,413.19683168963854,54.763557,,,,,,,,,,,1538.541,4362.5454,1421.4861,6531.1587,4971.8193,5959.807,5161.7227,4208.9785,6437.686,1335.0431,3760.404,2481.0618,3557.6057,5176.756,4740.587,5302.5073,5575.428,5672.692,2179.4011,6298.7285,4224.2627,5729.3467,5442.728,5059.061,6155.056,5028.9956,6720.734,8126.8877,8940.558,6225.9263,0,9728.573,6681.0034,5029.4673,2453.969,5747.5938,4584.2314,4243.3657,5800.673,6400.8423,8120.836,5118.361,5154.4277,5203.92,4622.1235,8818.988,9573.744,6228.1763,6286.8647,7960.9575,8269.503,4660.5,10381.841,5688.4297,5785.6533,5023.745,5849.538,
643,413.2437533968309,55.628822,,,,,,,,,,,0,0,0,0,429.442,507.83197,0,0,0,0,0,0,0,0,0,460.24225,0,715.7211,0,506.08173,0,0,0,620.44135,671.9395,0,0,0,0,488.27853,0,0,562.53253,0,0,0,0,0,432.40143,641.9987,0,0,0,438.01666,0,0,0,537.77704,720.6757,0,0,0,448.27264,0,492.1772,0,447.6466,
825,414.05109353423774,56.218334,,,,,,,,,,,0,0,0,0,0,0,0,0,0,0,0,0,0,0,0,0,0,0,0,0,0,0,0,0,0,0,0,0,1050.3867,0,0,715.256,0,0,0,0,0,0,0,0,0,0,0,0,0,1250.029,0,0,0,0,0,0,0,0,0,0,0,
515,414.21470289880125,55.62641,,,,,,,,,,,3655.7385,8991.462,3565.35,10191.776,13653.057,14989.523,10566.621,8813.929,10137.036,3022.487,7872.6724,10478.111,7327.7856,10080.424,10573.177,12882.526,7914.035,23226.355,9242.449,16972.068,8965.105,9348.343,11611.907,21572.557,20718.225,10854.246,10123.103,11562.653,8380.568,15359.346,0,9008.861,21085.398,7082.01,9898.604,9489.557,10894.17,8817.144,14416.14,21660.834,10023.563,10412.199,11184.703,13416.815,12951.418,8699.977,13881.828,16438.258,24478.07,10066.826,10571.2705,6327.7183,14962.956,11414.15,15521.212,6923.606,15458.738,
230,414.21788695721835,54.762917,,,,,,,,,,,0,773.8784,0,1118.0481,915.46063,1104.015,935.63617,792.94604,1173.052,0,688.9739,451.2272,706.1494,844.95917,855.458,989.3619,1040.0294,1023.76855,466.48285,1147.2386,761.8163,1007.0036,994.94116,983.1471,1128.4325,936.13794,1142.0748,1328.1609,1523.8876,1112.2472,0,1695.968,1218.3466,889.117,488.6548,1035.2174,830.067,814.3723,1021.492,1104.6244,1430.6012,885.73096,933.04706,953.11505,859.38605,1465.3949,1615.6176,1080.437,1110.9363,1455.0347,1472.082,840.2223,1740.83,1101.7421,920.0458,885.1386,1033.3312,
819,414.9627265388324,56.215,,,,,,,,,,,0,0,0,0,0,0,0,0,0,0,0,0,0,0,0,0,0,0,0,0,0,0,0,0,0,0,0,0,532.43475,0,0,450.6208,0,0,0,0,0,0,0,0,0,0,0,0,0,511.08435,0,0,0,0,0,0,0,0,0,0,0,
499,415.1899172765252,55.624546,,,,,,,,,,,1304.1537,3067.2996,1359.8422,3430.3228,4565.733,5104.935,3685.5256,2907.0967,3435.4897,1142.2001,2592.4106,3502.7207,2473.3242,3404.1995,3645.5364,4316.67,2626.745,7640.693,3297.6448,5646.1333,3124.6086,3147.6077,4035.6255,7276.2466,6760.424,3638.7708,3432.1736,3934.9941,2983.1235,5271.8467,0,3179.0066,6983.8413,2424.1055,3405.162,3169.712,3753.2495,2871.4153,5008.3735,6989.288,3353.847,3508.1873,3788.3325,4477.0903,4299.2695,2852.678,4564.8184,5365.697,8118.0967,3387.884,3572.964,2192.5422,4835.891,3873.6274,5185.4863,2405.5269,5195.4683,
527,416.19398755943024,55.627274,,,,,,,,,,,0,0,0,0,0,0,0,0,0,0,0,0,0,0,0,0,0,1293.4188,0,985.45996,0,0,0,1132.7002,1182.0844,0,0,0,0,956.6058,0,0,1221.4991,0,0,0,0,0,0,1202.7924,0,0,0,0,0,0,0,1011.60345,1340.2373,0,0,0,0,0,932.22656,0,1021.5881,
728,428.9006959043104,55.713333,,,,,,,,,,,0,0,0,0,0,0,0,999.9918,0,0,0,905.8862,0,0,0,0,0,0,0,0,0,0,968.94086,0,0,0,0,0,0,0,0,0,0,0,0,0,0,0,0,0,0,0,0,0,0,0,0,0,0,0,0,0,0,0,0,0,0,
