row ID,row m/z,row retention time,row ion mobility,row ion mobility unit,row CCS,correlation group ID,annotation network number,best ion,auto MS2 verify,identified by n=,partners,neutral M mass,31_Brote_22_3mg_3.mzXML Peak height,58_Brote_22_3mg_1.mzXML Peak height,12_Brote_14_5mg_1.mzXML Peak height,9_QC.mzXML Peak height,46_Brote_33_4mg_3.mzXML Peak height,16_Brote_25_ 3 mg_1.mzXML Peak height,60_Brote_50 _ 1mg_1.mzXML Peak height,38_Callo_40_2mg_3.mzXML Peak height,50_Brote_24_ 8mg_1.mzXML Peak height,24_Brote_33_4mg_1.mzXML Peak height,34_Brote_14_5mg_2.mzXML Peak height,5_Ext_blank.mzXML Peak height,11_Callo_52_9mg_3.mzXML Peak height,48_Brote_6_8mg_3.mzXML Peak height,49_Brote_27_8 mg_2.mzXML Peak height,63_Brote_6_8mg_2.mzXML Peak height,66_QC.mzXML Peak height,57_Brote_27_8 mg_3.mzXML Peak height,29_Brote_25_ 3 mg_3.mzXML Peak height,14_Brote_44_2 mg_2.mzXML Peak height,51_Brote_33_5 mg_1.mzXML Peak height,30_Brote_33_4mg_2.mzXML Peak height,22_Brote_76_08mg_2.mzXML Peak height,41_Brote_12_5mg_3.mzXML Peak height,36_Callo_40_2mg_1.mzXML Peak height,25_Brote_44_2 mg_3.mzXML Peak height,42_Callo_56_2mg_2.mzXML Peak height,23_Brote_50 _ 1mg_2.mzXML Peak height,61_Callo_56_2mg_3.mzXML Peak height,13_Brote_50 _ 1mg_3.mzXML Peak height,26_Brote_6_8mg_1.mzXML Peak height,47_Brote_12_5mg_1.mzXML Peak height,18_Brote_6_6mg_2.mzXML Peak height,45_Callo_52_9mg_2.mzXML Peak height,35_Brote_76_08mg_3.mzXML Peak height,55_QC.mzXML Peak height,32_QC.mzXML Peak height,65_QC.mzXML Peak height,64_Brote_25_ 3 mg_2.mzXML Peak height,62_Callo_56_2mg_1.mzXML Peak height,10_QC.mzXML Peak height,21_QC.mzXML Peak height,37_Brote_27_8 mg_1.mzXML Peak height,44_QC.mzXML Peak height,52_Brote_14_5mg_3.mzXML Peak height,17_Brote_33_5 mg_3.mzXML Peak height,39_Callo_52_9mg_1.mzXML Peak height,54_Brote_44_2 mg_1.mzXML Peak height,28_Brote_24_ 8mg_3.mzXML Peak height,27_Brote_12_5mg_2.mzXML Peak height,15_Brote_76_08mg_1.mzXML Peak height,19_Brote_22_3mg_2.mzXML Peak height,20_Brote_6_6mg_1.mzXML Peak height,53_Brote_24_ 8mg_2.mzXML Peak height,43_Brote_33_5 mg_2.mzXML Peak height,59_Callo_40_2mg_2.mzXML Peak height,40_Brote_6_6mg_2.mzXML Peak height,
1335,50.98858200783462,53.44125,,,,,,,,,,,0,0,0,0,0,578.50507,0,0,0,0,0,0,0,0,0,0,0,0,644.47076,0,0,0,0,0,0,0,0,0,0,0,0,0,0,0,0,0,0,0,497.5616,0,0,0,0,0,0,0,402.66885,0,0,0,0,0,0,0,0,0,0,
436,50.98998662690432,52.370586,,,,,,,,,,,0,0,482.15527,0,0,1622.6868,0,0,0,0,424.64334,0,469.40045,0,0,0,0,0,1472.3861,0,0,0,0,1247.8745,0,0,825.6048,757.54755,634.3276,730.43317,0,1083.8013,0,446.37756,0,0,0,0,1248.0206,573.20953,0,458.07812,0,0,0,0,492.76758,0,0,1411.5449,0,0,0,0,0,0,0,
1034,50.99008206309344,53.12684,,,,,,,,,,,0,0,910.48315,991.05457,0,0,0,0,0,583.9915,595.5116,0,1542.6443,0,0,0,0,0,0,837.57275,0,586.12256,564.21674,0,0,715.0566,1042.4633,1027.3828,461.2733,1071.1553,696.7859,0,0,711.6394,0,0,0,0,0,487.58026,0,1020.8052,0,0,0,0,1104.9827,0,0,2151.1511,0,0,0,0,0,0,0,
108,52.991646244313806,50.203335,,,,,,,,,,,0,0,0,0,0,0,0,0,564.59106,0,0,0,0,0,0,0,0,0,0,0,0,0,0,0,0,0,0,0,0,0,0,0,0,0,0,0,0,0,0,0,0,0,0,0,0,0,0,0,622.00525,0,0,0,0,532.1569,0,0,0,
816,52.99206868892136,52.915333,,,,,,,,,,,504.22327,0,0,0,0,0,0,0,0,0,540.6391,0,0,0,0,0,0,0,0,0,0,0,690.24976,0,0,0,0,641.678,0,0,601.98987,0,809.5492,0,0,0,615.11505,0,0,0,581.3913,750.5891,0,773.2667,567.0667,0,0,0,587.6358,0,0,613.6581,887.3122,0,0,0,837.63617,
450,52.995178210725506,52.38375,,,,,,,,,,,0,0,0,0,0,0,0,0,0,0,0,0,0,0,0,0,0,0,0,0,0,0,0,628.23474,0,0,0,0,0,0,0,551.7254,0,0,0,0,0,0,499.85126,468.45276,0,0,0,0,0,0,0,0,0,0,0,0,0,0,0,0,0,
1887,52.99557300648564,53.8825,,,,,,,,,,,0,0,0,0,0,0,0,0,544.2105,0,0,0,0,0,0,0,0,0,0,0,0,0,0,0,0,0,0,0,0,0,0,0,0,0,0,0,0,0,0,0,0,0,0,0,531.3318,0,0,0,0,0,0,0,0,562.2939,0,0,694.5907,
198,52.996052607708044,50.48875,,,,,,,,,,,0,0,0,0,0,0,0,0,0,0,0,0,0,0,0,0,0,0,0,0,0,0,0,0,0,0,0,0,0,0,0,528.4812,0,621.3959,0,0,0,0,0,487.66394,0,0,0,0,0,0,0,0,0,0,0,0,0,0,0,0,674.4282,
675,52.99619395675324,52.818123,,,,,,,,,,,0,0,0,0,0,0,0,565.29846,0,0,0,0,0,0,0,0,0,0,0,574.97516,0,0,0,0,0,0,606.51227,0,0,0,0,0,0,611.46356,0,0,0,0,0,470.85126,0,0,0,0,0,0,583.24713,0,0,0,0,583.1965,0,509.62112,0,0,0,
1217,52.9968076578185,53.342003,,,,,,,,,,,0,0,0,0,0,0,0,556.70154,0,0,0,0,554.47925,0,0,0,0,0,0,0,0,0,698.2256,0,0,0,0,0,0,0,0,0,0,0,0,0,0,0,0,0,0,0,0,0,538.1517,552.5449,0,0,0,0,0,0,0,0,0,0,0,
1032,52.99780264520929,53.12625,,,,,,,,,,,0,0,573.4619,0,0,2002.6567,0,0,0,0,0,0,615.5234,0,0,0,0,0,1630.6152,589.0337,0,563.3635,685.7633,664.7692,0,524.6476,0,688.6084,0,628.0896,619.9722,614.82184,716.58875,0,0,0,0,0,747.76465,0,512.6087,0,0,0,0,551.0186,598.31805,0,0,758.3109,0,0,0,0,572.94244,0,0,
1389,52.99912829695121,53.48079,,,,,,,,,,,563.1991,0,644.9245,0,0,0,0,572.3838,0,617.1282,640.5345,0,582.63025,0,0,0,0,0,0,597.47235,0,0,738.711,605.5267,0,527.30304,697.3455,0,0,0,0,518.1363,780.8277,666.4848,0,0,532.02454,0,595.10986,589.7362,0,0,0,581.19385,589.67834,561.3223,676.0709,0,0,0,658.45374,589.70483,818.18665,0,0,0,776.2017,
913,52.999589991054904,53.00846,,,,,,,,,,,564.4034,0,0,0,0,788.88,0,0,0,634.7637,0,0,0,0,0,0,0,0,643.90717,573.2844,0,565.10004,0,0,0,570.08466,0,0,0,0,0,0,0,564.5881,0,0,0,0,497.71918,0,0,0,0,0,0,584.1069,0,0,0,0,650.5639,621.37366,0,0,579.6008,0,0,
2013,53.00383874274987,53.963,,,,,,,,,,,0,0,0,0,0,0,0,0,0,0,0,0,0,0,0,0,0,0,0,0,0,0,0,0,0,0,0,0,0,0,0,562.0046,0,592.9166,0,0,0,0,0,472.95163,0,0,0,0,0,0,0,460.93463,0,0,0,588.0749,0,0,0,0,0,
642,54.00387066424478,52.75833,,,,,,,,,,,0,0,781.91895,0,0,0,0,0,0,0,0,0,0,0,0,0,0,0,0,0,0,0,0,0,0,0,0,0,0,0,0,0,0,0,0,0,0,0,0,0,0,0,0,0,0,0,0,0,1042.2521,977.70905,0,0,0,0,0,0,0,
1343,54.00517746432365,53.447002,,,,,,,,,,,0,0,775.42206,0,0,0,0,0,0,0,0,0,0,0,0,0,0,0,934.45703,0,676.6463,0,0,0,0,0,0,0,0,0,0,0,0,0,0,0,0,0,658.46027,0,0,0,0,0,0,0,0,0,0,951.2883,0,0,0,0,0,0,0,
1060,54.00588312343299,53.14555,,,,,,,,,,,0,0,0,0,0,1441.0723,462.3926,854.34686,0,0,0,0,0,0,0,0,0,0,873.74994,0,0,0,0,913.3632,0,0,924.3413,961.1177,0,0,0,0,0,0,0,0,754.879,0,0,0,749.9065,0,0,0,0,0,0,0,0,0,0,0,0,0,0,0,0,
934,54.007539427513585,53.027138,,,,,,,,,,,0,0,0,0,0,1408.3031,0,0,0,0,0,0,0,0,619.13666,0,0,0,0,930.424,0,808.98364,1341.5414,905.4688,0,798.2896,0,0,0,0,0,754.02515,0,0,0,0,0,0,0,0,733.78326,0,0,981.40375,0,863.3076,0,0,0,0,1156.5149,1013.3135,0,0,863.57635,0,0,
81,54.00786458550924,50.062187,,,,,,,,,,,0,0,0,571.96796,0,0,559.9111,0,724.0307,0,0,0,0,947.84863,0,796.5603,486.08795,0,0,0,0,0,0,0,812.0219,0,0,0,608.60803,0,0,0,0,1027.07,664.27625,0,0,511.12094,0,651.5796,0,0,0,0,0,0,1103.3772,630.3475,0,0,0,0,0,755.90063,0,576.18896,0,
620,54.00836570533299,52.653004,,,,,,,,,,,0,0,0,0,0,0,0,0,747.27264,0,789.3168,0,0,0,0,0,0,0,0,908.9575,0,0,0,0,0,0,0,0,0,0,0,0,0,0,0,0,0,0,0,0,0,0,0,0,0,0,0,0,1039.9883,0,0,0,0,813.54266,0,0,0,
121,54.00872115576501,50.205,,,,,,,,,,,0,0,0,0,0,0,0,0,1116.9213,0,0,0,0,0,0,0,0,0,0,0,0,0,0,0,0,0,0,0,0,0,0,0,0,0,0,0,0,0,0,0,0,0,0,0,0,0,0,0,1271.5894,0,0,0,0,1143.5227,0,0,0,
679,54.00913333059289,52.820213,,,,,,,,,,,889.7215,0,776.59985,565.45734,842.4135,0,644.6698,998.2432,726.42694,1063.608,848.06506,0,0,0,678.018,0,493.9719,0,887.75287,994.05884,700.67865,936.0853,1301.2096,932.8715,856.06866,965.40375,1006.8264,1087.0778,714.39655,0,945.5891,772.01245,1211.8572,1095.5426,676.1612,533.26056,768.1017,532.3073,0,739.42334,757.1765,977.94934,679.1422,945.66656,807.02026,874.5891,1008.391,704.0523,0,0,1197.2252,0,1650.5878,736.86304,942.90454,610.7708,1137.6437,
1244,54.00978925596855,53.354126,,,,,,,,,,,822.40796,0,0,621.2622,0,0,0,898.8339,0,1077.219,852.7934,0,0,0,628.0866,0,0,0,951.6348,0,0,869.7264,1318.6028,960.76624,801.68353,801.8016,0,0,0,0,0,752.6652,0,903.93365,622.06866,0,0,0,621.54395,0,0,0,648.82806,914.8359,754.0899,976.94183,905.491,0,0,977.6587,0,0,0,0,901.2432,0,0,
1673,54.01094362383138,53.704002,,,,,,,,,,,0,0,781.9428,0,0,0,0,0,0,0,799.4364,0,0,793.917,0,739.1203,0,0,0,0,0,0,0,0,0,0,0,0,0,0,0,0,0,0,0,0,0,0,0,0,0,0,0,0,778.07684,0,0,0,0,0,0,0,0,0,0,0,0,
189,54.01287555129679,50.48727,,,,,,,,,,,0,0,0,0,0,0,866.34393,0,0,0,0,0,0,0,0,0,538.22363,0,0,0,0,0,0,0,812.06213,0,0,0,751.55865,0,0,0,0,1028.429,0,581.2929,0,0,679.2527,822.202,0,0,0,0,0,0,973.7339,0,0,0,0,0,0,0,0,773.86237,1168.9261,
1,54.0132063378371,49.645,,,,,,,,,,,0,0,0,0,0,0,0,0,796.08563,0,0,0,0,0,0,0,0,0,0,0,0,0,0,0,0,0,0,0,0,0,0,0,0,0,628.6623,0,0,0,0,643.1213,0,0,647.1053,0,0,0,0,0,0,0,0,0,0,795.89703,0,0,0,
860,54.015592325204835,52.959373,,,,,,,,,,,0,0,0,0,0,0,0,0,0,0,0,0,0,0,0,0,508.07748,0,0,0,0,0,0,923.9147,0,0,0,970.8578,0,0,0,0,1172.7212,0,0,520.1536,821.06995,0,0,0,0,1019.9542,0,0,0,0,0,0,0,0,0,0,1552.7865,0,0,0,0,
1948,54.99726446769923,53.96,,,,,,,,,,,0,0,0,0,0,0,0,0,0,0,0,1229.1171,0,0,0,0,0,1976.1484,0,0,0,0,0,0,0,0,4515.1343,0,0,0,0,0,0,0,0,0,0,0,0,3245.9934,0,0,0,0,0,0,0,0,0,0,0,0,0,0,0,0,0,
9,55.0,49.6475,,,,,,,,,,,0,0,0,0,0,0,0,0,5050.592,0,0,0,0,0,3034.4375,0,0,1949.7489,0,0,0,0,0,0,0,0,0,0,3143.8242,0,0,0,0,0,0,0,0,0,0,3358.8506,0,0,3209.811,0,0,0,0,0,4896.6895,0,0,0,0,5106.5356,0,0,0,
122,55.0,50.205,,,,,,,,,,,0,0,0,0,0,0,0,0,7449.916,0,0,0,0,0,0,0,0,0,0,0,0,0,0,0,0,0,0,0,0,0,0,0,0,0,0,0,0,0,0,0,0,0,0,0,0,0,0,0,9136.546,0,0,0,0,7803.374,0,0,0,
308,55.0,51.25,,,,,,,,,,,0,0,0,0,0,0,0,0,0,0,0,0,0,5494.2266,0,5302.2183,2514.0396,0,0,0,0,0,0,0,0,0,0,0,0,0,5487.4546,0,0,0,0,0,0,2416.0742,0,0,0,0,0,0,0,0,0,0,0,0,0,0,0,0,0,0,0,
366,55.0,51.706665,,,,,,,,,,,0,0,0,0,0,0,2711.8945,0,0,0,0,0,0,0,0,0,0,0,0,0,0,0,0,0,0,0,0,0,3003.7554,0,0,0,0,0,0,0,0,0,0,3193.8464,0,0,0,0,0,0,0,0,0,0,0,0,0,0,0,0,0,
464,55.0,52.395,,,,,,,,,,,0,0,0,0,0,0,0,0,0,0,0,0,0,4247.7085,0,3974.0134,0,0,0,0,0,0,0,0,0,0,0,0,0,0,4552.075,0,0,0,0,0,0,0,0,0,0,0,0,0,0,0,0,0,0,0,0,0,0,0,0,0,0,
570,55.0,52.64084,,,,,,,,,,,0,0,3582.546,0,0,0,0,0,4726.431,0,0,0,0,0,0,0,0,0,0,0,0,0,0,0,0,0,0,4581.308,0,0,4165.5186,0,0,0,0,0,0,0,0,0,0,0,0,0,0,0,0,0,6297.1025,0,0,0,0,4870.965,0,0,0,
1067,55.00051215636793,53.13091,,,,,,,,,,,0,0,0,0,0,9303.935,2564.1128,0,4202.108,0,0,0,4128.935,0,0,0,0,0,7023.428,0,0,0,0,0,0,0,4445.8374,4701.47,0,4369.1523,0,0,0,0,0,0,0,0,3352.6116,0,3225.7866,0,0,0,0,0,0,0,0,4282.307,0,0,0,0,0,0,0,
1234,55.0,53.351665,,,,,,,,,,,0,0,0,0,0,0,0,0,0,0,0,0,0,0,0,0,0,0,0,0,0,3455.4153,0,0,3371.5388,0,0,0,0,0,0,0,0,0,0,0,0,0,0,0,0,0,0,0,0,3495.5654,0,0,0,0,0,0,0,0,0,0,0,
903,55.00018768753031,53.004646,,,,,,,,,,,4045.0042,1948.2422,0,0,3122.2568,5497.387,0,0,0,4442.205,0,0,0,0,3151.8787,0,0,2126.9248,0,0,0,3665.6045,5367.0854,0,0,0,0,0,0,0,0,0,0,0,0,0,0,0,0,0,0,0,3328.106,0,0,3742.949,0,0,0,0,4936.109,4620.6206,0,0,4102.047,0,0,
690,55.00034037410622,52.823624,,,,,,,,,,,4332.72,2770.0205,0,2856.358,5730.444,5363.2446,6445.0254,6349.8936,4146.366,5393.051,4063.0186,0,4338.583,3884.4092,4036.0254,3497.997,3568.6277,2794.6362,0,5162.5996,4185.119,5104.2876,6070.4844,4563.119,5407.8057,6038.1675,6207.918,6456.6626,5851.739,4637.9653,0,4018.212,6607.0054,8129.4663,4358.838,3917.383,4889.3823,3115.036,3300.0334,6511.4375,0,4864.124,3944.488,5163.6714,4321.9287,3749.14,6974.297,5516.931,4774.713,4298.612,5402.044,4357.144,8183.8643,0,5359.8438,5365.0757,7028.1914,
71,55.00035668203057,50.05647,,,,,,,,,,,0,0,0,3316.0703,0,0,3407.4146,5490.3003,4632.526,0,0,0,5853.124,6872.0493,0,6812.3843,3001.9526,0,0,4564.3643,0,0,0,4428.7393,5182.699,4297.513,5023.934,5979.048,3792.809,5062.874,6697.5303,3906.535,5427.299,7161.1943,3779.9883,3160.9038,3909.1978,2875.462,0,3958.1501,0,4888.475,0,4286.208,0,0,7308.2485,3964.4158,5188.0547,4328.872,0,0,0,4766.572,0,3527.2422,5165.6143,
1411,55.00045567398088,53.484783,,,,,,,,,,,3608.2441,1945.8094,4817.691,2962.2795,3168.9565,5423.3276,2664.0474,3875.5383,0,4312.712,4753.9136,0,4220.5684,0,3225.0928,0,2490.1968,2131.0996,0,0,0,3698.898,5400.5474,4108.7417,3544.2249,3716.2183,5317.0776,4877.1543,3925.5437,4552.251,4262.5454,3568.1208,6339.69,4449.403,3062.2354,2594.1187,3590.342,2542.3262,3325.6106,4100.864,3452.8948,4712.46,3325.1362,0,4618.47,3921.6208,4490.582,3862.6436,0,0,4715.321,4255.4697,6926.254,0,4309.69,2258.1023,6054.039,
174,55.000469087975915,50.485935,,,,,,,,,,,0,2334.0693,0,2806.8252,4021.5066,0,10633.212,7303.1704,4794.9155,0,3908.4448,0,0,0,3323.5798,3591.5466,4666.307,2659.1572,0,0,3328.204,0,0,4591.0034,6640.3794,5029.866,6190.169,7038.5806,7374.1836,0,0,4557.092,7910.2456,10827.935,4291.9443,4983.615,5408.9976,3495.064,4971.6514,8036.5156,0,0,3237.0452,5026.4272,4398.1772,0,8609.855,5253.857,0,0,0,0,8955.955,4541.9956,4018.4648,8699.759,9656.484,
538,55.00047030577523,52.4865,,,,,,,,,,,0,0,0,0,0,0,0,3835.406,0,0,0,0,4389.8623,0,0,0,0,0,0,4275.863,0,0,0,0,3479.7578,3923.3425,0,0,0,0,0,0,0,4576.344,3080.4478,0,0,0,0,0,0,0,0,0,0,0,4811.2627,3265.7515,0,0,0,0,0,0,0,2228.197,0,
777,55.000705218516664,52.912178,,,,,,,,,,,0,0,3791.6377,3779.2673,0,5449.5723,0,0,0,0,3576.431,0,0,0,0,0,3804.941,0,0,0,0,0,0,0,0,0,0,0,0,0,0,0,6733.02,0,0,3904.0676,5031.2637,3581.3691,0,0,4494.77,6069.9624,0,5598.499,3397.1746,3608.0444,0,0,0,0,0,0,7647.0283,0,0,0,6577.4346,
1669,55.0012978026588,53.70334,,,,,,,,,,,0,0,3575.3508,0,0,0,0,0,0,0,3567.565,1143.7006,0,4221.8384,0,3936.0396,0,0,0,0,0,0,0,0,0,0,0,0,0,0,0,0,0,0,0,0,0,0,0,0,0,0,0,0,3755.523,0,0,0,0,0,0,0,0,0,0,0,0,
1054,56.00011292834089,53.137505,,,,,,,,,,,0,0,0,0,809.9431,1379.1255,792.6741,0,0,1025.63,0,0,0,0,756.71234,0,0,0,1093.0497,0,0,0,0,0,0,0,0,1300.7643,0,0,0,0,0,0,0,0,0,0,0,0,0,0,0,0,0,0,0,0,0,0,0,0,0,0,1002.9075,0,0,
250,56.0021154692357,50.9225,,,,,,,,,,,0,0,0,0,0,0,0,0,0,0,0,0,0,1335.1346,0,0,955.15857,0,0,0,0,0,0,0,0,0,0,0,0,0,1312.644,0,0,0,0,932.55505,1077.8097,805.1618,0,0,0,0,0,0,0,0,0,0,0,0,0,0,0,0,0,0,0,
616,56.00519038543788,52.649998,,,,,,,,,,,0,0,0,0,0,1253.8654,0,0,1256.391,0,0,0,0,0,0,0,0,0,0,0,0,0,0,0,0,0,0,1272.3187,0,0,0,0,0,0,826.2857,0,0,0,834.6803,0,0,0,0,0,0,0,0,0,1671.0259,0,0,0,0,1311.0304,0,0,0,
37,56.00938707290855,49.66234,,,,,,,,,,,0,0,0,0,0,0,0,0,1246.4292,0,0,0,0,1710.623,834.6813,1703.4148,0,614.94867,0,0,0,0,0,0,0,0,1256.8317,0,928.74274,0,1700.5593,1359.0458,0,0,0,0,0,0,0,971.54596,0,0,876.08826,0,902.29456,0,0,0,1270.915,1401.4897,0,0,0,1171.664,0,0,0,
1651,56.00946725822956,53.699997,,,,,,,,,,,0,0,1066.0575,0,0,0,0,0,0,0,1013.7545,0,0,1272.5182,0,1229.8683,0,0,0,0,0,0,0,0,0,0,0,0,0,0,0,0,0,0,0,0,0,0,839.17456,0,0,0,0,0,997.22784,0,0,0,0,0,0,0,0,0,0,0,0,
462,56.00976252724986,52.394997,,,,,,,,,,,0,0,0,0,0,0,0,0,0,0,0,0,0,1852.1161,0,1799.2174,839.93787,657.7859,0,0,0,0,0,1231.9883,0,0,0,0,0,0,1877.9957,1135.5718,0,0,0,0,0,812.4093,0,0,987.1386,1257.8036,0,0,0,0,0,0,0,0,0,0,0,0,0,0,0,
1210,56.00979580752022,53.339,,,,,,,,,,,861.7169,0,0,0,0,0,0,0,0,0,0,0,0,0,771.76624,0,0,0,1105.1017,0,0,0,0,0,0,0,0,0,0,0,0,0,0,0,0,0,0,0,0,0,0,0,0,0,0,930.2363,0,0,0,0,0,1078.15,0,0,0,0,0,
700,56.00996472178212,52.82438,,,,,,,,,,,1051.5361,831.7297,1050.0144,0,1488.2667,1240.3076,1606.7019,1530.5309,1089.8676,1272.8921,1090.201,0,1142.8097,0,1026.867,0,1058.5597,836.92255,0,1265.102,1091.7294,1240.3782,1460.1863,1232.5159,1423.4021,1496.15,1659.3518,1631.1687,1546.5823,1274.3475,0,1076.9032,1753.9324,2024.9238,1143.0549,1086.5345,1317.5377,837.2445,992.05884,1747.5466,1030.0023,1295.6407,1096.8398,1289.8683,1120.8989,954.8127,1749.0984,1403.9507,1249.294,0,1322.902,1059.8987,1979.6084,0,1325.4783,1398.2164,1906.2001,
531,56.010074531012584,52.484993,,,,,,,,,,,0,0,0,0,820.46423,0,0,1218.2946,0,0,0,0,1536.9513,0,0,0,0,0,0,1460.7643,0,937.2828,1403.965,0,1118.796,1368.0785,1286.4465,1326.1278,0,1257.1465,0,0,0,1690.4368,1088.7695,0,0,0,0,959.2485,0,0,0,0,0,0,1616.9124,1076.6398,0,0,1440.1147,0,0,0,0,801.10724,0,
176,56.01023832816263,50.486073,,,,,,,,,,,0,658.0389,0,0,1064.6388,0,2514.3926,1803.4666,1232.5946,0,1092.0703,0,0,0,967.7094,0,1156.0327,800.6793,0,0,917.3982,977.21643,0,1295.1586,1712.4331,1179.3256,1578.5424,1746.9271,1898.5021,0,0,1267.3341,2008.4962,2587.912,1142.2432,1289.1183,1483.3547,953.6839,1229.3982,1941.2595,0,1288.7974,913.2903,1385.2523,1127.9117,0,2120.7852,1308.0585,0,0,0,0,2276.1758,1241.0431,1052.2726,2100.8005,2434.1777,
1492,56.0107058144506,53.54286,,,,,,,,,,,0,0,0,0,0,0,0,0,0,0,0,0,0,1240.3832,0,1270.6829,0,618.5629,0,0,0,0,0,0,0,0,0,0,0,0,1376.5305,0,0,0,0,0,0,0,0,0,985.45013,1244.7029,0,0,0,0,0,0,0,0,0,0,0,0,0,0,1404.9075,
109,56.01160398813723,50.203335,,,,,,,,,,,0,0,0,0,0,0,0,0,2229.3687,0,0,0,0,0,0,0,0,0,0,0,0,0,0,0,0,0,0,0,0,0,0,0,0,0,0,0,0,0,0,0,0,0,0,0,0,0,0,0,2642.9365,0,0,0,0,2325.94,0,0,0,
69,56.0128231153213,50.055897,,,,,,,,,,,0,0,0,1452.6359,853.3387,0,1437.8313,2109.0166,1738.8813,0,0,0,2438.7969,3550.2979,0,3689.6692,1378.1635,0,0,1735.1193,0,0,1786.1163,1847.8925,2012.8899,1702.6871,1951.576,2284.649,1516.4574,2039.7358,3371.087,1676.0216,2189.5884,3037.6367,1523.7025,1403.8666,1619.5071,1301.1206,0,1610.3579,1321.6289,1872.5459,0,1817.815,0,0,2954.7126,1448.7205,1903.6561,1895.9556,1805.3802,0,2081.4795,1817.4106,0,1500.2236,2097.0085,
900,56.01283859387365,53.004284,,,,,,,,,,,930.0265,0,0,0,0,0,0,0,0,1055.97,0,0,0,0,779.1553,0,0,0,0,0,0,918.93726,0,0,0,0,0,0,0,0,0,0,0,0,0,0,0,0,0,0,0,0,851.0827,0,0,946.18176,0,0,0,0,0,1087.0255,0,0,0,0,0,
303,56.01355817007879,51.248234,,,,,,,,,,,0,0,0,1151.4521,0,0,0,0,0,0,0,0,0,2579.605,0,2623.934,1008.2815,0,0,0,0,0,0,1397.0464,0,0,0,0,0,0,2507.5188,1276.4744,1654.2451,0,0,1007.73883,1179.3154,959.0837,0,0,1053.3076,1426.6143,0,1346.2655,0,0,0,0,0,1410.5835,0,0,1627.4695,0,0,0,1574.6407,
1374,56.01405961377812,53.47625,,,,,,,,,,,0,0,1090.0298,0,0,0,0,0,0,0,963.2187,0,0,0,0,0,0,0,0,0,837.0484,0,0,0,0,0,0,0,0,0,0,0,0,0,0,0,0,0,0,0,0,0,823.4773,0,0,0,0,0,0,0,0,0,0,0,0,0,0,
89,57.000693229781696,50.198334,,,,,,,,,,,0,0,0,0,0,0,2091.493,0,11256.361,0,0,0,0,0,0,0,0,0,0,0,0,0,0,0,0,0,0,4044.4448,0,3666.331,0,0,0,0,0,0,0,0,0,0,0,0,0,0,0,0,0,0,13343.32,0,0,0,0,11709.906,0,0,0,
272,57.001225733565384,51.16278,,,,,,,,,,,0,0,0,0,0,0,0,3391.3057,0,0,0,0,0,0,0,0,0,0,0,0,2505.2334,2931.3665,0,0,3192.1196,0,0,0,0,0,0,0,0,0,0,0,0,0,0,0,0,0,2517.2495,0,0,2878.831,0,0,4805.3403,0,0,0,0,3862.063,3338.0938,0,0,
585,57.00434213777606,52.642735,,,,,,,,,,,0,0,3300.4988,0,0,4374.805,2322.295,0,5553.2,0,0,0,3566.9343,0,0,0,0,0,3805.858,3270.0278,0,0,3948.7192,0,0,2933.3262,4096.5513,4292.0674,2675.9326,4060.7927,4375.847,0,0,3643.868,0,0,0,0,2580.7944,2824.469,0,0,0,0,3044.384,0,3824.865,0,7275.827,0,3835.4312,0,0,5738.145,0,0,0,
1485,57.00454169936777,53.541367,,,,,,,,,,,0,1492.5613,0,3365.5479,0,0,0,0,0,0,3452.9385,0,0,6924.695,0,6760.7593,0,2677.118,0,0,0,0,0,4313.668,0,0,0,0,0,0,7196.8003,3800.3606,0,0,0,0,0,0,0,0,3202.2432,0,0,0,0,0,0,0,0,4402.851,0,0,0,0,0,0,0,
904,57.00477521037147,53.005,,,,,,,,,,,3170.1318,1908.7325,0,0,2693.6719,4033.597,0,0,0,3405.725,0,0,0,0,2852.3083,0,0,2104.7046,0,0,2556.8376,3107.8064,3964.8752,0,0,0,0,0,0,0,0,0,0,0,0,0,0,0,2437.2678,0,0,0,3070.4004,0,0,3060.698,0,0,0,0,3799.0542,3774.977,0,0,3429.9363,0,0,
31,57.00486940675185,49.65723,,,,,,,,,,,2827.8108,1829.2383,0,0,2436.0974,0,0,0,5832.583,0,3321.1565,0,0,4511.054,3114.7673,4529.7505,0,2095.2668,0,3628.3923,0,0,0,4150.82,0,3431.7185,4412.266,0,3233.6477,0,4302.7656,3748.6982,0,4102.3745,2921.7234,0,0,0,2714.3464,3427.9497,0,0,3312.7812,0,3308.248,0,4040.0942,0,5304.663,4173.9033,0,0,0,5740.049,0,2214.059,0,
1377,57.00488776684465,53.477,,,,,,,,,,,2549.9375,0,3206.7197,0,0,0,0,0,0,0,0,0,0,0,0,0,0,0,0,0,3125.1216,0,0,0,0,0,0,0,0,0,0,0,0,0,0,0,0,0,0,0,0,0,0,0,0,0,0,2850.1367,0,0,0,3075.3242,0,0,0,0,0,
718,57.004908149349205,52.825703,,,,,,,,,,,4099.007,3077.8093,3265.171,0,6222.0996,3953.9749,7859.9033,6666.7324,0,5098.069,4087.3098,0,4005.8264,0,4214.27,0,4143.5493,3121.1658,3483.025,5002.503,4399.2915,5187.4536,5419.1704,4457.479,5952.086,6231.5107,6709.276,6597.4873,6827.4326,4332.6255,0,4089.034,6812.627,9173.3,4757.984,4399.589,5337.1733,3232.132,3354.5044,7524.628,0,4835.6387,3993.7847,5178.1646,4302.4487,3159.8264,7850.845,6022.869,4524.7783,4212.354,4444.2734,3774.6816,7780.434,0,5433.26,6618.5327,7557.732,
183,57.005239824155225,50.486473,,,,,,,,,,,2756.1003,2536.439,0,0,4168.1562,0,12611.301,8052.925,4832.7017,3261.0605,4026.6343,0,0,0,3366.3616,0,5354.7583,2963.1157,3493.8608,3817.981,3161.5286,3509.5889,4194.4277,4658.9937,7497.3833,5189.6655,6370.2935,7541.767,8177.4453,3605.6377,0,4639.9243,8597.542,12091.78,4560.232,5726.4604,6334.4307,3760.9844,5330.6147,8821.068,0,4458.3066,3254.7532,5255.1465,4488.9272,0,9294.828,5464.3477,0,4084.326,0,0,10156.461,4483.9404,3811.2876,10102.905,10533.632,
1643,57.00532061562296,53.698334,,,,,,,,,,,0,0,3506.5293,0,0,0,0,0,0,0,3579.5972,0,0,4484.181,0,4562.689,0,0,0,0,0,0,0,0,0,0,0,0,0,0,0,0,0,0,0,0,0,0,2586.982,0,0,0,0,0,3674.9683,0,0,0,0,0,0,0,0,0,0,0,0,
779,57.00594282389671,52.912308,,,,,,,,,,,0,0,3237.3523,3333.8528,0,3708.6975,0,0,0,0,0,0,0,0,0,0,3257.412,0,0,0,0,0,0,0,0,0,0,0,0,0,0,0,5706.223,0,0,3390.6316,4098.144,2933.596,0,0,3564.513,4802.7944,0,4518.0005,0,0,0,0,0,0,0,0,6063.502,0,0,0,5553.6895,
484,57.006214600661586,52.396587,,,,,,,,,,,0,1499.7976,0,4150.1865,0,0,0,0,0,0,0,0,0,12129.753,0,11888.314,3827.3103,2404.2253,0,0,0,0,0,5683.795,0,0,0,0,0,0,11753.212,5049.147,6231.095,0,0,3852.9285,4528.177,3610.8137,0,0,3826.2678,5314.4556,0,4946.577,0,0,0,0,0,5603.134,0,0,6043.8096,0,0,0,5698.203,
304,57.006798665073084,51.248333,,,,,,,,,,,0,0,0,5913.493,0,0,0,0,0,0,0,0,0,19816.266,0,19610.748,5651.6733,2294.4622,0,0,0,0,0,7909.951,0,0,0,0,0,0,19037.94,7145.622,8244.431,0,0,5414.614,6423.1895,4965.493,0,0,5056.1934,7141.209,0,6839.563,0,0,0,0,0,7835.177,0,0,7824.248,0,0,0,7739.105,
65,57.00734029615746,50.05244,,,,,,,,,,,0,0,0,7599.461,2344.6458,0,3851.235,6231.759,5010.6304,0,0,0,6927.968,28311.38,0,28774.701,8380.426,0,0,4930.7534,0,0,5390.002,11328.139,5973.0093,4778.9717,5398.7383,6616.088,4029.2625,5880.941,26819.174,10695.979,11254.084,8485.088,4338.2837,7965.2017,9500.992,7416.1816,0,4328.6045,7008.0776,9915.835,0,9827.321,0,0,8663.616,4256.2754,5696.9062,11676.21,4965.207,0,10869.698,5323.386,0,4210.9697,11082.331,
526,57.008328433034876,52.483845,,,,,,,,,,,0,0,0,0,0,0,0,3542.5537,0,0,0,0,4501.7773,0,0,0,0,0,0,4105.906,0,0,4235.144,0,3463.378,3847.6392,0,0,0,3660.733,0,0,0,4697.151,3212.3088,0,0,0,0,0,0,0,0,0,0,0,4960.7026,3281.264,0,0,4095.197,0,0,0,0,2298.7917,0,
35,57.993813116412596,49.659996,,,,,,,,,,,0,0,0,0,0,0,0,496.9415,641.27234,0,0,0,0,0,0,0,0,0,0,0,0,0,0,0,441.78424,0,0,0,477.03564,0,0,0,0,0,0,0,0,0,0,0,0,0,0,0,0,0,0,0,0,0,0,0,0,612.7679,0,0,0,
60,57.99428205157443,50.045433,,,,,,,,,,,0,0,0,530.2965,0,0,0,494.71036,0,0,0,0,573.135,1375.1118,0,1397.0085,0,0,0,0,0,0,0,719.70447,525.78687,436.71002,0,549.5904,0,521.6061,1348.9529,679.6996,0,625.96796,0,500.30566,612.2184,0,0,0,516.6777,708.78064,0,662.9127,0,0,628.6688,0,0,783.01764,0,0,786.28375,0,0,406.4302,763.73096,
110,57.99476131598436,50.203335,,,,,,,,,,,0,0,0,0,0,0,0,0,926.74207,0,0,0,0,0,0,0,0,0,0,0,0,0,0,0,0,0,0,0,0,0,0,0,0,0,0,0,0,0,0,0,0,0,0,0,0,0,0,0,1036.7617,0,0,0,0,933.4014,0,0,0,
628,57.995300553266794,52.671,,,,,,,,,,,0,0,641.29816,0,0,561.62634,0,0,589.9546,0,587.0222,0,518.82544,0,0,0,0,0,0,493.0997,0,417.24747,557.8951,0,0,448.91925,551.798,566.2043,0,591.26544,558.7339,0,0,0,0,0,0,0,0,467.7159,0,0,0,0,584.7777,0,0,0,756.5642,0,575.6724,0,725.5531,595.405,0,0,707.21246,
133,57.99538175387605,50.31222,,,,,,,,,,,0,0,543.5028,0,0,0,0,0,0,0,626.4479,0,0,532.21967,0,557.4698,0,0,0,0,0,0,0,0,0,0,0,0,463.35403,0,0,0,0,0,411.25726,0,0,0,0,486.16443,0,0,0,0,697.5198,0,0,0,0,0,0,0,0,597.3282,0,0,0,
1476,57.99681815428781,53.536663,,,,,,,,,,,403.93854,0,564.5371,429.61655,0,587.0419,0,0,0,499.12357,515.13043,0,0,588.7715,0,579.02356,0,0,556.85254,0,0,451.95358,0,508.70807,0,0,0,0,0,0,590.7254,0,736.14026,0,0,0,0,0,0,0,0,555.4479,0,0,442.97058,0,0,0,0,546.12,0,537.26154,0,0,464.30173,0,0,
448,57.99792192088865,52.37956,,,,,,,,,,,453.4155,0,859.7287,531.509,430.15887,725.0755,0,543.1141,569.4694,474.26447,659.9928,0,744.3789,826.0033,0,823.7329,0,0,635.77936,0,0,478.56522,663.1677,772.4047,457.62897,448.70544,714.1618,650.8683,514.17487,594.4083,859.7444,624.782,1133.7362,590.0441,440.4907,0,496.06897,0,463.51062,575.6659,522.9016,714.6767,403.58743,672.051,619.2939,0,623.7551,407.18176,740.8679,779.5456,526.7774,687.3498,1080.3795,570.6541,500.36188,0,1057.2036,
42,57.99793837255469,49.96794,,,,,,,,,,,0,0,695.44196,0,0,859.52045,0,499.68518,585.0157,0,495.63058,0,577.3168,0,0,0,0,0,825.2929,0,0,0,0,0,0,0,576.4475,0,471.2746,0,0,0,870.60736,0,0,0,0,0,560.1906,489.2968,0,0,0,0,0,0,0,0,801.31775,0,0,535.5296,787.236,635.052,0,0,737.84863,
179,58.002800461097195,50.48613,,,,,,,,,,,0,0,0,0,414.11966,0,857.6378,640.35535,0,0,0,0,0,0,0,0,0,0,0,0,0,0,0,0,579.4887,458.645,628.0641,671.52435,693.81464,0,0,469.6633,753.034,906.93036,444.27753,443.60443,564.2063,0,506.20367,750.4135,0,0,0,514.8228,0,0,780.9542,488.58417,0,0,0,0,800.8647,0,0,730.7934,849.51324,
283,58.00287391493738,51.24423,,,,,,,,,,,0,0,0,495.52957,0,0,0,0,0,0,0,0,0,1068.307,0,1053.441,0,0,0,0,0,0,0,602.67834,0,0,0,0,0,0,1044.3168,505.8568,789.0912,0,0,420.87415,520.0961,0,0,0,0,573.29913,0,514.21545,0,0,0,0,0,639.7597,0,0,0,0,0,0,709.2962,
720,58.00308819278336,52.82662,,,,,,,,,,,556.74695,0,537.642,0,656.0314,577.8048,744.4521,673.984,535.4714,578.6309,558.0719,0,561.33636,518.1429,0,0,0,0,526.45605,665.0526,0,572.4819,676.1118,559.64795,584.6123,709.33966,833.2916,734.91534,744.0729,604.78687,0,557.3573,839.02747,896.5155,586.7264,487.339,604.35895,0,491.26968,792.7401,475.44,603.0683,539.8238,581.6054,570.38477,0,772.13794,599.48315,685.3465,602.79535,704.51587,596.6456,959.087,594.4103,611.3534,624.3256,881.03204,
1636,58.98039499459792,53.694546,,,,,,,,,,,0,0,897.1321,0,0,0,0,0,0,0,1019.71295,532.0033,0,1210.1562,0,1172.6287,0,0,0,0,878.53906,0,0,0,0,0,0,0,0,0,1070.5201,0,0,0,0,0,0,869.2648,1019.3972,0,0,0,0,0,1130.5587,845.3194,0,0,0,0,0,0,0,0,0,0,0,
1924,58.984950419531344,53.953476,,,,,,,,,,,927.1723,753.71625,914.71655,789.6463,992.7287,998.272,911.06995,1008.407,1015.4959,953.01666,979.28015,526.31647,879.06274,1068.391,1007.66266,987.879,919.4891,767.85846,1041.4939,893.58844,948.4547,0,1000.00653,1089.1761,977.97943,939.9216,1121.8634,1120.0115,1018.5796,973.1592,987.55835,1099.3138,1476.6542,1059.4835,897.594,931.79926,986.7944,954.3344,0,1031.9967,801.1909,1078.6522,961.405,1061.6764,1071.8258,0,1088.2825,935.71,1090.7793,1101.3844,942.22815,0,1687.8777,1107.9677,963.21344,888.5603,1652.9791,
180,58.98499336099681,50.486183,,,,,,,,,,,0,0,0,0,0,0,2048.6296,1398.6273,0,0,0,0,0,0,0,0,1002.2792,0,0,0,0,0,0,0,1220.4662,1006.94086,1190.2899,1377.3162,1538.3668,0,0,0,1426.564,1945.9287,889.96893,1041.5201,1193.7578,0,1125.0066,1606.7294,0,0,0,1016.01276,0,0,1560.607,1028.7152,0,0,0,0,1767.039,0,0,1768.745,1787.2844,
705,58.98732476463767,52.82475,,,,,,,,,,,936.74536,789.70154,0,741.3076,1227.5256,0,1398.2416,1258.1471,1023.7153,1110.3649,974.49756,0,845.2331,0,1018.425,0,968.17096,867.66754,0,1015.7751,1017.99316,1066.054,1084.1683,1036.6061,1120.3099,1272.305,1331.4076,1308.0635,1365.4208,0,0,0,1331.8352,1593.4321,1032.8196,1043.4808,1104.8048,915.1517,0,1405.758,0,0,959.3449,1173.998,1048.3914,0,1404.1406,1189.4705,1043.1853,0,911.796,0,1428.4099,0,1110.2599,1247.9755,1472.0559,
631,58.98880815941904,52.69269,,,,,,,,,,,0,0,1120.9751,0,0,0,0,0,1082.0719,0,1239.1089,0,867.6247,1087.5531,0,1102.8604,0,0,1034.7568,882.575,0,0,1121.323,1090.5328,0,919.4819,1235.7477,0,1041.9363,906.8447,1064.9036,1044.8323,1380.8523,1042.476,910.3312,879.63324,1000.779,966.9222,1033.1742,1109.6279,811.2756,1092.4504,911.5688,1062.2756,1347.0072,0,989.1664,0,1149.3115,1014.1625,947.85974,0,1544.592,1113.3295,937.0255,0,1496.9902,
349,58.99070762966214,51.504234,,,,,,,,,,,0,0,0,0,0,0,873.84796,0,1460.4753,0,1189.8562,0,0,986.168,0,0,873.4057,0,1065.8473,0,0,0,0,1358.0781,937.00653,0,1554.4296,0,1250.4707,0,0,1170.8607,1834.7343,1081.7039,0,0,1007.44165,0,1238.1252,1387.7957,0,1067.4865,0,1027.039,1254.4528,0,1084.1625,0,1261.0522,1199.3943,0,0,2038.7189,1371.2096,0,847.75775,2042.6567,
279,58.991653121110176,51.240715,,,,,,,,,,,0,0,0,0,0,0,0,0,1025.6797,0,0,0,0,0,0,0,0,0,0,0,0,0,0,0,0,0,1180.1654,0,0,0,0,0,1212.1187,0,0,0,0,0,0,0,0,1038.429,878.9516,0,0,0,0,0,1081.3802,0,0,0,0,1070.5773,0,0,0,
134,58.99434794055183,50.3125,,,,,,,,,,,0,0,0,0,0,0,0,0,0,0,1079.0706,0,0,1015.22394,0,984.99316,0,0,0,0,0,0,0,0,0,0,0,0,0,0,0,0,0,0,0,0,0,0,0,0,0,0,0,0,1216.9899,0,0,0,0,0,0,0,0,0,0,0,0,
1119,59.95447291917912,53.2,,,,,,,,,,,0,0,0,0,0,0,0,0,0,0,0,0,0,0,0,0,0,0,0,0,0,0,0,0,0,0,0,0,0,0,0,0,0,0,0,0,802.49365,608.91565,0,0,0,0,0,852.6502,0,0,0,0,0,0,0,0,0,0,0,0,0,
1306,59.956483393638784,53.429996,,,,,,,,,,,0,0,0,0,739.2867,0,0,0,0,0,0,0,0,0,0,0,0,0,0,0,0,0,1085.9745,0,0,0,0,0,0,0,0,0,0,0,746.60675,0,0,0,0,0,0,0,0,0,0,0,0,0,0,0,0,0,0,0,0,0,0,
1469,59.95760723504581,53.526,,,,,,,,,,,0,0,0,0,720.4387,0,0,0,0,922.4557,0,0,0,0,0,0,0,0,0,0,0,0,0,0,0,0,0,0,0,0,0,0,0,918.0876,0,0,0,602.27527,0,0,0,0,0,0,0,0,0,0,0,0,0,0,0,0,913.8042,0,0,
1160,59.95868927251143,53.315716,,,,,,,,,,,770.508,0,933.3073,739.0425,752.21967,1462.4808,606.8679,0,1140.8287,1004.05133,846.98724,0,1052.648,0,762.0494,682.1121,534.6682,0,1419.5741,0,833.56525,0,1124.0791,1157.8264,891.21545,0,1292.716,1245.8094,810.23376,1210.8411,972.8385,932.92255,1200.6427,995.8637,786.9219,0,0,0,928.12915,827.63715,787.24945,0,795.13336,876.05035,876.9428,887.12714,1095.2383,755.3426,0,0,1132.729,935.56067,1281.1376,1249.7035,1073.4609,0,1158.9833,
1611,59.9587507752809,53.668,,,,,,,,,,,0,0,0,0,0,0,0,0,0,0,0,0,0,753.0827,0,0,543.4848,0,1010.01373,0,0,0,0,0,0,933.7476,0,0,0,0,0,0,0,0,0,0,0,0,0,0,0,0,0,0,773.37756,0,0,0,0,0,0,0,0,0,0,0,0,
1987,59.95982361203205,53.961185,,,,,,,,,,,830.1628,0,0,764.7028,0,0,626.0971,901.116,0,0,0,0,0,0,0,0,0,0,0,0,0,0,0,1010.92255,0,0,0,0,0,0,878.96045,0,1249.234,937.2929,0,612.1357,0,631.0641,753.3874,0,807.1386,0,0,873.82477,0,0,0,788.1984,0,0,0,0,1375.1138,0,0,569.07385,1130.7306,
681,59.96774678913238,52.822,,,,,,,,,,,0,0,888.0925,0,0,0,601.8189,0,0,0,0,0,0,758.5165,0,0,0,0,0,0,0,0,0,0,0,0,0,0,0,0,0,0,0,891.31903,0,0,0,0,0,0,0,0,0,0,0,0,0,0,0,0,0,0,0,0,0,553.4318,0,
1453,60.943906493788376,53.50125,,,,,,,,,,,0,0,0,0,0,0,0,0,0,0,0,0,574.73096,0,0,0,0,0,0,0,0,0,664.6162,0,0,594.9624,0,0,0,0,0,0,0,0,0,0,0,0,0,0,0,0,0,0,0,0,0,0,0,0,0,0,0,0,627.20496,0,0,
1830,60.95000919401831,53.874,,,,,,,,,,,0,0,0,0,600.74664,0,500.24747,0,0,633.21216,0,0,0,0,0,0,0,0,0,0,0,597.8016,0,0,572.8754,609.97906,0,0,0,0,0,0,0,638.0268,0,0,0,512.0186,0,0,0,0,554.20465,0,0,0,0,569.0866,0,0,0,0,0,0,0,0,0,
1110,60.94856986245368,53.194233,,,,,,,,,,,0,0,0,0,0,0,0,0,0,0,0,0,0,0,0,0,586.83167,0,0,0,0,0,0,0,569.4371,0,710.15204,0,0,0,0,0,0,0,0,623.25824,742.58026,571.23834,603.41254,0,0,657.2259,0,700.1494,0,0,0,560.4387,0,0,607.7754,0,766.6692,0,0,0,743.4204,
1766,60.94934447223945,53.786667,,,,,,,,,,,0,0,0,0,0,0,0,0,623.2079,0,0,0,0,0,0,0,0,0,0,0,0,0,0,0,0,0,0,0,0,0,0,0,0,0,0,0,0,0,0,0,0,0,0,0,0,0,0,0,0,0,0,615.03595,0,0,606.7921,0,0,
1659,60.94984770504998,53.70134,,,,,,,,,,,0,0,611.24945,0,0,0,510.72574,0,612.8941,638.49005,0,0,0,773.8055,572.5031,737.559,504.59888,0,660.60803,0,536.11346,0,671.4047,0,574.96826,608.5567,0,0,550.54724,0,632.4067,0,0,0,0,513.9882,603.32135,0,654.541,0,0,660.0788,556.4881,625.26117,692.33246,0,656.93427,0,0,0,612.5384,0,0,0,608.40796,0,734.6398,
1578,60.950795563723524,53.62833,,,,,,,,,,,0,0,0,0,0,0,518.6273,0,0,0,0,0,0,0,0,0,0,0,0,0,0,0,0,0,0,0,0,0,0,0,0,0,0,651.10626,0,0,0,0,0,0,0,0,0,0,569.41125,0,0,0,0,0,0,0,0,0,0,0,0,
2000,60.95105150141714,53.961674,,,,,,,,,,,607.28503,0,0,0,0,0,0,620.52045,0,0,582.5561,0,580.7408,615.71594,560.1464,0,520.049,0,0,667.1023,553.542,624.9735,0,0,0,0,694.5152,0,0,0,618.79407,0,0,0,0,0,0,0,0,560.3122,0,0,0,0,0,0,0,0,0,715.35565,0,0,0,0,0,0,769.42236,
1517,60.951764461383675,53.56286,,,,,,,,,,,0,0,0,0,0,0,0,608.73914,0,0,0,0,0,0,574.35925,0,0,0,0,0,0,0,0,0,0,0,0,0,0,0,0,0,0,0,0,0,0,0,0,0,0,662.8019,0,636.9886,0,0,676.31287,0,0,0,0,0,780.5914,635.97845,0,0,0,
1180,60.953210661384524,53.30187,,,,,,,,,,,0,0,0,0,573.4701,670.7973,0,0,607.812,0,0,0,0,0,0,0,0,0,670.18274,0,0,588.8372,0,659.08435,582.1932,0,0,702.90485,541.8006,0,622.03467,0,0,0,0,0,0,0,0,0,0,0,0,0,582.7437,561.9856,642.798,0,719.29,0,0,0,0,661.4704,609.96075,0,0,
1026,62.95268478415144,53.12167,,,,,,,,,,,0,0,0,0,0,1930.1641,0,0,0,0,0,0,0,0,0,0,0,0,1644.8833,0,0,0,0,0,0,0,0,0,0,0,0,0,0,0,0,0,0,0,579.90845,0,0,0,0,0,0,0,0,0,0,0,0,0,0,0,0,0,0,
1316,64.97964301714752,53.4575,,,,,,,,,,,0,0,0,0,0,939.90424,0,0,0,0,0,0,551.33344,0,0,0,0,0,861.9961,0,0,0,571.2972,467.20334,0,0,586.999,597.0559,0,502.13925,0,0,500.56424,623.2079,0,0,0,0,725.6777,0,0,501.99576,0,0,0,0,637.4733,0,0,504.94608,0,0,592.1644,0,0,0,530.27625,
839,64.98525768164419,52.920002,,,,,,,,,,,0,0,0,0,0,0,0,0,0,0,0,0,0,0,0,0,0,0,0,0,0,0,0,0,0,0,0,0,0,0,0,0,596.4668,431.86105,0,0,0,0,0,0,0,541.7996,0,0,0,0,0,0,0,0,0,0,684.2017,0,0,0,583.7744,
1038,64.98616353374686,53.12786,,,,,,,,,,,0,0,0,0,0,3615.3633,0,0,0,0,0,0,629.09155,0,0,0,0,0,0,0,0,0,531.40375,716.24255,0,0,568.46484,603.5793,0,586.57336,0,543.07947,497.25696,498.89572,0,0,0,0,0,0,0,570.4822,0,0,0,0,592.4204,0,0,878.33374,0,0,572.3864,0,0,0,0,
430,64.98873871524772,52.368332,,,,,,,,,,,0,0,0,0,0,689.2027,0,0,0,0,0,0,0,0,0,0,0,0,631.01373,0,0,0,0,574.7957,0,0,492.65054,521.3616,0,405.6038,0,514.5541,0,0,0,0,0,0,503.10983,0,0,0,0,0,0,0,0,0,0,603.49396,0,0,0,0,0,0,0,
1014,65.99229919234632,53.12,,,,,,,,,,,0,0,0,0,0,1055.3497,0,0,0,0,0,0,0,0,0,0,0,0,783.1965,0,0,0,0,0,0,0,0,0,0,0,0,0,0,0,0,0,0,0,0,0,0,0,0,0,0,0,0,0,0,0,0,0,574.3916,0,0,0,0,
111,66.00249019966245,50.203335,,,,,,,,,,,0,0,0,0,0,0,0,0,610.0605,0,0,0,0,0,0,0,0,0,0,0,0,0,0,0,0,0,0,0,0,0,0,0,0,0,0,0,0,0,0,0,0,0,0,0,0,0,0,0,697.2965,0,0,0,0,629.0726,0,0,0,
924,66.99846777523075,53.01445,,,,,,,,,,,2716.992,1078.0483,0,0,2011.5839,4158.8945,0,2354.7673,0,3289.6892,0,0,0,0,1900.7,0,0,1103.3386,0,0,1873.1615,2401.1511,0,0,0,2244.8108,0,2582.5413,0,0,2543.7808,0,0,0,1730.3403,0,0,0,0,0,0,0,1890.6538,0,0,2546.6062,0,0,0,0,0,3078.806,0,0,2708.8193,0,0,
85,66.9992128885424,50.074,,,,,,,,,,,0,0,0,0,0,0,1302.8735,0,0,0,0,0,0,0,0,0,0,0,0,0,0,0,0,0,0,0,0,0,1547.368,0,0,0,0,0,0,0,0,0,0,0,0,0,0,0,0,0,2665.4707,1657.3639,0,0,0,0,0,0,0,1320.0052,0,
672,66.99955813810278,52.815117,,,,,,,,,,,2547.2988,970.7604,0,0,2351.532,0,1709.0696,2810.8708,2109.0972,3112.8784,2290.7664,0,0,2011.827,1869.0245,1603.8804,1364.6493,1064.286,0,2676.647,2064.833,2552.8276,0,0,2198.2297,2498.1917,2689.7725,2810.4482,1812.7855,0,2521.3809,2091.3154,0,3160.324,1940.6289,1495.8663,2292.0527,1320.6018,1627.1586,1957.3027,0,0,1845.1056,0,2117.9666,0,2864.079,1906.5289,2748.5315,2495.389,0,0,0,2121.0193,2673.7417,1556.0444,3196.354,
800,66.9997309028776,52.914288,,,,,,,,,,,2531.8208,0,1986.6437,2076.888,1954.9634,0,0,2446.1543,0,3207.087,2435.293,0,2402.6062,0,0,0,2352.4622,1049.9778,2452.2998,0,1826.325,2412.0337,0,0,0,2312.264,0,0,0,0,2583.3499,2087.3455,0,0,0,2446.6313,3375.106,2260.266,1623.5874,0,2810.5303,0,0,0,2330.239,2465.1724,0,0,2688.2815,2593.435,0,2907.4407,0,0,2676.8538,0,4140.582,
1243,66.99997836561504,53.35404,,,,,,,,,,,0,0,1794.8058,1255.2593,0,0,0,2619.1448,0,3169.932,2235.7808,0,0,2022.034,0,0,0,0,2713.1462,0,2245.3848,2488.3547,0,2680.9578,2130.2573,0,0,0,0,0,2529.8745,2177.5166,0,2547.7197,1743.503,0,0,0,0,0,0,0,1895.2157,0,2194.9097,2712.4736,2602.547,0,0,2799.7996,0,0,0,0,2807.162,0,0,
609,67.00015796798608,52.645535,,,,,,,,,,,0,1055.4138,0,0,0,0,1255.105,0,2682.1343,0,0,0,0,2103.763,0,1661.016,1305.9628,1067.3174,0,0,0,0,0,0,0,0,0,0,1530.3505,0,2599.6782,2063.4001,0,0,1671.0265,1416.0807,0,1381.0464,1676.5328,1651.5192,0,0,0,0,0,0,0,1653.5476,3281.3044,0,0,0,0,2566.665,0,1232.9376,0,
1432,67.00047564126591,53.48845,,,,,,,,,,,2481.1477,1050.2258,2621.434,1485.8722,2075.425,0,1439.0612,2579.2253,0,0,2883.0674,520.7104,0,0,2178.839,0,1406.6378,1249.7731,2984.9597,0,2698.9172,2458.9905,0,2636.114,2172.8445,2382.6982,3148.833,2993.6,2144.1187,2603.8816,0,2194.1948,3955.307,2746.3203,1916.2706,1615.9111,2190.4583,1502.488,1895.8568,2302.4983,0,2876.5547,2152.388,2767.9565,2885.901,2541.7886,2753.6992,0,0,2696.6145,0,0,4733.503,0,2940.1055,1248.8418,3780.7842,
95,67.00085790234003,50.201664,,,,,,,,,,,0,0,0,0,0,0,0,0,3733.0476,0,0,0,0,0,0,0,0,0,0,0,0,0,0,0,0,0,0,0,0,0,0,0,0,0,0,0,0,0,0,0,0,0,0,0,0,0,0,0,4375.364,0,0,0,0,3877.8242,0,0,0,
973,67.0015211088591,53.108337,,,,,,,,,,,0,0,0,0,0,4205.8335,0,0,0,0,0,0,0,0,0,0,0,0,2435.9053,0,0,0,0,0,0,0,0,0,0,0,0,0,0,0,0,0,2094.0115,0,0,0,0,0,0,0,0,0,0,0,0,0,0,0,0,0,0,0,0,
196,67.00252628371342,50.48812,,,,,,,,,,,0,0,0,0,0,0,2124.507,0,0,0,0,0,0,0,0,0,1324.474,0,0,0,0,0,0,0,2059.8132,0,0,0,1985.6329,0,0,0,0,2768.0706,0,0,0,0,0,2031.1052,0,0,0,0,0,0,2493.7593,0,0,0,0,0,0,0,0,1902.189,0,
6,67.00364659689771,49.647,,,,,,,,,,,0,0,0,0,0,0,0,0,2400.1255,0,0,0,0,0,0,0,0,0,0,0,0,0,0,0,0,0,0,0,1595.1628,0,0,0,0,0,0,0,0,0,0,1650.0857,0,0,1770.9133,0,0,0,0,0,0,0,0,0,0,2555.604,0,0,0,
1658,67.00598756701336,53.701,,,,,,,,,,,0,0,1848.099,0,0,0,0,0,0,0,0,0,0,2400.9458,0,2203.4202,0,0,0,0,0,0,0,0,0,0,0,0,0,0,0,0,0,0,0,0,0,0,1646.5819,0,0,0,0,0,2279.7014,0,0,0,0,0,0,0,0,0,0,0,0,
120,68.00422927670414,50.20375,,,,,,,,,,,0,0,0,0,0,0,623.81793,0,2752.111,0,0,0,0,0,0,0,0,0,0,0,0,0,0,0,0,0,0,0,0,0,0,0,0,0,0,0,0,0,0,0,0,0,0,0,0,0,0,0,3290.8108,0,0,0,0,2894.1572,0,0,0,
5,68.0050007064435,49.646427,,,,,,,,,,,0,0,0,0,0,0,0,0,1264.5616,0,0,0,0,0,790.0912,0,0,0,0,0,0,0,0,0,0,0,0,0,886.5322,0,0,0,0,0,0,0,0,0,0,925.67865,0,0,858.6466,0,0,0,0,0,1216.7639,0,0,0,0,1262.1436,0,0,0,
1250,68.00690399618487,53.356174,,,,,,,,,,,950.02094,0,903.1873,0,0,0,0,1096.1173,0,1235.73,1012.3115,0,0,0,0,0,0,0,1187.459,0,0,1027.2723,0,1145.9984,929.5871,0,0,0,0,0,0,961.65674,0,1122.4937,0,0,0,0,0,0,0,0,793.6963,0,940.102,1057.3092,0,793.16473,0,1242.353,0,0,0,0,1127.7725,0,0,
1045,68.00766054916996,53.134285,,,,,,,,,,,0,0,0,0,0,1563.3625,622.9549,0,0,1228.306,0,0,0,0,765.3815,0,0,0,0,0,0,0,0,0,0,0,0,1195.731,0,0,0,0,0,0,0,0,971.1919,0,0,0,0,0,0,0,0,0,0,0,0,0,0,0,1810.8179,0,0,0,0,
40,68.00957931629206,49.95,,,,,,,,,,,0,0,0,0,0,0,0,0,0,0,0,0,0,1086.6813,0,1012.0079,0,0,0,0,0,0,0,0,0,0,0,0,0,0,0,1021.5858,0,0,0,0,0,0,0,0,0,0,0,0,0,0,0,0,0,0,0,0,0,0,0,0,0,
1641,68.01000246197589,53.697502,,,,,,,,,,,0,0,935.39685,0,0,0,0,0,0,0,986.68256,0,0,1201.4633,0,1189.7097,630.42334,0,0,0,0,0,0,0,0,0,0,0,0,0,0,0,0,0,0,0,0,0,772.9016,0,0,0,0,0,1086.3478,0,0,0,0,0,0,0,0,0,0,0,1416.186,
1451,68.01005925364983,53.499374,,,,,,,,,,,0,0,983.9575,0,0,0,0,0,0,0,953.7999,0,0,0,795.54395,0,0,0,1085.1187,0,0,973.1592,0,0,0,0,0,0,746.40533,0,0,0,0,0,0,0,0,0,0,0,0,0,798.34454,0,1022.5737,0,0,0,0,0,0,0,0,0,0,0,0,
854,68.01006073953677,52.93417,,,,,,,,,,,0,0,0,718.97845,0,0,0,0,0,0,0,0,0,0,0,0,689.2295,0,0,0,0,0,0,0,0,0,0,0,0,0,0,0,1528.1514,0,0,707.6427,1084.6407,674.77185,0,0,892.0817,1302.489,0,1246.2406,0,0,0,0,0,0,0,1138.3707,1958.2838,0,0,0,1408.0209,
201,68.01083145610663,50.488888,,,,,,,,,,,0,0,0,0,0,0,1122.8539,0,0,0,0,0,0,0,0,0,604.8408,0,0,0,0,0,0,0,920.4171,0,0,0,960.2363,0,0,0,0,1352.19,0,0,0,0,779.9807,1038.6744,0,0,0,0,0,0,1244.54,0,0,0,0,0,0,0,0,899.4668,0,
486,68.01132151375059,52.396667,,,,,,,,,,,0,0,0,0,0,0,0,0,0,0,0,0,0,1163.3427,0,1081.2472,0,0,0,0,0,0,0,0,0,0,0,0,0,0,1263.0951,0,0,0,0,0,0,0,0,0,0,0,0,0,0,0,0,0,0,0,0,0,0,0,0,0,0,
82,68.01163878640664,50.062637,,,,,,,,,,,0,0,0,820.84863,0,0,1180.8015,1968.2665,1525.5603,0,0,0,2045.5449,1170.948,0,1140.9634,787.0647,0,0,1472.5247,0,0,1751.1798,0,1820.3577,1497.0497,1684.4769,2038.783,1312.2736,1696.7454,1188.7614,0,1541.5299,2561.1465,1349.5361,835.89246,1081.1566,847.3727,0,1311.421,829.3122,1371.1556,0,1217.6655,0,0,2690.0742,1294.0657,1641.6669,0,1546.5917,0,0,1611.7999,0,1291.6433,1501.3253,
606,68.01194782587206,52.64524,,,,,,,,,,,0,0,915.8882,721.4024,0,1605.3969,623.4106,0,1442.5492,0,960.9166,0,1110.664,998.1043,0,0,0,0,1098.7672,0,0,0,0,0,0,0,1218.337,1345.4249,0,1269.0396,1348.4989,0,1495.9215,0,828.97516,0,0,0,793.30237,793.1981,0,0,0,0,956.94244,0,1245.7434,0,1968.9719,0,0,0,0,1439.7944,0,0,0,
539,68.012143054506,52.48687,,,,,,,,,,,0,0,0,0,839.78296,0,0,1144.0382,0,0,0,0,1271.1987,0,0,0,0,0,0,1292.8977,0,0,0,0,1016.9631,1258.8486,1279.5077,1252.0739,760.41516,0,0,0,0,1573.5024,1006.65674,0,0,0,0,805.31415,0,0,0,0,0,0,1594.8833,971.6816,0,0,1390.2145,0,0,0,0,625.09875,0,
922,68.01229903835032,53.013336,,,,,,,,,,,987.78094,0,0,0,0,0,0,0,0,0,0,0,0,0,0,0,0,0,0,0,0,991.69434,1552.0654,0,0,0,0,0,0,0,0,0,0,0,0,0,0,0,0,0,0,0,0,0,0,992.8679,0,0,0,0,1372.1017,0,1808.9406,0,0,0,0,
686,68.01326707572737,52.82289,,,,,,,,,,,965.10657,0,0,0,1004.7601,0,850.2017,1198.8868,0,0,948.6345,0,0,0,840.50635,0,0,0,0,1140.4044,844.527,1031.1599,0,0,968.84735,1131.8274,1257.1913,1291.6548,905.6777,0,0,0,1473.5083,1358.3031,827.696,696.6744,978.3161,637.3642,758.3243,953.21967,0,0,845.8388,0,965.66425,1019.9222,1238.3148,856.0415,0,0,0,0,1862.7192,0,1134.8829,716.98724,1478.6879,
277,68.01515504242906,51.22625,,,,,,,,,,,0,0,0,0,0,0,0,0,0,0,0,0,0,1244.1161,0,1202.8169,0,0,0,0,0,0,0,0,0,0,0,0,0,0,1207.6368,1005.14545,0,0,0,0,0,0,0,0,0,0,0,0,0,0,0,0,0,0,0,0,0,0,0,0,0,
237,68.9999643761178,50.858334,,,,,,,,,,,0,0,0,0,0,0,0,2918.4204,3598.8042,0,2403.241,0,0,0,0,0,0,0,0,0,0,0,0,2934.809,2725.2395,0,0,0,0,0,0,2397.3567,0,3217.3445,0,0,0,0,0,0,0,0,0,0,0,0,3595.6365,0,4549.7554,2816.4375,0,0,0,3786.0537,2667.7515,0,0,
600,69.00481356626197,52.644997,,,,,,,,,,,0,0,0,0,0,3344.8572,0,0,3524.7407,0,0,0,0,0,0,0,0,0,0,0,0,0,0,0,0,0,0,0,0,0,2911.208,0,0,0,0,0,0,0,0,0,0,0,0,0,0,0,0,0,4253.5156,0,0,0,0,3559.62,0,0,0,
231,69.00488565027193,50.716663,,,,,,,,,,,0,0,0,0,0,0,1848.3063,0,0,0,0,0,0,0,0,0,0,0,3137.7366,0,0,0,0,0,0,0,0,0,0,0,0,0,0,0,0,0,0,0,2562.3137,0,0,0,0,0,0,0,0,0,0,0,0,0,0,0,0,0,0,
487,69.00512455318375,52.396667,,,,,,,,,,,0,0,0,0,0,0,0,0,0,0,0,0,0,3245.7808,0,3026.266,0,0,0,0,0,0,0,0,0,0,0,0,0,0,3368.4182,0,0,0,0,0,0,0,0,0,0,0,0,0,0,0,0,0,0,0,0,0,0,0,0,0,0,
1645,69.0057403873041,53.69917,,,,,,,,,,,0,0,2364.6665,0,0,0,0,0,0,0,2391.544,0,0,3089.003,0,2917.9736,0,0,0,0,0,0,0,0,0,0,0,0,0,0,0,0,0,0,0,0,0,0,1963.7538,0,0,0,0,0,2652.6953,0,0,0,0,0,0,0,0,0,0,0,0,
169,69.0071110690297,50.48553,,,,,,,,,,,0,1614.3818,0,0,2814.3472,0,7625.363,5116.634,3271.1833,0,2538.8804,0,0,0,2352.761,2445.6821,3407.794,1769.5554,0,0,2303.335,0,0,3139.5432,4659.7246,3476.2795,4391.7256,4820.1973,5428.7534,0,0,3018.0823,5279.991,7846.9956,2871.4915,3525.1816,3931.0508,2451.6846,3500.6296,5669.7124,0,2991.2559,2203.5728,3656.4385,2967.1929,0,6220.8994,3550.3533,0,0,0,0,6344.455,3114.7634,2809.8223,6239.712,6676.096,
923,69.00722871845741,53.013508,,,,,,,,,,,2512.254,1323.3318,2309.2263,0,2156.457,3778.3296,0,0,0,2997.5776,0,0,0,0,2076.5325,0,0,1461.3641,2765.697,0,0,2463.1853,3808.5566,2807.7979,0,0,0,0,0,0,0,0,0,0,0,0,0,0,1996.7051,0,2123.4648,0,2290.6694,0,0,2657.085,0,0,0,2732.5908,3257.74,2974.9666,0,0,2762.5813,0,0,
525,69.00730842148165,52.48375,,,,,,,,,,,0,0,0,0,0,0,0,2900.3394,0,0,0,0,3277.3088,0,0,0,0,0,0,3010.924,0,0,0,0,2532.0732,2897.8513,0,3011.1929,0,0,0,0,0,3752.9365,2327.6306,0,0,0,0,0,0,0,0,0,0,0,4028.3174,2622.4348,0,0,3302.61,0,0,0,0,1735.5548,0,
703,69.0082201572111,52.82458,,,,,,,,,,,3033.8074,1992.6404,0,1842.9702,4269.1357,3407.7197,4703.717,4380.908,0,3684.6743,2725.8967,0,2830.1726,2596.7654,2869.319,2436.9766,2675.9592,2029.2272,0,3422.456,2991.4253,3539.401,4108.9116,3147.0874,3856.8157,4044.4082,4447.037,4444.2153,4328.318,3038.136,0,2682.6555,4324.1797,5947.388,3008.529,2886.4927,3481.292,2197.059,2295.079,4675.657,0,3229.0764,2694.3674,3521.544,2868.5745,2384.0576,4986.3994,3824.844,0,2875.1448,3539.1997,2774.6738,5458.8037,0,3707.17,3865.66,4879.895,
73,69.00877351565198,50.057976,,,,,,,,,,,0,0,0,2465.157,0,0,2887.0962,4696.209,3959.468,0,0,0,4900.799,5220.4497,0,5096.0527,2409.0027,0,0,3493.0627,0,0,4016.66,3110.5085,4252.682,3505.165,4169.5264,4847.049,3104.0635,4043.4414,4983.5063,2756.238,3892.84,6380.2896,3101.8362,2378.9365,3072.1565,2258.6072,0,3312.4724,2275.133,3470.3628,0,3267.3098,0,0,6661.1597,3376.5217,4202.494,3056.4805,3579.5498,0,0,3876.882,0,3080.5664,3881.06,
25,69.00923085720176,49.651157,,,,,,,,,,,0,1286.2684,0,0,0,0,0,0,4139.7515,0,0,0,0,0,2262.0764,0,0,1487.0203,0,0,0,0,0,0,0,2534.3806,0,0,2345.4482,0,0,0,0,0,2129.0647,0,0,0,2017.7368,2695.4934,0,0,2430.8755,0,2456.0508,0,0,0,3753.253,0,0,0,0,4149.232,0,0,0,
1425,69.00950968684465,53.48686,,,,,,,,,,,2799.8083,1715.149,4249.265,2282.6125,2582.3474,3963.6323,2427.7183,3115.6943,0,3173.2534,4273.9453,744.7944,3257.5466,2617.7358,2839.2273,0,2176.6875,1857.0997,0,3010.102,0,2888.5596,4036.6887,3172.5586,2785.2524,2977.2998,4695.304,4020.8752,3676.604,3621.5256,2754.8816,2569.8792,5428.7207,3562.7803,2580.5325,2181.6565,2894.5793,2110.9536,2815.655,3891.0088,2567.4014,3624.5928,2863.1501,3217.13,4350.7534,2971.003,3626.6655,3083.6191,0,3012.7966,3503.9587,3324.8167,5831.9775,0,3407.0105,2026.7878,5593.791,
795,69.01240204830141,52.91392,,,,,,,,,,,0,0,2413.9463,2342.562,0,0,0,0,0,2761.4858,0,0,0,0,0,0,2613.171,0,0,0,0,0,0,0,0,0,0,0,0,0,0,0,4338.1313,0,0,2653.6516,3290.4338,2312.1426,0,0,2794.1167,3876.5989,0,3779.966,0,2288.9695,0,0,0,0,0,0,4985.758,0,0,0,4299.2505,
96,69.01261342737628,50.201664,,,,,,,,,,,0,0,0,0,0,0,0,0,5583.6895,0,0,0,0,0,0,0,0,0,0,0,0,0,0,0,0,0,0,0,0,0,0,0,0,0,0,0,0,0,0,0,0,0,0,0,0,0,0,0,6502.3022,0,0,0,0,5744.39,0,0,0,
286,69.01284576763331,51.245716,,,,,,,,,,,0,0,0,1896.4818,0,0,0,0,0,0,0,0,0,4131.802,0,4157.497,1860.2726,0,0,0,0,0,0,0,0,0,0,0,0,0,4034.9824,2449.545,0,0,0,0,0,1727.8447,0,0,0,0,0,0,0,0,0,0,0,0,0,0,0,0,0,0,0,
1195,70.02198762727083,53.321667,,,,,,,,,,,0,0,0,0,0,0,0,0,0,0,0,0,0,0,0,0,0,0,890.88916,0,0,0,0,0,0,0,0,0,0,0,0,0,0,0,0,0,0,0,694.4508,0,0,0,0,0,0,738.2864,0,0,0,0,0,0,0,0,0,0,0,
123,70.0252735398659,50.205,,,,,,,,,,,0,0,0,0,0,0,0,0,2243.943,0,0,0,0,0,0,0,0,0,0,0,0,0,0,0,0,0,0,0,0,0,0,0,0,0,0,0,0,0,0,0,0,0,0,0,0,0,0,0,2689.9873,0,0,0,0,2267.8438,0,0,0,
232,70.03002395936194,50.755,,,,,,,,,,,0,0,0,0,0,0,663.3236,0,0,0,0,0,0,1202.3854,0,1173.9219,0,0,0,0,0,0,0,1051.2034,0,0,0,0,0,0,1119.5328,922.5443,0,0,0,0,0,0,0,0,0,0,0,0,0,0,0,0,0,1034.664,0,0,0,0,0,0,0,
536,70.03020882983665,52.48568,,,,,,,,,,,0,0,0,0,715.0062,0,0,1022.45764,0,889.18896,0,0,1370.5878,0,0,0,0,0,0,1236.7117,0,790.47534,1382.3053,0,1057.0049,1190.6008,1163.8535,1181.0657,816.74304,1064.0703,0,0,0,1579.2533,884.25726,0,0,0,0,875.5044,0,1033.4167,0,0,723.3835,0,1567.8732,964.5881,0,0,1262.173,0,0,0,0,668.2004,0,
1644,70.03116300476577,53.698997,,,,,,,,,,,0,0,895.6574,0,0,0,0,0,0,0,844.5224,0,0,0,0,984.7329,0,0,0,0,0,0,0,0,0,0,0,0,0,0,0,0,0,0,0,0,0,0,717.27234,0,0,0,0,0,844.13043,0,0,0,0,0,0,0,0,0,0,0,0,
614,70.0319916053706,52.646584,,,,,,,,,,,0,0,924.2942,0,0,1145.8179,0,0,1319.526,0,827.76135,0,1024.9117,0,0,0,0,0,930.04706,895.52106,0,0,1057.0337,0,0,0,1120.3632,1122.1072,0,1010.8571,1118.8104,0,0,0,686.4083,0,0,0,719.78033,0,0,0,0,0,0,748.4299,0,675.9673,1663.3867,0,959.21313,0,0,1257.7173,0,0,0,
243,70.03268255730403,50.9075,,,,,,,,,,,0,0,0,0,0,0,0,0,0,0,0,0,0,0,0,0,906.9961,0,0,0,0,0,0,0,0,0,0,0,0,0,0,0,0,0,0,864.187,1089.6803,704.77637,0,0,0,0,0,0,0,0,0,0,0,0,0,0,0,0,0,0,0,
1456,70.03398708986006,53.505863,,,,,,,,,,,702.0562,418.52435,958.2435,0,0,0,0,0,0,831.79767,850.69824,0,0,1212.5365,646.3122,1166.799,0,563.75024,923.70874,0,0,739.4946,0,0,0,0,0,0,0,0,1163.0879,0,0,0,0,0,0,0,696.89703,902.5106,783.5201,0,712.2109,0,794.33276,745.45996,0,0,0,1019.1461,0,886.9255,1335.2946,0,844.6058,0,1249.0549,
1079,70.03458301809603,53.166668,,,,,,,,,,,0,436.2517,0,0,0,0,660.1046,0,0,0,0,0,0,0,0,0,0,0,0,0,0,731.91797,0,0,0,851.26117,0,0,0,0,0,0,0,0,0,733.4443,995.8954,0,0,0,0,0,0,0,0,0,0,0,0,0,0,0,0,0,0,0,0,
727,70.035792234938,52.827255,,,,,,,,,,,824.187,577.82086,0,0,1109.5656,996.4387,1198.2778,1159.9254,0,979.1252,849.50836,0,921.1582,0,762.9464,0,826.95917,569.5185,0,1055.1572,849.82446,951.3344,1133.5237,1026.2024,1094.4675,1099.1475,1374.8954,1330.0425,1230.9595,0,0,926.42596,1438.1079,1561.134,842.68097,870.6025,1001.80023,723.8457,769.01306,1339.1866,0,1054.4165,783.41486,1056.6616,865.74994,779.7702,1390.5476,1041.984,0,0,1047.2988,881.52405,1512.4138,0,1066.4943,1068.4835,1494.269,
13,70.03659449436336,49.647854,,,,,,,,,,,0,0,0,0,0,0,0,0,1085.2157,0,0,0,0,0,686.7901,0,0,0,0,0,0,0,0,0,0,0,0,0,843.3658,0,0,0,0,0,0,0,0,0,687.6888,0,0,0,715.0373,0,765.5263,0,0,0,0,0,0,0,0,1137.648,0,0,0,
164,70.03753078043951,50.48484,,,,,,,,,,,0,501.8689,0,0,790.4714,0,1836.8094,1371.2289,1054.9205,0,778.7859,0,0,0,661.7231,0,1000.99475,522.2825,0,0,0,0,0,1076.3386,1264.7407,952.74536,1264.7927,1352.0945,1479.6211,0,0,991.4083,1573.593,1904.4469,799.9506,977.50995,1115.0984,805.5165,1010.8163,1516.8529,0,0,676.23016,1066.5182,863.2857,0,1515.4423,956.2213,0,0,0,0,1714.9102,996.01764,0,1497.4937,1806.1866,
67,70.03922073955222,50.05563,,,,,,,,,,,0,0,0,1312.5077,779.8575,0,1352.3429,2139.5066,1678.6398,0,0,0,2474.3188,3341.7263,0,3427.2632,1361.122,0,0,1563.967,0,837.5953,1837.7012,1653.4681,2010.0052,1630.6868,1853.7742,2273.33,1484.963,1945.1406,3157.97,1537.5848,1974.4952,2866.8774,1479.2223,1182.1549,1517.7218,1226.5975,0,1537.5214,1228.5564,1773.2579,0,1720.3201,0,0,3025.5364,1445.3861,1792.6279,1608.9591,1642.7329,0,1935.8005,1729.4609,0,1449.9016,1951.3834,
314,70.04145422512467,51.257736,,,,,,,,,,,0,0,0,977.57697,0,0,0,0,0,0,0,0,0,2552.0981,672.24744,2463.0579,903.30304,491.57373,0,0,0,0,0,1289.5223,0,0,0,0,0,0,2436.0903,1112.5172,1454.503,0,0,933.5113,1106.7777,879.57336,0,0,885.1432,1333.1292,681.59924,1186.6914,0,0,1111.5375,0,0,1354.5829,0,0,1420.4015,0,850.1896,0,1460.9581,
461,70.04163288731871,52.39409,,,,,,,,,,,0,0,0,787.69403,0,0,0,0,0,0,0,0,0,1650.8905,0,1644.3298,717.41516,0,0,0,0,0,0,1092.3318,0,0,0,0,0,0,1645.3018,891.3766,0,0,0,768.73425,0,735.0147,0,0,756.3413,0,0,0,0,0,0,0,0,1070.8958,0,0,0,0,0,0,0,
274,71.04032701768767,51.164165,,,,,,,,,,,0,0,0,0,0,0,0,0,0,0,0,0,0,0,0,0,0,0,0,0,1611.0859,0,0,0,1944.4816,0,0,0,0,0,0,0,0,0,0,0,0,0,0,0,0,0,0,0,1830.4344,1665.3433,0,0,2778.723,0,0,0,0,0,2005.1327,0,0,
1637,71.04055614200936,53.694996,,,,,,,,,,,0,0,1944.8954,0,0,0,0,0,0,0,1929.7375,0,0,0,0,0,0,0,0,0,0,0,0,0,0,0,0,0,0,0,0,0,0,0,0,0,0,0,0,0,0,0,0,0,2178.5972,0,0,0,0,0,0,0,0,0,0,0,0,
586,71.04104545042894,52.64297,,,,,,,,,,,0,1075.768,2047.1105,0,0,2634.747,1562.6218,0,3604.5852,0,2019.0049,0,2104.052,0,0,0,0,0,2398.5894,1986.1259,0,0,2458.062,0,0,1901.3478,2530.303,2669.2458,1790.5747,2486.5408,2898.848,0,0,2254.3384,1744.9199,0,0,0,1815.5878,1969.8523,0,0,0,0,2011.6335,1588.1095,2451.9988,0,4537.006,0,2274.7349,0,0,3768.357,1934.8352,0,0,
910,71.04207918035027,53.006073,,,,,,,,,,,0,1092.896,0,0,1514.1265,2367.458,0,0,0,2015.3164,0,0,0,0,1648.1559,0,0,1174.5044,0,0,0,1747.3586,2319.1707,0,0,0,0,0,0,0,0,0,0,0,0,0,0,0,1596.8533,0,0,0,1738.593,0,0,1799.8372,0,0,0,0,2071.4675,2077.699,0,0,1998.5979,0,0,
790,71.04333888897254,52.9135,,,,,,,,,,,0,0,1945.8486,1900.7954,0,0,0,0,0,0,0,0,0,0,0,0,0,0,0,0,0,0,0,0,0,0,0,0,0,0,0,0,3398.761,0,0,2050.8032,2501.063,1910.5731,0,0,1984.0402,2866.9236,0,2636.8977,0,0,0,0,0,0,0,0,0,0,0,0,3432.628,
535,71.04350215861152,52.485466,,,,,,,,,,,0,0,0,0,1544.1592,0,1374.2795,2464.8274,0,1809.8362,0,0,2545.935,0,0,0,0,0,0,2577.277,0,1753.3713,2732.0847,0,2237.9736,2439.7964,2477.6536,2387.0674,1651.4017,2231.8103,0,0,0,3059.4697,2033.8186,0,0,0,0,1855.2131,0,0,0,0,0,0,3302.9087,2175.9583,0,0,2517.671,0,0,0,0,1508.2723,0,
32,71.04409299558779,49.65881,,,,,,,,,,,1748.9386,1140.7198,0,0,0,0,0,0,3524.2583,0,0,0,0,3162.116,1840.4937,3180.0627,0,1287.0804,0,2100.9624,0,0,0,2713.192,0,2032.1693,2674.0327,0,1988.7224,0,2868.5244,2499.3193,0,2533.7559,1715.8159,0,0,0,1670.489,2165.3623,0,0,2072.8594,0,1965.9924,0,2445.078,0,3163.7407,2730.378,0,0,0,3504.2632,1905.7117,0,0,
105,71.04463722751888,50.2025,,,,,,,,,,,0,0,0,0,0,0,0,0,6363.2964,0,0,0,0,0,0,0,0,0,0,0,0,0,0,0,0,0,0,2368.3604,0,0,0,0,0,0,0,0,0,0,0,0,0,0,0,0,0,0,0,0,7472.1655,0,0,0,0,6546.4062,0,0,0,
715,71.04489637976916,52.825478,,,,,,,,,,,2274.5835,1796.423,1951.9811,1762.1566,3460.5107,2343.7544,4305.9917,3783.887,2516.9702,2800.7605,2378.116,0,2322.8833,0,2382.237,0,2523.2253,1788.2197,2198.9663,2737.6628,2627.0396,2995.0435,3003.9817,2799.0444,3364.1665,3473.1426,3822.976,3587.9954,3914.4058,2432.7646,0,2493.9863,3856.6047,5060.203,2659.8518,2676.9363,3161.996,2045.3893,2020.4999,4137.1807,0,2745.0784,2287.297,3031.5034,2579.2354,1793.0752,4334.0586,3376.8147,2781.709,0,2583.7173,2276.3745,4343.0635,2465.5544,2996.2893,3700.6213,4383.42,
475,71.04551552096503,52.395256,,,,,,,,,,,0,1305.1134,0,3087.37,0,0,0,0,0,0,2091.9968,0,0,10098.87,0,10064.1,3110.144,1712.0261,0,0,0,0,0,4307.0737,0,0,0,0,0,0,9605.938,3991.8342,4635.005,0,0,3279.6848,3612.4927,2809.2234,0,0,2776.059,4079.7349,0,4034.9963,0,0,0,0,0,4369.4517,0,0,4489.4395,0,0,0,4552.9556,
186,71.04554501111939,50.486965,,,,,,,,,,,0,1402.5887,0,0,2180.159,0,6251.3843,4362.4365,2725.0125,0,2157.6702,0,0,0,1851.4736,0,3019.0464,1605.0343,0,2093.0176,1864.3704,1817.002,2267.005,2735.0674,3770.4355,2755.83,3392.0608,3889.4048,4366.5444,0,0,2797.132,4530.2515,6281.7964,2370.6921,3107.4622,3306.616,2113.6519,2954.4587,4594.2896,0,0,1735.0242,2975.9614,2429.571,0,5077.2983,2916.814,0,0,0,0,5236.3506,2609.0452,2124.2722,5326.5493,5502.058,
64,71.04706142181206,50.05093,,,,,,,,,,,0,0,0,5633.603,0,0,2311.101,3809.611,3098.2717,0,0,0,4227.2095,23815.576,0,24491.984,6912.748,0,0,2848.1948,0,0,3202.9072,9126.061,3581.7673,2815.509,3219.4893,3977.1804,2565.346,3362.6702,22070.59,8589.307,8610.06,5215.771,2648.1802,6541.78,7305.8506,5994.0825,0,2746.734,5261.152,7627.9272,0,8076.127,0,0,5212.9565,2804.57,3371.0876,8909.681,2852.4646,0,8373.424,3249.3184,0,2745.0437,8710.109,
299,71.04715699508232,51.24763,,,,,,,,,,,0,0,0,4244.5938,0,0,0,0,0,0,1970.4979,0,0,16851.674,0,16680.72,4631.498,1611.2521,0,0,0,0,0,6297.5635,0,0,0,0,0,0,15497.871,5653.8276,6180.1885,0,0,4377.393,4999.5654,4137.3423,0,0,3891.493,5406.555,0,5421.555,0,0,0,0,0,6080.593,0,0,5894.5317,0,0,0,6131.015,
1488,71.04722408185391,53.54175,,,,,,,,,,,0,1090.4868,0,2350.7644,0,0,0,0,0,0,2304.9158,611.47595,0,5540.742,0,5496.4316,0,1919.8463,0,0,0,0,0,3033.0608,0,0,0,0,0,0,5468.244,2724.1758,3464.1738,0,0,0,0,1807.1259,0,0,2016.8718,2921.4138,0,2671.5654,0,0,0,0,0,3032.9106,0,0,3546.3835,0,0,0,0,
131,72.0340522994086,50.219124,,,,,,,,,,,0,0,0,0,0,0,431.70514,0,1669.5724,0,437.9222,0,0,0,0,0,0,0,438.4884,0,0,0,0,460.56555,0,0,560.8418,634.7551,509.38184,544.33575,0,0,0,0,0,0,431.30402,0,417.7522,484.10135,0,0,0,480.3426,438.8856,0,510.69272,0,1943.0468,0,0,0,0,1722.5548,0,0,0,
3,72.03546481779263,49.646004,,,,,,,,,,,0,0,0,0,0,0,0,0,558.65155,410.13077,0,0,0,0,0,0,0,0,0,0,0,0,0,0,0,0,0,0,0,0,0,0,0,0,0,0,0,0,0,0,0,0,0,0,405.27362,0,0,0,0,0,0,0,0,557.0873,406.8192,0,0,
348,72.0389030121356,51.50172,,,,,,,,,,,0,0,403.74045,0,0,481.98856,405.1033,437.54724,731.1805,0,627.50867,0,0,502.4057,0,456.51096,0,0,530.84015,0,0,0,472.58844,642.6172,0,0,805.97876,521.07355,672.08105,0,480.0546,531.2416,955.1033,561.5348,0,420.97482,472.28113,0,576.71497,709.04285,0,511.4959,0,530.12195,589.3795,0,510.65152,0,740.1886,638.76495,0,0,1071.0219,758.31445,448.16116,0,998.2324,
278,72.03979685483499,51.239437,,,,,,,,,,,0,0,525.94147,608.3642,0,592.6208,0,523.1919,591.0827,566.41876,524.7571,0,0,1309.9457,0,1206.3419,512.7705,0,518.1703,0,0,0,571.02124,736.17847,0,0,730.475,562.92285,558.03925,513.4282,1170.7294,617.76495,939.22784,0,0,538.91144,709.04285,538.7215,462.51944,585.6306,548.16376,855.9464,0,762.42334,485.2295,0,503.3014,0,748.5005,789.983,0,0,886.96826,651.27295,529.2808,0,953.7748,
1911,72.04250795331257,53.94,,,,,,,,,,,0,0,0,0,0,0,0,427.02222,0,0,0,0,0,0,0,0,0,0,0,0,0,0,0,0,0,0,0,0,0,0,0,0,712.71265,0,0,0,0,0,0,0,0,0,0,0,0,0,0,0,0,0,0,0,737.94574,0,0,0,702.033,
207,72.04306666310256,50.49,,,,,,,,,,,0,0,0,0,0,0,636.34357,516.0644,0,0,0,0,0,0,0,0,0,0,0,0,0,0,0,0,0,0,0,515.9856,529.8006,0,0,0,0,640.5116,0,0,0,0,0,498.0278,0,0,0,0,0,0,537.7532,0,0,0,0,0,0,0,0,0,668.4694,
704,72.04328892266942,52.82459,,,,,,,,,,,0,0,0,0,0,0,465.17422,477.84897,593.56946,416.96732,0,0,0,0,0,0,0,0,0,0,0,0,488.09708,0,0,0,0,0,477.04773,0,0,0,0,634.27295,0,0,0,0,0,530.8228,0,0,0,0,0,0,535.3207,0,714.47565,0,0,0,0,606.71985,438.82477,0,0,
58,72.04386038041939,50.037254,,,,,,,,,,,0,0,0,505.02124,0,0,0,0,0,0,0,0,0,1511.698,0,1594.6447,612.92413,0,0,0,0,0,0,674.12225,0,0,0,519.73126,0,0,1360.8964,619.09576,845.4815,519.29816,0,578.18604,608.1494,529.21216,0,0,464.78522,659.97974,0,699.748,0,0,552.8506,0,0,689.94574,0,0,749.9696,0,0,0,767.9693,
622,72.04574012821521,52.654423,,,,,,,,,,,0,0,402.6973,0,0,514.5002,455.7764,462.7813,728.6388,0,449.7388,0,0,497.22882,0,467.47336,0,0,474.98236,0,0,0,471.4531,461.47205,0,0,578.1566,603.82214,473.8578,551.19714,563.256,0,0,506.491,0,0,0,0,458.93036,482.10852,0,514.9542,0,0,428.45898,0,538.50836,0,991.79767,0,0,0,661.116,748.70026,411.49396,0,0,
457,72.04747591052957,52.39308,,,,,,,,,,,0,0,0,417.38705,0,0,0,0,0,0,0,0,0,744.91205,0,712.0824,0,0,0,0,0,0,0,539.0536,0,0,0,0,0,0,777.3161,478.5881,640.94507,0,0,0,445.14743,408.01373,0,0,0,546.05786,0,484.98822,0,0,0,0,0,576.08044,0,0,0,0,0,0,683.6087,
1480,72.05000305175781,53.54,,,,,,,,,,,0,0,0,0,0,0,0,0,0,0,0,0,0,542.1772,0,511.76233,0,0,0,0,0,0,0,0,0,0,0,0,0,0,581.9559,0,0,0,0,0,0,0,0,0,0,0,0,0,0,0,0,0,0,496.21283,0,0,0,0,0,0,0,
1953,73.00049636174037,53.96,,,,,,,,,,,0,10118.191,9316.724,0,0,0,0,11399.053,0,11399.404,0,0,0,12094.593,11786.523,0,0,0,11725.581,0,11627.654,11701.827,11510.627,12769.502,0,0,0,11648.66,11457.521,0,0,0,0,0,0,0,0,0,11605.047,0,8924.76,12136.343,10915.888,13134.48,0,0,0,0,11640.617,12036.399,0,11028.524,0,11849.976,0,10866.027,0,
155,74.00275999198406,50.483845,,,,,,,,,,,4045.9568,5202.014,1323.8868,3019.5547,8260.523,2319.4014,33324.984,18010.588,8072.2134,4263.538,6348.237,0,3024.4324,5115.3237,6374.1343,5914.324,11705.56,5629.274,4356.8843,5036.256,5717.9746,4950.599,6568.283,6108.6387,16045.001,9949.677,11425.801,14740.268,19559.324,4251.6187,2572.1003,7605.8325,15536.677,29954.518,8996.547,12735.93,12791.782,7091.4463,11495.951,21053.348,1597.8029,5813.2065,4992.868,9863.693,8290.9795,1859.8615,21239.734,12018.763,3833.5283,4442.444,4027.131,2531.0222,19655.959,7104.9883,6341.643,26220.03,22414.756,
702,74.0050394497752,52.82446,,,,,,,,,,,4618.6924,5202.962,1474.5718,2381.6145,11570.675,1651.2916,15937.846,10512.037,3111.321,6375.0933,4288.0825,0,2465.37,3604.979,5986.331,3927.1497,6861.2915,5118.587,2209.6536,5392.751,6715.036,7422.462,5231.4565,3379.7249,9449.622,9802.569,8637.997,9128.19,12281.51,3209.794,2274.3494,3899.1401,7168.129,16094.984,6794.434,7295.842,7729.39,4583.575,4409.748,13545.0205,1510.699,4266.202,5089.092,6539.6343,5179.304,2453.7476,11953.551,10810.635,2053.1638,2584.87,3667.0354,2896.9556,9045.824,2772.0364,7361.042,12746.49,9872.85,
358,74.00981460741464,51.689068,,,,,,,,,,,1350.5864,1373.339,0,0,1712.8414,0,2568.0789,1837.1085,1496.8169,1323.8695,1586.1952,0,0,1459.5773,1646.4126,1533.165,1599.8418,1379.6918,1354.1611,1320.1824,1499.555,1386.9069,1361.0859,1427.7499,1701.6133,1848.4786,1880.3419,2033.5044,2318.7195,0,0,1518.9163,1837.7183,3124.7336,1599.5034,1621.5361,1799.2281,1325.3154,2209.4985,2410.406,0,0,1393.9984,1645.1239,1969.2219,0,2572.7046,1925.0912,0,0,0,0,2090.51,1370.0261,1660.0569,1906.5289,2235.323,
1943,74.01196257555878,53.95903,,,,,,,,,,,0,1086.9176,0,969.61786,0,1183.2217,0,0,0,0,1177.3629,0,1041.7917,1347.4714,1270.1366,1338.7526,1402.4652,0,0,0,0,1279.2625,0,1424.0736,1268.1644,0,0,0,0,0,1325.7672,1386.5946,1474.9437,0,0,1307.8326,1327.9294,1359.1036,0,1313.6064,0,1339.1658,0,1387.5691,0,0,0,1271.5443,0,1367.4623,0,0,0,0,1322.2733,1187.6855,1634.1599,
1676,74.01211739924037,53.705,,,,,,,,,,,0,0,1016.6424,0,0,0,0,0,0,0,1137.5365,0,0,0,0,0,0,0,0,0,0,0,0,0,0,0,0,0,0,0,0,0,0,0,0,0,0,0,0,0,0,0,0,0,0,0,0,0,0,0,0,0,0,0,1288.0575,0,0,
97,74.03702098943141,50.201664,,,,,,,,,,,0,0,0,0,0,0,0,0,1549.4452,0,0,0,0,0,0,0,0,0,0,0,0,0,0,0,0,0,0,0,0,0,0,0,0,0,0,0,0,0,0,0,0,0,0,0,0,0,0,0,1755.1549,0,0,0,0,1552.6957,0,0,0,
325,74.9970504878339,51.3715,,,,,,,,,,,0,0,1546.5607,0,0,0,0,0,2865.6323,0,1755.0314,0,0,2890.74,0,3101.475,1617.779,0,0,0,0,0,0,0,0,0,0,0,0,0,0,0,0,0,0,1585.3109,0,0,2068.534,0,0,0,0,0,2133.8372,0,0,0,0,0,0,0,0,2910.6548,0,0,0,
1650,74.9993030043607,53.69999,,,,,,,,,,,0,0,2333.9553,0,0,1845.8379,0,0,0,0,2887.953,0,0,4369.203,1771.205,4558.7925,1856.3828,1284.6542,2170.7837,0,1813.1896,0,1844.8519,0,0,1679.0961,0,0,1688.3906,0,3009.4888,1785.2275,2363.7615,2042.6741,1690.2458,1866.3066,1964.3423,1793.8127,2474.4226,0,1248.2618,1929.58,1547.8774,2054.4377,3459.2776,1585.8533,0,0,0,1834.917,0,0,2512.3137,0,1925.2458,0,2634.9526,
566,75.00217644956845,52.640423,,,,,,,,,,,0,0,2784.3787,1727.0206,0,3625.9158,2309.7842,1839.6002,6932.585,1638.1321,2752.2292,0,2554.7957,3777.2761,0,3187.1309,0,0,3465.951,2118.8774,1776.3047,1657.9719,3115.1516,2603.8833,1697.5083,2291.2197,3184.6643,3891.2102,2331.212,3258.6558,4916.9546,2240.059,2727.777,2792.2588,2238.535,1541.0602,2169.3394,1840.4822,2571.031,2377.4116,1735.6185,2841.8335,0,2557.2083,2834.6404,1842.8794,3162.2576,2145.4973,9586.729,2671.099,2777.2742,0,2726.3308,7356.1284,2183.796,0,2700.0942,
1989,75.00274903003124,53.96125,,,,,,,,,,,1600.9879,0,0,0,1633.099,0,0,0,0,0,0,872.31647,0,0,0,0,0,0,0,0,0,0,0,0,1614.3955,0,0,0,0,0,0,0,0,0,0,0,0,0,0,0,0,0,0,0,0,0,0,0,0,0,0,0,0,0,0,0,0,
701,75.00292499499471,52.824436,,,,,,,,,,,3117.273,3057.6992,0,1772.1,6275.2764,1721.3606,8522.941,6026.59,2466.9333,3931.8381,3025.7666,0,1975.7931,2883.9646,3719.056,2766.4011,4046.351,3070.2727,2154.1,3456.9626,3988.357,4552.8955,3626.1138,2651.8633,5261.0024,5519.341,5242.7134,5527.693,6671.4854,2422.7627,2127.5452,2806.6062,4657.0454,8689.946,3930.1396,4144.5063,4561.3877,3109.4656,3064.952,7487.273,1462.9706,3064.1448,3255.2437,4044.3184,3443.0327,1955.2759,6903.1455,6043.8135,0,2255.051,2575.869,2274.559,5506.6694,2374.5127,4545.1836,6980.1997,5930.0557,
963,75.0031496337837,53.099163,,,,,,,,,,,0,0,0,0,0,2060.8965,0,0,0,0,0,0,0,0,0,0,0,0,2120.9824,0,0,0,0,0,0,0,2002.2096,0,0,0,0,0,2053.1804,0,0,0,0,0,0,0,0,0,0,0,0,0,0,0,2352.3354,1812.1948,0,0,0,0,0,0,0,
360,75.00329800202917,51.7,,,,,,,,,,,0,0,0,0,0,0,1876.5211,0,0,0,0,0,0,0,0,0,0,0,0,0,0,0,0,0,0,0,0,0,1822.2242,0,0,0,0,2248.6792,0,0,0,0,0,1773.0294,0,0,0,0,0,0,0,0,0,0,0,0,0,0,0,1516.8673,0,
161,75.00531688419126,50.484318,,,,,,,,,,,2206.2527,2614.0942,0,1754.4923,4034.697,0,14635.65,8312.415,4211.5312,2379.0842,3326.321,0,1791.1354,2787.6836,3259.9973,3128.9617,5506.0674,2904.005,2498.848,2707.1814,2967.9114,2699.491,3231.0132,3295.0667,7511.2407,4741.34,5572.0513,7000.431,8935.8,2517.0947,0,3937.754,7227.333,13236.585,4356.653,5869.0913,5825.172,3407.3044,5555.6636,9443.339,0,3115.7783,2784.4573,4684.9863,4104.6577,0,9600.867,5660.8765,2545.6423,2567.697,2438.3218,1607.2936,9120.046,3808.644,3314.3005,11603.665,10218.728,
94,75.00705085819094,50.200222,,,,,,,,,,,0,0,0,1401.2043,0,1864.9509,2529.9211,0,20882.45,0,0,0,2290.2683,2188.128,0,1930.2429,0,0,2177.3354,0,0,0,0,0,0,0,2295.7808,4229.814,1913.5011,3353.1736,2385.596,0,0,2943.6155,0,0,2000.6573,0,0,1916.6234,1389.9052,2473.6511,0,2405.1206,0,0,3348.6665,0,24762.85,0,1553.3772,0,0,22020.55,0,0,0,
734,76.01035593814242,52.829998,,,,,,,,,,,0,0,0,0,0,0,447.92285,0,0,0,0,0,0,0,0,0,0,0,0,0,0,0,0,0,0,0,0,0,422.60934,0,0,0,0,514.7333,0,0,0,0,0,431.5335,0,0,0,0,0,0,459.72803,0,0,0,0,0,0,0,0,408.22818,420.10364,
563,76.01131996358296,52.64,,,,,,,,,,,0,0,0,0,0,0,0,0,429.15985,0,0,0,0,0,0,0,0,0,0,0,0,0,0,0,0,0,0,0,0,0,0,0,0,0,0,0,0,0,0,0,0,0,0,0,0,0,0,0,461.169,0,0,0,0,441.73587,0,0,0,
1325,76.0147903565395,53.438335,,,,,,,,,,,0,0,0,0,0,573.8627,0,0,0,0,0,0,0,0,0,0,0,0,529.28046,0,0,0,0,0,0,0,0,0,0,0,0,0,0,0,0,0,0,0,475.6002,0,0,0,0,0,0,0,0,0,0,0,0,0,0,0,0,0,0,
90,76.02321618224384,50.2,,,,,,,,,,,0,0,0,0,0,0,0,0,866.03925,0,0,0,0,0,0,0,0,0,0,0,0,0,0,0,0,0,0,0,0,0,0,0,0,0,0,0,0,0,0,0,0,0,0,0,0,0,0,0,977.79926,0,0,0,0,848.86237,0,0,0,
205,76.02337505663095,50.489998,,,,,,,,,,,0,0,0,0,0,0,654.79535,0,0,0,0,0,0,0,0,0,0,0,0,0,0,0,0,0,0,0,0,0,479.0569,0,0,0,0,675.19415,0,0,0,0,0,501.8722,0,0,0,0,0,0,535.17816,0,0,0,0,0,507.85452,0,0,585.7967,555.2076,
1015,76.04114717536524,53.12,,,,,,,,,,,0,0,0,0,0,2149.4775,0,0,0,0,0,0,0,0,0,0,0,0,1775.4325,0,0,0,0,0,0,0,0,0,0,0,0,0,0,0,0,0,0,0,661.4286,0,0,0,0,0,0,0,0,0,0,550.864,0,0,0,0,0,0,0,
601,76.99489474791238,52.645,,,,,,,,,,,0,614.3266,0,0,0,0,0,0,0,0,0,0,0,0,0,0,0,0,0,0,0,0,0,0,0,0,0,0,0,0,0,0,0,0,0,0,0,0,0,0,0,0,0,0,0,0,0,0,0,0,0,0,0,983.74176,0,657.0641,0,
329,76.9984304562678,51.373497,,,,,,,,,,,0,0,0,0,0,0,0,0,1484.3762,0,1048.6725,0,0,1519.7559,0,1538.2203,827.49756,0,0,0,0,0,0,0,0,0,0,0,0,0,1025.4625,0,0,0,0,772.7133,0,0,0,0,0,0,0,0,1168.0415,0,0,0,1225.1465,0,0,0,0,1548.9445,0,0,0,
1681,77.00327049099401,53.706158,,,,,,,,,,,0,632.88556,1331.4155,740.0981,0,0,0,0,1041.6345,0,1570.8381,0,0,2125.6821,895.7336,2129.664,856.4769,599.1543,0,0,901.1952,0,0,1218.1013,839.1801,0,0,0,0,0,1477.336,0,1325.5743,1105.4259,861.88885,873.8604,1041.0428,935.85516,0,0,0,1143.218,0,1104.7689,1775.0739,887.9882,0,0,1082.746,1223.849,0,0,1376.8254,1072.0477,1060.8202,0,1376.1906,
1058,77.00356451684378,53.141895,,,,,,,,,,,896.1677,0,0,3124.6558,1147.1101,0,991.5309,956.7744,1044.7787,0,1873.4027,0,5267.2676,1447.7489,962.846,1078.1235,775.7411,0,0,2723.3577,961.09155,1901.7885,2037.847,5510.121,903.32007,2241.952,3479.695,3595.437,1562.917,4010.3733,2182.2876,0,1524.2141,2325.0007,1199.3563,0,1386.8274,1092.1847,0,1531.7183,3236.8718,3217.101,1131.5112,1752.273,1526.7019,1384.472,3679.4355,1166.6587,1268.2753,0,1888.4276,992.6319,1519.6868,1013.2749,1246.4825,0,1360.3984,
1385,77.00405375949448,53.476357,,,,,,,,,,,900.68945,570.61,1050.6055,0,893.50214,1864.0785,857.78094,971.4485,0,1053.4208,1058.4037,0,1109.3854,0,905.4034,0,754.07745,627.0876,1994.5714,940.58057,1079.2786,971.0183,1202.7917,0,889.5515,1005.92053,1379.7081,1245.2063,1065.5096,1152.3082,1020.2115,0,1399.6462,1366.0458,847.0902,771.64856,0,829.1249,1610.3234,1119.9915,841.7179,0,964.2409,0,1142.509,937.3602,1342.8173,974.439,0,0,1006.4338,1018.13794,1406.6349,0,1074.6554,706.92053,1458.8693,
880,77.00366029249318,53.001114,,,,,,,,,,,945.47534,0,0,0,861.8722,0,0,0,0,1008.58453,0,0,0,0,851.17847,0,0,0,0,0,0,0,1157.7863,0,0,0,0,0,0,0,0,0,0,0,0,0,0,0,0,0,0,0,840.1213,0,0,882.9621,0,0,0,0,988.3266,1021.0876,0,0,0,0,0,
805,77.0048842631542,52.914585,,,,,,,,,,,0,0,0,896.64594,0,0,0,0,0,0,0,0,0,0,0,0,1052.4956,0,0,0,0,0,0,0,0,0,0,0,0,0,0,0,1477.307,0,0,1070.369,1156.9055,977.22003,0,0,923.49005,1356.3815,0,1329.5122,0,0,0,0,0,0,950.2916,0,1613.4181,0,0,0,1532.219,
444,77.00561430829009,52.377792,,,,,,,,,,,0,0,1433.0261,1151.2675,0,5475.7896,1495.933,926.22784,1207.8755,0,1310.361,0,1478.5675,0,0,0,819.28766,0,5309.166,1047.1141,0,0,0,4272.5,0,1093.8375,2586.118,2425.7563,1977.2096,2201.602,0,3611.8608,0,1446.5691,0,776.34357,1086.24,929.5747,4067.5156,1969.7002,1180.3226,1513.965,0,1322.7993,1277.6084,0,1617.895,968.5914,1385.5496,4637.413,0,0,0,1220.917,0,660.8758,0,
1961,77.01342392772379,53.960003,,,,,,,,,,,888.3652,593.8683,0,0,0,0,0,0,0,0,0,0,0,0,0,0,0,638.9546,0,0,0,0,0,0,0,0,0,0,0,0,0,0,0,0,0,0,0,0,0,0,0,0,0,0,0,0,0,0,0,0,0,0,0,0,0,0,0,
1186,77.9959476056149,53.315002,,,,,,,,,,,0,0,0,0,0,0,0,0,0,0,0,0,0,0,0,564.6813,0,0,0,0,0,0,0,0,0,0,0,702.37134,0,0,650.86957,0,0,0,0,0,0,0,0,0,0,0,0,0,0,0,0,0,0,0,0,0,0,0,0,0,0,
1137,78.00109353295689,53.218334,,,,,,,,,,,0,0,0,0,600.6064,0,0,0,0,0,0,0,0,0,0,549.85095,0,0,0,0,0,0,0,0,0,0,0,0,570.50995,0,0,0,0,0,0,0,0,0,0,0,0,0,0,0,0,0,0,0,0,0,0,0,0,0,0,0,0,
1040,78.00677443360976,53.131493,,,,,,,,,,,0,0,897.29126,936.1252,0,0,0,630.3874,0,846.85455,708.10986,0,1338.8673,692.49756,0,0,0,0,7622.639,968.5613,0,757.76495,837.32135,1450.0906,554.6741,861.77637,1081.3279,1157.63,646.9993,1131.6918,802.58417,1076.9373,795.7172,794.6845,600.2334,0,708.184,566.1082,0,639.4322,1003.9918,1031.6571,0,788.8424,0,660.62634,1157.595,552.5858,680.50574,1889.9402,797.4351,0,858.1013,0,678.6087,0,0,
1873,78.0070125772117,53.876667,,,,,,,,,,,0,0,0,0,0,0,0,0,612.5557,0,0,0,0,0,0,0,0,0,0,0,0,0,0,0,0,0,0,0,0,0,0,0,0,0,0,0,0,505.95978,0,0,0,0,0,0,0,0,0,0,0,0,0,0,0,599.9925,0,0,0,
1946,78.00744207396734,53.959694,,,,,,,,,,,628.8568,0,0,0,0,0,0,0,0,0,631.85846,0,576.9549,0,590.627,586.0716,0,0,0,0,0,0,0,0,573.2324,0,0,0,0,0,0,0,797.7473,0,0,0,0,522.57697,0,571.7509,0,0,0,662.3942,629.5299,0,0,0,674.6437,752.7712,0,0,825.2145,603.70807,0,0,790.25464,
820,78.00893223111248,52.91566,,,,,,,,,,,601.81396,0,0,0,0,0,0,0,0,0,623.04083,0,0,0,588.68945,0,0,0,0,0,0,0,0,0,0,605.4626,0,0,0,0,0,0,798.5672,0,0,570.1847,685.8359,531.6126,0,0,536.9559,755.0981,0,755.40015,0,0,0,0,0,0,670.1282,651.0046,953.90454,0,0,0,815.4371,
1709,78.00916630852623,53.727493,,,,,,,,,,,0,0,587.79767,0,0,0,0,600.4132,588.17847,0,0,0,0,618.43445,0,612.5626,0,0,0,0,0,0,0,687.2324,0,0,0,0,0,0,0,0,0,0,0,547.5593,0,502.54102,0,0,0,688.1654,0,0,629.6829,0,0,0,0,0,0,0,0,600.57996,0,0,739.8555,
868,78.00978757377455,52.99,,,,,,,,,,,0,0,0,0,0,0,0,618.63324,0,0,0,0,0,0,0,0,0,0,0,0,591.3089,0,0,0,0,0,0,0,0,0,0,0,0,0,0,0,0,0,0,0,518.1399,0,0,0,0,0,0,0,0,0,0,0,0,0,0,0,0,
1438,78.0099767151805,53.490997,,,,,,,,,,,0,0,0,0,0,0,0,614.29584,0,678.1615,686.3413,0,0,0,574.8447,0,0,0,0,0,633.42957,629.5312,734.2867,0,587.97516,0,714.5306,0,602.0569,0,0,0,0,0,527.0157,0,0,0,0,579.4534,0,0,606.7895,0,631.08466,627.1177,679.0111,0,0,0,0,0,836.28046,616.0474,704.8271,0,784.3707,
435,78.01098665199918,52.370354,,,,,,,,,,,0,0,595.90485,512.2599,0,1442.8192,0,0,0,0,0,0,0,0,0,0,0,0,1237.0013,0,0,0,0,1194.7758,0,0,857.0778,803.1301,695.0742,765.8663,0,976.27,0,0,0,0,0,0,1075.9363,715.0876,0,0,0,0,0,0,0,0,0,1172.3273,0,0,0,612.4021,0,0,0,
1323,78.01943915852304,53.4375,,,,,,,,,,,0,0,0,479.09512,0,845.4335,0,0,0,0,0,0,596.34845,0,0,0,0,0,840.8823,0,0,0,0,0,0,0,0,0,0,0,0,0,0,0,0,0,0,0,0,0,0,0,0,0,0,0,0,551.06537,0,0,685.77344,0,0,0,0,0,0,
665,79.00508744111576,52.80786,,,,,,,,,,,0,0,0,0,1439.0304,0,0,0,1590.1693,0,0,0,0,0,0,0,0,0,0,0,0,0,0,0,1380.3282,1533.1769,0,0,0,0,0,0,0,0,0,0,0,0,0,0,0,0,0,0,0,0,1773.0177,0,0,0,0,0,0,1643.5527,0,875.69434,0,
378,79.00626690835912,51.958332,,,,,,,,,,,0,813.2903,0,0,0,0,891.62604,0,0,0,0,0,0,0,0,0,976.5217,0,0,0,0,0,0,0,0,0,0,0,1169.4299,0,0,0,0,0,0,0,0,0,0,1274.8447,0,0,0,0,0,0,0,0,0,0,0,0,0,0,0,953.7947,0,
1075,79.00722874905144,53.133503,,,,,,,,,,,0,0,1948.9889,1784.8287,1440.6361,0,907.8967,0,1650.6636,2375.413,1739.3203,0,3116.573,1468.4302,0,0,970.661,0,16402.639,2244.2393,0,1909.8784,2791.675,3374.7068,0,1900.1418,2623.464,2624.217,1260.4927,2604.655,2072.1624,2462.9866,2307.1985,2199.134,1266.9517,1049.2236,1729.24,1050.6986,5245.925,1335.0284,2151.3135,2759.7,1339.3805,2113.247,1609.5845,0,2564.2383,0,0,4252.404,2203.7124,0,2983.0173,1716.5796,0,0,0,
902,79.00697996779567,53.00438,,,,,,,,,,,1724.524,0,0,0,0,0,0,0,0,2053.4492,0,0,0,0,1388.5564,0,0,883.41907,0,0,1377.2543,0,2594.5093,0,0,0,0,0,0,0,1754.8983,0,0,0,0,0,0,0,0,0,0,0,1387.9314,0,0,0,0,0,0,0,0,0,0,0,0,0,0,
1422,79.00711749684885,53.48631,,,,,,,,,,,1958.3602,943.0419,2163.4329,1186.6349,1668.5587,2649.9172,1179.9431,2063.7563,0,2318.62,2474.7146,0,1776.3057,1526.0974,1722.0203,1184.1886,1149.758,1041.5767,0,1914.2566,0,1966.4319,2846.5293,2150.1926,1787.6074,1776.2554,2440.5015,2201.1396,1702.5956,1906.1124,1743.0686,1748.6643,2893.0557,2154.3145,1622.8336,1266.9219,1687.3446,1202.7499,1746.9379,1839.0154,1395.405,2256.2732,1857.542,2030.2573,2459.682,2154.8833,2163.4048,0,0,2153.305,2389.086,2152.8633,3502.8564,0,2341.756,1078.9307,2938.3809,
608,79.00739484704287,52.645363,,,,,,,,,,,0,977.6384,0,0,0,0,924.7594,0,1681.8993,0,0,0,0,0,0,1159.51,1034.6489,935.169,0,0,0,0,0,0,1372.3337,0,0,0,1130.3102,0,0,0,0,0,1238.9758,1184.7594,0,1046.9758,0,1235.971,0,0,0,0,0,0,0,0,0,0,0,0,0,1660.9268,0,995.4835,0,
806,79.00790474582375,52.914665,,,,,,,,,,,1801.035,792.3835,1681.4717,1966.7662,1516.5453,2824.0654,0,1785.138,0,2246.763,2173.6074,0,1556.8381,1520.0059,1412.6842,1204.2285,2438.6934,871.6724,0,1728.6201,1436.3341,1801.0575,2651.732,1877.2795,1426.9595,1629.4783,0,1867.1615,0,1634.7244,1874.9196,0,3752.4832,0,1260.3082,2491.4766,3222.646,2259.032,0,0,2412.6548,3517.4395,1535.5911,3650.5364,2032.3805,1872.1442,0,0,0,1869.3727,2240.9497,2141.738,4584.163,0,2170.6458,912.8421,3701.2861,
1696,79.00938415991577,53.715004,,,,,,,,,,,0,0,0,0,0,0,0,0,0,0,0,0,0,1532.9408,0,1321.7238,0,0,0,0,0,0,0,0,0,0,0,0,0,0,0,0,0,0,0,0,0,0,0,0,0,0,0,0,1623.4642,0,0,0,0,0,0,0,0,0,0,0,2171.9949,
1247,79.01015437257865,53.35555,,,,,,,,,,,0,0,0,0,0,0,0,1705.2151,0,0,1559.916,0,0,0,0,0,0,0,0,0,0,1664.3538,0,0,1432.2249,0,0,0,0,0,0,0,0,0,1239.2363,0,0,0,0,0,0,0,0,0,0,1712.1599,1786.0726,0,0,1884.9084,0,0,0,0,1902.4122,0,0,
1982,79.01214429130528,53.961,,,,,,,,,,,0,809.6329,0,0,0,0,0,0,0,0,0,0,0,0,1385.6725,0,0,925.4263,0,0,0,0,0,0,0,0,1908.4309,0,1158.0863,0,0,0,0,0,0,0,0,0,0,0,0,0,0,0,0,0,0,0,0,0,0,0,0,0,0,0,0,
446,79.01291797470671,52.378128,,,,,,,,,,,0,0,0,950.43835,0,3126.5447,1039.2576,0,1646.5854,0,0,0,0,0,0,0,0,0,2902.339,0,0,0,0,2605.9731,0,0,2104.1829,1875.7074,1381.986,1672.8615,0,2222.025,0,0,0,0,0,0,2202.171,1465.254,0,0,0,0,0,0,0,0,1839.796,2736.0413,0,0,0,1666.2155,0,0,0,
580,80.01278974419903,52.642498,,,,,,,,,,,0,0,0,0,0,0,0,0,785.7669,0,0,0,0,0,0,0,486.48544,0,0,0,0,0,0,0,0,0,0,0,0,0,0,0,0,0,0,0,0,0,0,621.9637,0,0,0,0,844.2252,0,0,0,1020.3825,0,0,0,0,794.82837,0,0,0,
1668,80.01805372216216,53.703335,,,,,,,,,,,0,0,0,0,0,0,0,0,0,0,0,0,0,856.3691,0,702.9918,0,0,0,0,0,0,0,0,0,0,0,0,0,0,0,0,0,0,0,0,0,0,0,0,0,0,0,0,840.5789,0,0,0,0,0,0,0,0,0,0,0,0,
843,80.02045583378398,52.92078,,,,,,,,,,,0,0,802.26416,606.73065,0,0,0,949.14874,0,1237.5492,971.98987,0,909.16736,789.14026,0,653.75354,652.86957,0,0,0,707.38806,0,1506.8231,0,796.77606,886.5371,0,0,0,945.8264,994.75385,0,1395.7797,971.96173,0,645.5574,970.1141,715.04315,0,0,872.66003,1258.4832,719.77246,1231.6924,855.8496,995.458,0,0,0,1065.3802,1376.0958,1104.4073,1939.6123,0,999.1481,0,1468.6696,
1037,80.0208669686559,53.12783,,,,,,,,,,,0,0,796.4668,538.0307,0,2681.4404,0,0,0,0,0,0,967.7104,0,0,0,505.611,0,1902.7692,0,0,927.3913,0,994.4616,0,887.8751,998.83325,1044.5227,0,977.424,1008.0677,0,0,0,0,559.2262,843.8957,561.02716,869.0935,0,0,1123.119,0,1038.9977,0,0,929.0369,0,0,1136.37,0,0,1764.1857,0,0,0,1253.8441,
662,80.02178543636546,52.799557,,,,,,,,,,,0,0,0,0,777.5368,0,0,1021.9817,769.36646,0,911.72736,0,0,0,0,638.72766,0,0,0,0,725.69727,941.50836,0,0,743.0062,876.8565,941.79175,0,582.08105,0,0,0,0,986.4443,698.2367,539.4099,0,0,0,0,0,0,710.2962,0,842.0559,959.25366,934.7022,0,960.5067,0,1264.7639,0,0,727.5335,992.76166,0,0,
1209,80.02400509751469,53.353992,,,,,,,,,,,0,0,0,540.3727,0,0,0,1013.86237,0,1226.2988,989.40436,0,900.9062,822.7666,0,0,0,0,963.01044,0,801.22687,958.49365,1507.1794,1079.4054,838.1049,0,0,1042.9369,0,0,1008.69824,870.0683,0,974.0569,714.2903,0,0,0,698.70483,0,0,0,742.9176,0,0,1043.8997,1059.356,0,0,1108.0961,0,1120.593,0,747.46387,1096.22,0,0,
124,80.02477350803404,50.205,,,,,,,,,,,0,0,0,0,0,0,0,0,897.21674,0,0,0,0,0,0,0,0,0,0,0,0,0,0,0,0,0,0,0,0,0,0,0,0,0,0,0,0,0,0,0,0,0,0,0,0,0,0,0,1042.3593,0,0,0,0,927.662,0,0,0,
1442,80.02824895286764,53.49448,,,,,,,,,,,0,0,865.8356,559.2033,766.1546,0,0,946.5106,0,0,1011.46063,0,0,0,726.2671,653.4443,0,0,988.0644,0,811.2079,940.8418,0,0,817.77936,0,962.966,1006.11444,595.28766,0,0,869.3635,1334.2979,980.5296,714.2262,0,0,535.61395,715.6466,642.7264,0,1089.1216,869.0873,0,945.7437,1089.3004,1016.28046,0,0,1078.7208,0,0,0,0,1047.7777,0,1263.3569,
928,80.0308414709075,53.016,,,,,,,,,,,0,0,0,0,0,0,0,0,0,0,0,0,869.45306,0,0,0,0,0,0,0,0,0,0,0,0,875.25366,981.0454,0,0,0,992.53186,0,0,0,0,0,0,0,0,0,0,0,0,0,0,0,0,0,0,0,1299.9252,0,0,0,0,0,0,
230,81.00951820945818,50.71167,,,,,,,,,,,0,0,0,0,0,0,1609.4923,0,0,0,0,0,0,0,0,0,0,0,3142.1135,0,0,0,0,0,0,0,0,0,0,0,0,0,0,0,0,0,0,0,2520.3652,0,0,0,0,0,0,0,0,0,0,0,0,0,0,0,0,0,0,
1671,81.0108753313454,53.70375,,,,,,,,,,,0,0,2316.9487,0,0,0,0,0,0,0,2690.3308,0,0,3256.3298,0,2971.9373,0,0,0,0,0,0,0,0,0,0,0,0,0,0,3022.6482,0,0,0,0,0,0,0,2137.651,0,0,0,0,0,2925.3484,0,0,0,0,0,0,0,0,0,0,0,3584.0908,
676,81.01324817999615,52.816895,,,,,,,,,,,2850.6064,1429.5903,0,0,2899.3599,0,2332.7424,3387.757,2781.628,3494.939,2763.2327,0,0,2414.8425,2346.9607,2051.2605,1824.7518,1469.6659,0,2959.6848,2414.9768,2962.2854,0,3009.3286,2631.2324,3091.1667,3301.9277,3307.6863,2631.832,0,0,2553.1978,3722.933,3905.3218,2315.3801,1951.27,2608.0967,0,0,2619.3267,0,0,2327.2568,3142.4622,0,2810.5698,3460.8843,2489.9307,3335.965,3043.0151,3770.7197,3176.8523,5158.166,0,3178.7966,2094.5315,3773.395,
1413,81.0132711817324,53.484993,,,,,,,,,,,2983.4167,1617.8297,3352.3687,1907.5521,2551.6738,0,2062.206,3054.5476,0,3499.996,3652.2654,0,2891.253,0,2678.7048,0,1964.4502,1736.0533,0,2935.1013,0,3009.8218,4367.7417,3070.7405,2688.9353,2817.2625,4024.6104,3641.303,3020.1145,3213.7664,0,2651.8494,4730.322,3389.726,2439.2373,2136.5137,2766.558,1997.6061,2600.9666,3130.6453,2233.8188,3441.8528,2614.7288,3417.4792,3914.0667,3045.8528,3488.0676,0,0,3110.0605,0,3331.2346,5644.7085,0,3501.0107,1735.5149,4713.2427,
112,81.01345785268096,50.203335,,,,,,,,,,,0,0,0,0,0,0,0,0,4710.4043,0,0,0,0,0,0,0,0,0,0,0,0,0,0,0,0,0,0,0,0,0,0,0,0,0,0,0,0,0,0,0,0,0,0,0,0,0,0,0,5444.2876,0,0,0,0,4751.2695,0,0,0,
206,81.01354228483837,50.489998,,,,,,,,,,,0,0,0,0,0,0,2815.2769,0,0,0,0,0,0,0,0,0,0,0,0,0,0,0,0,0,0,0,0,0,2467.789,0,0,0,0,3436.0664,0,0,0,0,0,2526.7214,0,0,0,0,0,0,0,0,0,0,0,0,0,0,0,2370.4038,0,
380,81.01359725778063,51.959232,,,,,,,,,,,0,1818.0925,0,0,0,0,1957.3844,0,0,0,0,0,0,0,0,2128.5146,2331.967,1720.9176,0,0,0,0,0,0,0,0,0,0,2446.2527,0,0,2590.983,0,0,0,2193.5437,0,1901.3861,2272.9182,2841.8923,0,0,0,0,2627.6353,0,0,0,0,0,0,0,0,0,0,1987.8385,0,
607,81.0143101614576,52.645275,,,,,,,,,,,0,1859.6482,2243.8457,1561.4949,2453.8223,0,2075.1785,2984.6453,3992.561,0,0,0,0,2716.3508,2547.5266,2347.5515,2216.47,1751.4695,0,2799.7583,0,0,0,3006.5981,2504.843,2736.2905,3315.7615,3366.1284,2401.3713,0,3389.5662,2777.7954,0,3298.6921,2393.1353,2239.327,2807.4524,2060.1655,2407.5757,2737.9817,0,3174.3645,2309.7046,3161.1492,2962.5784,0,3164.8044,2486.0278,4425.697,0,0,0,0,3880.7678,0,2064.9932,3602.0984,
770,81.01526607753017,52.911526,,,,,,,,,,,2998.9775,0,2659.1035,3040.866,2393.3599,0,0,2885.067,0,3670.8313,2977.8796,0,2818.4753,2425.3909,2211.9614,0,3717.3145,0,0,0,0,2845.3328,0,2956.5264,0,2584.1357,0,0,0,0,3081.848,2556.292,5768.038,0,2109.7095,3839.4019,4941.113,3417.511,2164.4097,0,3716.8071,5164.1597,0,5544.87,2986.4714,2906.0483,0,0,3307.9402,2988.5137,3835.8362,3209.6555,0,0,3216.56,0,5714.9097,
912,81.01833473649413,53.007946,,,,,,,,,,,3011.4377,0,0,0,0,4575.9087,0,0,0,3623.0186,0,0,2715.761,0,2233.734,0,0,1483.0049,0,0,0,0,0,0,0,0,3137.9868,3227.0933,0,2839.8667,2967.3564,0,0,0,0,0,0,0,2117.7957,0,2264.6882,0,2410.0413,0,0,2788.2837,0,0,0,0,3753.4456,3235.6338,0,0,3036.8901,0,0,
1231,81.02191462949541,53.350002,,,,,,,,,,,0,0,2197.4766,0,0,0,0,2953.8657,0,0,2669.0027,0,0,0,0,0,0,0,0,0,0,2763.5857,4327.857,3138.1777,2497.5156,0,0,0,0,0,2966.7937,0,0,0,0,0,0,0,0,0,0,0,0,0,0,2972.11,0,0,0,3207.1804,0,3089.4385,0,0,3183.98,0,0,
1997,82.00686584683642,53.961666,,,,,,,,,,,0,855.8016,0,0,0,0,0,0,0,0,0,637.3871,0,0,0,0,0,928.36383,0,0,0,0,0,0,0,0,0,0,0,0,0,0,0,0,0,0,0,0,0,0,0,0,0,0,0,0,0,0,0,0,0,0,0,0,0,0,0,
1828,82.01101124111102,53.86,,,,,,,,,,,0,0,0,0,0,0,0,0,0,0,0,0,0,0,0,0,1255.273,0,0,0,0,0,0,0,0,0,0,0,0,0,0,0,0,0,0,1254.1975,1638.8627,0,0,0,0,0,0,0,0,0,0,0,0,0,0,0,0,0,0,0,0,
1238,82.0120213941047,53.352497,,,,,,,,,,,0,0,0,0,0,0,0,1779.9147,0,1982.119,1644.2756,0,0,0,0,0,0,0,0,0,0,1616.3569,0,1877.8169,1560.8046,0,0,0,0,0,0,0,0,0,0,0,0,0,1329.4956,0,0,0,1314.5646,0,1634.4282,1630.0076,0,0,0,1878.2913,0,0,0,0,1853.5416,0,0,
1427,82.01347174151684,53.487045,,,,,,,,,,,1633.5985,921.50867,1722.8738,1125.0565,1462.0549,0,0,0,0,1832.0059,1748.6077,598.9147,0,0,1513.9965,0,0,1011.54395,0,0,0,1561.7107,0,0,1491.3374,0,2020.1432,0,1495.2227,0,0,1597.8379,0,0,0,0,0,0,0,1479.4512,0,0,1431.0807,0,1733.2318,1513.8666,0,1536.0497,0,0,0,0,0,0,1749.0111,0,2392.9722,
1666,82.01592084626493,53.702694,,,,,,,,,,,0,838.02026,1718.1863,0,0,0,0,0,0,0,1839.0049,0,0,2345.7087,1381.3485,2135.666,0,0,0,0,1345.6924,0,0,0,0,0,0,0,0,0,2006.2858,1565.3423,0,0,0,1255.1216,0,0,1461.826,0,0,0,0,0,2011.9039,0,0,0,0,0,0,0,0,0,0,0,2262.0112,
1051,82.0172970007659,53.136665,,,,,,,,,,,0,0,0,0,1435.711,0,1264.9546,0,0,1880.27,0,0,0,0,1354.5599,0,0,0,1744.608,0,0,0,0,0,0,0,2031.5659,1961.8833,1370.0261,0,0,0,0,0,0,0,0,0,0,0,0,0,0,0,0,0,0,0,0,0,0,0,2732.3682,0,0,0,0,
1111,82.01959217811887,53.195,,,,,,,,,,,0,0,0,0,0,0,0,0,0,0,0,0,0,0,0,0,1267.7516,0,0,0,0,0,0,0,0,0,0,0,0,0,0,0,0,0,0,1243.6384,1716.7588,0,0,0,0,0,0,1871.8706,0,0,0,0,0,0,0,0,0,0,0,0,0,
719,82.01992724522542,52.825924,,,,,,,,,,,1608.5126,893.42004,1467.6532,0,1632.882,0,1376.1818,1854.9244,0,1887.8313,0,0,0,0,1377.4218,0,0,934.3972,0,0,1433.3962,1662.998,0,1888.9141,1633.607,1813.8878,1949.6868,1990.8173,1475.1249,1821.3834,0,1597.5208,0,2060.6213,1406.9,0,0,0,0,1574.3518,0,0,1367.0284,0,0,1579.0137,1930.085,1425.8827,0,1842.4783,0,1753.9225,2790.2036,0,1874.0997,1312.3243,2240.6404,
322,82.02051104094572,51.368332,,,,,,,,,,,0,0,0,0,0,0,0,0,0,0,0,0,0,2315.1504,0,2318.402,0,0,0,0,0,0,0,0,0,0,0,0,0,0,0,1628.6558,0,0,0,0,0,0,0,0,0,0,0,0,0,0,0,0,0,0,0,0,0,0,0,0,0,
855,82.02189438307495,52.9345,,,,,,,,,,,0,0,0,0,0,0,0,0,0,0,0,0,0,0,0,0,1333.7914,0,0,0,0,0,0,0,0,0,0,0,0,0,0,0,2297.116,0,0,1324.1664,1771.5953,1321.2001,0,0,1501.7623,2000.138,0,2018.2258,0,0,0,0,0,0,0,0,2817.7437,0,0,0,2313.4993,
579,82.02247586081877,52.642414,,,,,,,,,,,0,0,1708.9764,0,0,2616.983,1198.5854,0,2853.475,0,1651.8804,0,1783.4122,1960.5358,0,1697.6552,0,0,1998.3427,1785.5675,0,0,0,1887.2511,0,1613.9562,2130.836,2305.7712,0,2009.9474,2423.4163,0,0,1904.2665,1414.6195,0,0,0,1502.1621,1502.6411,1372.3191,0,0,0,1671.5305,0,2054.0625,0,3733.4993,1887.6427,2100.7937,0,0,2852.52,0,0,0,
18,82.02642868097467,49.65,,,,,,,,,,,0,0,0,0,0,0,0,0,2162.9722,0,0,0,0,0,0,0,0,0,0,0,0,0,0,0,0,0,0,0,1440.8077,0,0,0,0,0,0,0,0,0,0,0,0,0,1469.9852,0,0,0,0,0,0,0,0,0,0,2236.8687,0,0,0,
280,82.02657954952412,51.243332,,,,,,,,,,,0,0,0,0,0,0,0,0,0,0,0,0,0,1914.0748,0,1917.8418,0,0,0,0,0,0,0,0,0,0,0,0,0,0,1878.1105,0,0,0,0,0,0,0,0,0,0,0,0,0,0,0,0,0,0,0,0,0,0,0,0,0,0,
532,82.03023423117405,52.484993,,,,,,,,,,,0,0,0,0,0,0,0,2030.594,0,0,0,0,2226.9873,0,0,0,0,0,0,2184.6436,0,1571.4155,2436.4429,0,1779.6178,2035.1268,2023.4237,2023.1537,1374.9172,1846.1991,0,0,0,2683.7358,1747.3579,0,0,0,0,1521.1808,0,0,0,0,0,0,2757.5654,1756.0098,0,0,2271.1418,0,0,0,0,1226.8019,0,
213,82.0312465514334,50.49167,,,,,,,,,,,0,0,0,0,0,0,1462.0785,0,0,0,0,0,0,0,0,0,0,0,0,0,0,0,0,0,0,0,0,0,0,0,0,0,0,0,0,0,0,0,0,1474.7748,0,0,0,0,0,0,0,0,0,0,0,0,0,0,0,1344.949,0,
83,82.033519598382,50.065895,,,,,,,,,,,0,0,0,1507.2677,0,0,1990.4937,3122.4116,2465.1392,0,0,0,3463.0002,2213.3743,0,2134.4534,1532.6041,0,0,2346.3047,0,0,2835.808,0,3031.1165,2454.8528,2836.6016,3258.792,2145.6255,2774.2922,0,0,2534.2163,4475.185,2225.386,1513.862,1823.6914,1361.1553,0,2287.0283,1382.0804,2200.0957,0,2133.3132,0,0,4577.8926,2189.569,2745.3025,0,2455.3286,0,0,2635.5776,0,2191.6719,2550.3223,
106,82.03535181212321,50.2025,,,,,,,,,,,0,0,0,0,0,0,1162.2985,0,5686.7314,0,0,0,0,0,0,0,0,0,0,0,0,0,0,0,0,0,0,2067.7505,0,0,0,0,0,0,0,0,0,0,0,0,0,0,0,0,0,0,1883.6973,0,6640.0195,0,0,0,0,5781.588,0,0,0,
377,83.03022032317757,51.956665,,,,,,,,,,,0,1283.5273,0,0,0,0,0,0,0,0,0,0,0,0,1564.1595,0,0,1154.1978,0,0,0,0,0,0,0,0,0,0,0,0,0,0,0,0,0,0,0,0,0,0,0,0,0,0,0,0,0,0,0,0,0,0,0,0,0,0,0,
1661,83.03364995089517,53.701664,,,,,,,,,,,0,0,2019.8794,0,0,0,0,0,0,0,2160.57,0,0,2879.7524,0,2735.7495,0,0,0,0,0,0,0,0,0,0,0,0,0,0,0,0,0,0,0,0,0,0,1712.54,0,0,0,0,0,2298.254,0,0,0,0,0,0,0,0,0,0,0,0,
783,83.03382262606871,52.912807,,,,,,,,,,,0,0,1926.1177,2000.5823,0,2575.792,0,0,0,0,1867.5486,0,0,0,0,0,2119.049,0,0,0,0,0,0,0,0,0,0,0,0,0,0,0,3478.1987,0,0,2151.483,2575.6565,2014.4377,0,0,2157.7712,3067.2913,0,3026.7979,0,0,0,0,0,0,0,2024.6329,3957.239,0,1955.9751,0,3436.03,
1410,83.03455151068262,53.48445,,,,,,,,,,,1936.3586,1211.1324,2607.5718,1547.2439,1750.5459,2743.7192,0,2097.4285,0,2234.1821,2527.344,0,2170.3975,0,1772.3752,0,0,1205.9271,0,2162.022,2348.7346,1970.8401,2684.9863,0,1962.7947,0,2934.666,2687.4014,2285.189,2399.395,2440.0862,0,3621.247,0,0,0,0,1525.1498,1905.2429,2295.4707,1755.6431,2515.3452,1804.2432,2294.9268,2698.0918,2004.49,0,2107.6006,0,0,0,2267.0203,3757.6545,0,2372.9392,0,3519.1802,
335,83.03501169609132,51.37625,,,,,,,,,,,0,0,0,0,0,0,0,0,0,0,0,0,0,2547.6458,0,2732.7588,0,0,2383.9297,0,1944.9932,0,0,0,0,0,0,0,0,0,0,0,0,0,0,0,0,0,0,0,0,0,0,0,0,0,0,0,0,0,0,0,0,0,0,0,0,
1078,83.035953065162,53.165,,,,,,,,,,,0,0,0,0,0,0,1514.6152,0,0,0,0,0,0,0,0,0,0,0,0,0,0,1869.1193,0,0,0,0,0,0,0,0,0,0,0,0,0,1665.2603,2202.4893,0,0,0,0,0,0,0,0,0,0,0,0,0,0,0,0,2509.0193,0,0,0,
364,83.03604182620593,51.704,,,,,,,,,,,0,0,0,0,0,0,1662.3478,0,0,0,0,0,0,0,0,0,0,1091.6462,0,0,0,0,0,0,0,0,0,0,2303.758,0,0,0,0,0,0,0,0,0,0,2304.9624,0,0,0,0,0,0,0,0,0,0,0,0,0,0,0,1437.4779,0,
901,83.03667455548533,53.004284,,,,,,,,,,,1824.7375,0,0,0,0,2554.7659,0,0,0,2176.9563,0,0,0,0,0,0,0,0,0,0,0,0,0,0,0,0,0,0,0,0,0,0,0,0,0,0,0,0,0,0,0,0,1618.3082,0,0,1748.1794,0,0,0,0,0,2129.748,0,0,2016.2161,0,0,
695,83.03688585023002,52.823933,,,,,,,,,,,2482.5808,1615.6067,0,1627.9493,3551.761,2732.1638,3916.4763,3670.1655,0,2994.2085,2254.524,0,2239.3455,2454.0952,2336.5205,2263.799,2211.868,1670.7623,0,2751.7297,2459.9023,2938.4985,3251.6724,2698.2034,3138.8271,3392.4592,3693.7925,3642.9392,3603.2651,2516.8054,2300.8042,2393.7646,3716.265,4917.6406,2531.275,2363.4226,3006.7727,1861.9271,1985.7081,3980.595,1746.3105,2732.9597,2218.5962,3005.8843,2418.5032,1910.6943,4244.2983,3234.328,2672.05,2383.8777,2762.4233,2266.3875,4379.587,0,3058.5764,3336.0461,4133.259,
288,83.03825104449524,51.24611,,,,,,,,,,,0,0,0,1696.497,0,0,0,0,0,0,0,0,0,3977.6113,0,3967.2737,1669.1975,0,0,0,0,0,0,2479.6838,0,0,0,0,0,0,3833.9316,2122.6614,0,0,0,0,0,1555.4799,0,0,0,0,0,0,0,0,0,0,0,2392.8875,0,0,0,0,0,0,0,
170,83.0384875555191,50.48563,,,,,,,,,,,0,1354.2328,0,1587.8767,2241.2373,0,6427.4346,4207.5923,2716.183,0,2057.4185,0,0,0,1898.7397,2271.4878,2902.3257,1514.864,0,0,1822.166,1869.4485,0,2694.2573,3836.693,2694.0098,3458.2805,3981.0105,4329.988,0,0,2697.3193,4322.6475,6475.8105,2377.4907,3088.6907,3322.4841,2103.268,2950.5244,4541.845,0,0,1775.5182,2972.0369,2434.8977,0,5012.9004,2869.1863,0,2316.263,0,0,5233.061,2721.5784,2164.1226,5104.776,5475.6724,
499,83.0390282569914,52.398,,,,,,,,,,,0,0,0,0,0,0,0,0,0,0,0,0,0,3126.7756,0,3084.9592,0,0,0,0,0,0,0,2315.8296,0,0,0,0,0,0,3066.2534,0,0,0,0,0,0,0,0,0,0,0,0,0,0,0,0,0,0,2289.1667,0,0,0,0,0,0,0,
527,83.03945847248508,52.483936,,,,,,,,,,,0,0,0,0,1796.218,0,0,2682.2341,0,2144.9414,0,0,3355.7905,0,0,0,0,0,0,3076.9075,0,2012.3762,3269.656,0,2449.4602,3071.8552,2864.1936,2800.693,0,2524.6326,0,0,0,3960.7625,2385.002,0,0,0,0,0,0,2517.5898,0,0,0,0,4166.8203,2501.6423,0,0,3152.79,0,0,0,0,1619.2618,0,
577,83.03971394980482,52.642193,,,,,,,,,,,0,0,1955.6659,0,0,2894.2698,0,0,3251.2346,0,1831.7388,0,2215.805,0,0,0,0,0,2375.1733,2113.4106,0,0,0,0,0,0,0,2714.235,0,2493.6777,2635.3247,0,0,0,1699.5527,0,0,0,1708.035,0,0,0,0,0,0,1728.6012,0,0,4285.961,0,2409.6396,0,0,3363.8406,0,0,0,
15,83.04144739447523,49.648945,,,,,,,,,,,2084.389,1326.7031,0,0,1691.6375,0,0,2166.7617,4433.715,0,2240.624,0,0,0,2407.0085,0,0,1508.6139,0,2377.2244,0,0,0,2538.8367,2035.9749,2447.429,3104.7563,0,2326.949,0,0,2251.895,0,2957.064,2099.61,0,0,0,2040.9039,2593.4282,0,0,2417.5535,0,2272.1775,0,2992.2402,1999.221,3933.971,2541.8367,2468.8865,0,0,4382.484,2182.5254,0,0,
113,83.04316967941203,50.203335,,,,,,,,,,,0,0,0,0,0,0,0,0,6053.935,0,0,0,0,0,0,0,0,0,0,0,0,0,0,0,0,0,0,0,0,0,0,0,0,0,0,0,0,0,0,0,0,0,0,0,0,0,0,0,7193.191,0,0,0,0,6398.6265,0,0,0,
77,83.04516689427977,50.0595,,,,,,,,,,,0,0,0,2501.4497,1832.9376,0,3430.4082,5511.793,4463.8335,0,0,0,6009.881,5000.6685,0,5107.4136,2565.5315,0,0,3769.9934,0,1986.9474,4623.109,2902.3406,5278.0347,3911.7456,4546.4126,5680.6865,3409.6594,4748.8887,4733.4116,2527.5002,4031.7756,7797.769,3680.078,2582.7747,3187.8167,2302.3586,0,3679.655,2279.2717,3633.796,0,3490.154,0,0,7930.852,3804.3015,4661.5874,2885.8726,4311.729,0,3967.7026,4545.643,0,3804.0347,4003.2612,
367,84.01820492900296,51.715,,,,,,,,,,,0,0,0,0,0,0,876.15204,0,0,0,0,0,0,0,0,0,0,0,0,0,0,0,0,0,0,0,0,0,908.50934,0,0,0,0,0,0,0,0,0,0,945.4769,0,0,0,0,0,0,0,0,0,0,0,0,0,0,0,0,0,
1229,84.0184811148763,53.35,,,,,,,,,,,0,0,0,0,0,0,0,0,0,947.3501,0,0,0,0,677.2782,0,0,0,1065.1658,0,0,0,1151.8829,0,0,0,0,0,0,0,0,0,0,0,0,0,0,0,0,0,0,0,0,0,0,838.0788,0,0,0,0,0,0,0,0,0,0,0,
729,84.02444631390107,52.827538,,,,,,,,,,,1389.8885,843.42303,1378.4292,1029.0219,1611.5365,1536.9264,1623.4672,1847.0428,1477.3184,1416.8944,1401.2361,0,1301.9866,1279.6339,1279.0569,1168.5688,1015.04803,930.0075,1336.0088,1586.961,1185.971,1403.217,1836.9885,1510.7927,1560.0209,1754.2373,2238.9192,1700.4354,1895.3651,1375.3187,1239.3698,1324.848,2265.326,2171.918,1470.0164,1115.8558,1519.3727,973.2707,1104.5172,2000.151,1060.5985,1509.5015,1297.4393,1515.0867,1490.102,1081.5498,2106.236,1525.5338,1822.337,1547.1761,0,1309.4387,2466.2283,1455.3632,1507.9069,1474.3,2440.4639,
624,84.02531986845838,52.656113,,,,,,,,,,,0,0,958.4505,0,0,1169.3671,0,0,1191.189,0,0,0,0,0,0,0,0,0,1073.0526,989.9039,0,0,0,0,0,0,0,0,0,1128.6051,0,0,0,0,0,0,0,0,793.4819,0,0,0,0,0,0,0,0,0,1563.1311,0,0,0,0,1179.0618,0,0,0,
1066,84.02647327623524,53.152,,,,,,,,,,,0,0,0,0,0,0,704.884,0,0,996.29126,0,0,0,0,0,0,754.7587,0,0,989.8836,0,863.83624,0,0,0,856.3583,0,1212.5878,0,0,0,0,0,0,0,0,1000.6257,0,0,0,0,0,720.0291,0,0,0,0,0,0,0,0,0,0,0,907.9971,0,0,
1428,84.02769008500799,53.487144,,,,,,,,,,,791.70544,0,1000.10364,0,0,0,0,0,0,0,0,0,0,0,0,0,0,0,1083.0791,0,824.3874,0,0,0,0,0,0,0,0,0,0,0,0,0,0,0,0,0,0,0,0,0,0,0,0,0,0,774.3684,0,0,0,988.26904,0,0,915.1154,0,0,
530,84.02826628548213,52.484497,,,,,,,,,,,0,0,0,0,0,0,0,1164.7094,0,0,868.4966,0,1301.9686,0,0,0,0,0,0,1240.9131,0,903.949,1259.9585,0,1042.2076,1167.203,1248.2086,1240.4812,880.0889,1159.5153,0,0,1511.7855,1525.3043,926.2589,0,0,0,0,993.5907,0,0,0,0,0,0,1617.7417,1033.2844,0,0,1235.675,0,0,0,0,710.71136,0,
848,84.0297890341769,52.923336,,,,,,,,,,,0,0,0,805.42267,741.3351,0,0,0,0,0,0,0,0,0,0,0,0,0,0,0,0,0,0,0,0,0,0,0,0,0,0,0,0,0,0,0,0,0,0,0,0,0,0,0,0,0,0,0,0,0,0,0,0,0,0,0,1454.835,
156,84.03005766226408,50.483875,,,,,,,,,,,0,513.43835,0,0,896.6018,0,2132.0095,1574.49,0,0,907.6705,0,0,0,807.58746,0,1066.473,595.7855,0,0,780.947,867.8983,0,1164.7183,1468.6077,1149.1498,1553.3341,1561.6074,1630.6725,0,0,1088.2279,1837.2759,2310.434,940.45667,1139.9788,1230.5496,821.87024,1167.4286,1780.7378,0,1164.1802,774.08563,1202.5609,1034.5864,0,1916.7947,1077.6198,0,0,0,0,2165.16,1180.2239,977.92615,1837.6809,2239.0308,
224,84.03038830486213,50.655,,,,,,,,,,,0,0,0,0,0,0,0,0,0,0,0,0,0,1037.6509,0,1016.53973,0,0,0,0,0,0,0,0,0,0,0,0,0,0,0,1012.11084,0,0,0,0,0,0,0,0,0,0,0,0,0,0,0,0,0,0,0,0,0,0,0,0,0,
242,84.0346225427786,50.906666,,,,,,,,,,,0,0,0,0,0,0,0,0,0,0,0,0,0,0,0,0,839.9951,0,0,0,0,0,0,0,0,0,0,0,0,0,0,0,0,0,0,796.66626,1068.7859,0,0,0,0,0,0,0,0,0,0,0,0,0,0,0,0,0,0,0,0,
125,84.03626468959777,50.205,,,,,,,,,,,0,0,0,0,0,0,0,0,1680.2445,0,0,0,0,0,0,0,0,0,0,0,0,0,0,0,0,0,0,0,0,0,0,0,0,0,0,0,0,0,0,0,0,0,0,0,0,0,0,0,1970.4816,0,0,0,0,1759.919,0,0,0,
2,84.03790541865406,49.645832,,,,,,,,,,,0,0,0,0,0,0,0,0,1207.375,0,0,0,0,0,736.0258,0,0,484.66623,0,0,0,0,0,0,0,0,0,0,877.76886,0,0,0,0,0,0,0,0,0,0,0,0,0,768.53253,0,0,0,0,0,0,0,0,0,0,1227.1808,0,0,0,
287,84.04272960569314,51.24583,,,,,,,,,,,0,0,0,835.4518,0,0,0,0,0,0,0,0,0,2047.3943,0,1972.9912,772.7816,0,0,0,0,0,0,1194.9307,0,0,0,0,0,0,1911.6914,1056.7715,0,0,0,783.19415,974.96893,756.38086,0,0,0,0,0,1093.2815,0,0,0,0,0,1214.9297,0,0,0,0,0,0,0,
66,84.04419875966745,50.05552,,,,,,,,,,,0,0,0,1066.3678,0,0,1195.9924,1848.0807,1572.4985,0,0,0,2006.428,2518.5085,0,2592.5022,1013.35565,0,0,1396.503,0,891.2864,1648.2628,1492.8751,1680.6865,1436.3099,1730.4374,2024.7257,1290.0828,1696.9484,2452.0676,1273.8297,1854.3972,2583.2402,1266.8617,1065.098,1332.0242,1042.6735,0,1364.0452,1088.6359,1594.2507,0,1364.1755,0,0,2640.5789,1268.7839,1728.3096,1432.5995,1500.2194,0,1793.2788,1620.7803,0,1282.0206,1753.0148,
479,84.04460737924275,52.39583,,,,,,,,,,,0,0,0,0,0,0,0,0,0,0,0,0,0,1456.4384,0,1383.2651,0,0,0,0,0,0,0,1123.4008,0,0,0,0,0,0,1424.6499,966.8876,0,0,0,0,0,0,0,0,0,0,0,0,0,0,0,0,0,1135.7424,0,0,0,0,0,0,0,
1498,84.04582331165098,53.545002,,,,,,,,,,,0,0,0,789.2831,0,0,0,0,0,0,0,0,0,1081.0627,0,1021.9166,0,470.13272,0,0,0,0,0,0,0,0,0,0,0,0,1182.2305,0,0,0,0,0,0,0,0,0,0,0,0,0,0,0,0,0,0,0,0,0,0,0,0,0,0,
914,85.03177815822393,53.009167,,,,,,,,,,,1245.0592,0,0,0,0,0,0,0,0,1461.5387,0,0,0,0,0,0,0,0,0,0,0,0,0,0,0,0,0,0,0,0,0,0,0,0,0,0,0,0,0,0,0,0,0,0,0,1305.2083,0,0,0,0,1577.03,1510.6016,0,0,1525.2024,0,0,
569,85.03555684025764,52.64078,,,,,,,,,,,0,878.17194,1528.81,0,1226.7162,1931.0491,1211.2599,0,2604.9285,0,1529.8143,0,1623.3234,0,0,0,0,0,1737.7185,1457.9938,0,0,1914.9971,0,0,1466.2747,1991.6633,1926.779,1359.2229,1777.49,0,0,0,1873.171,1325.2504,0,0,0,1374.1833,1550.5247,0,0,0,0,1547.8287,1239.0729,0,0,3281.5417,0,1636.2576,0,0,2607.97,1510.2203,0,0,
269,85.03653737557775,51.16125,,,,,,,,,,,0,0,0,0,0,0,0,1666.6548,0,0,0,0,0,0,0,0,0,0,0,0,0,0,0,0,0,0,0,0,0,0,0,0,0,0,0,0,0,0,0,0,0,0,0,0,0,1346.3579,0,0,2241.2224,0,0,0,0,0,1504.2488,0,0,
1632,85.03880577223845,53.69375,,,,,,,,,,,0,0,1454.288,0,0,0,0,0,0,0,1577.8198,0,0,0,0,0,0,0,0,0,0,0,0,0,0,0,0,0,0,0,0,0,0,0,0,0,0,0,1310.3873,0,0,0,0,0,1604.2145,0,0,0,0,0,0,0,0,0,0,0,0,
1221,85.03941723119338,53.34667,,,,,,,,,,,0,0,0,0,0,0,0,0,0,1493.895,0,0,0,0,0,0,0,0,0,0,0,1393.4541,0,0,0,0,0,0,0,0,0,0,0,0,0,0,0,0,0,0,0,0,0,0,0,0,0,0,0,0,0,1561.8584,0,0,0,0,0,
34,85.04233712034035,49.659573,,,,,,,,,,,1443.1611,902.5855,0,0,0,0,0,0,2621.246,0,0,0,0,2495.5159,1467.8362,2531.1804,0,975.9258,0,1513.5305,0,0,0,2101.538,0,1573.0867,1958.6708,0,1522.321,0,2321.9285,1887.1812,0,1950.4249,0,0,0,0,1295.9523,1628.0762,0,0,1515.2747,0,1543.8983,0,0,0,2375.953,2080.2273,1598.5132,0,0,2623.1392,0,0,0,
706,85.0427497361844,52.82489,,,,,,,,,,,1754.5842,1254.0931,1416.5685,0,2386.7385,1647.2749,2715.9492,2728.6392,0,2088.0579,1840.0594,0,1667.849,0,1723.759,0,1778.6731,1287.1923,0,1954.306,1820.5685,2089.3928,2260.0527,2165.7144,2404.1533,2417.104,2717.8186,2574.8198,2673.7263,1707.152,0,2021.2246,2827.8005,3501.129,1896.7294,1898.6846,2148.9438,1477.1138,1567.0592,2876.9053,1365.3992,2126.966,1719.8206,2127.8547,1866.0442,1425.782,3001.1396,2332.6382,2086.397,0,1850.5122,1720.4011,3265.7683,0,2129.4014,2420.3684,3224.11,
540,85.04345396709131,52.487053,,,,,,,,,,,0,0,0,0,0,0,1051.2311,1870.2969,0,0,0,0,1931.6198,0,0,0,0,0,0,1804.5194,0,0,2018.8683,0,1634.3345,1737.9415,1790.3688,1794.2792,0,1641.8127,0,0,0,2272.483,1390.8173,0,0,0,0,1431.2106,0,0,0,0,0,0,2329.0422,1527.3854,0,0,1762.2147,0,0,0,0,1191.815,0,
191,85.04427001936081,50.48757,,,,,,,,,,,0,956.9732,0,0,1454.9271,0,3905.3914,2863.6702,1899.4292,0,0,0,0,0,1344.3224,0,1996.9213,1059.4027,0,0,1311.3024,0,0,0,2690.3796,1949.7672,2305.4087,2624.567,2745.8623,0,0,1918.2468,3194.78,3987.9077,1569.066,2059.0793,2233.0166,1450.8564,1887.834,2975.5845,0,0,1254.9869,2065.3296,1754.9902,0,3176.5498,1962.4927,0,0,0,0,3590.4153,0,0,3437.2747,3742.5093,
1486,85.04522542187406,53.541428,,,,,,,,,,,0,892.81824,0,1829.235,0,0,0,0,0,0,1877.982,0,0,4506.1646,0,4363.832,1596.8212,1442.3253,0,0,0,0,0,2463.5557,0,0,0,0,0,0,4353.8286,2151.6975,2667.5652,0,0,1654.6489,1927.6107,1500.8663,0,0,1640.6542,2319.593,1216.2147,2199.5146,0,0,0,0,0,2444.5037,0,0,2858.7327,0,0,0,2687.5156,
481,85.04622292716121,52.396008,,,,,,,,,,,0,869.58417,0,2459.654,0,0,0,0,0,0,1604.3076,0,0,8038.007,0,8096.7764,2608.4453,1442.4146,0,0,0,0,0,3378.0625,0,0,0,0,0,0,7568.0425,3218.89,3453.5725,0,0,2445.4524,2816.4902,2274.9949,0,0,2174.9602,3254.1416,0,3020.5671,0,0,0,0,0,3388.0803,0,0,3411.171,0,0,0,3460.6462,
98,85.0463339338034,50.201664,,,,,,,,,,,0,0,0,0,0,0,0,0,4419.7354,0,0,0,0,0,0,0,0,0,0,0,0,0,0,0,0,0,0,0,0,0,0,0,0,0,0,0,0,0,0,0,0,0,0,0,0,0,0,0,5111.882,0,0,0,0,4460.712,0,0,0,
63,85.04826602506778,50.050137,,,,,,,,,,,0,0,0,4365.6265,0,0,1706.1602,2772.4849,2321.6377,0,0,0,3004.5625,19282.205,0,19545.785,5546.2793,0,0,2091.547,0,0,2341.4355,7204.257,2656.5503,2100.571,2352.0012,2887.6626,1848.7388,2410.345,17559.459,6735.8647,6685.147,3697.1155,1789.4119,5252.1006,5896.742,4681.663,0,1943.7898,4164.991,5872.9766,0,6204.28,0,0,3723.6873,1947.0569,2486.7087,7169.6567,2122.0251,0,6521.3564,2317.1072,0,1990.5508,6877.403,
296,85.04928904742108,51.247364,,,,,,,,,,,0,0,0,3309.63,0,0,0,0,0,0,1549.6057,0,0,13299.949,0,13404.623,3629.7727,1321.2363,0,0,0,0,0,4862.6313,0,0,0,0,0,0,12473.233,4472.9893,4914.2256,0,0,3589.4182,4071.6055,3284.1118,0,0,2932.5293,4325.846,0,4252.955,0,0,0,0,0,4888.667,0,0,4646.987,0,0,0,4753.427,
238,86.00485644452431,50.863747,,,,,,,,,,,0,0,0,0,0,0,0,0,461.0948,0,0,0,0,0,0,0,0,0,0,0,0,0,0,0,0,0,0,0,0,0,0,0,0,0,0,0,0,0,0,0,0,0,0,0,0,0,423.3158,0,511.41486,0,0,0,0,471.2988,0,0,0,
266,86.00800848011961,51.157726,,,,,,,,,,,0,0,0,0,0,0,0,542.5342,588.7522,0,487.4495,0,0,0,0,0,0,0,0,0,0,0,507.83032,525.3828,0,0,0,0,0,0,0,0,0,430.13535,0,0,0,0,0,0,0,0,0,0,0,462.12424,625.80975,0,795.69666,557.8568,0,0,0,640.85223,0,0,0,
104,86.0098958109955,50.20167,,,,,,,,,,,0,0,0,0,0,0,0,0,547.6453,0,0,0,0,0,0,0,0,0,0,0,0,0,0,0,0,0,0,0,0,0,0,0,0,0,0,0,0,0,0,0,0,0,0,0,0,0,0,0,631.98755,0,0,0,0,575.6718,0,0,0,
219,86.01228049844788,50.553333,,,,,,,,,,,0,0,0,0,0,0,0,0,424.50278,0,0,0,0,0,0,0,0,0,0,0,0,0,0,0,0,0,0,0,0,0,0,0,0,0,0,0,0,0,0,0,0,0,0,0,0,0,0,0,483.7205,0,0,0,0,403.017,0,0,0,
1495,86.02496583235097,53.543335,,,,,,,,,,,0,0,0,0,0,0,0,0,0,0,0,0,0,431.9905,0,472.26968,0,0,0,0,0,0,0,0,0,0,0,0,0,0,470.62766,0,0,0,0,0,0,0,0,0,0,0,0,0,0,0,0,0,0,0,0,0,0,0,0,0,0,
483,86.03078261750468,52.396248,,,,,,,,,,,0,0,0,0,0,0,0,0,0,0,0,0,0,637.0258,0,629.8532,0,0,0,0,0,0,0,423.84146,0,0,0,0,0,0,637.0912,0,491.62274,0,0,0,0,0,0,0,0,0,0,0,0,0,0,0,0,434.46747,0,0,431.88852,0,0,0,452.6355,
302,86.03164349327407,51.248184,,,,,,,,,,,0,0,0,0,0,0,0,0,0,0,0,0,0,1004.02747,0,1088.2511,0,0,0,0,0,0,0,583.1458,0,0,0,0,0,0,981.2929,452.5299,565.0873,0,0,0,409.78,0,0,0,0,0,0,449.9477,0,0,0,0,0,557.3462,0,0,488.8967,0,0,0,576.51715,
57,86.03657635174044,50.03583,,,,,,,,,,,0,0,0,0,0,0,0,0,0,0,0,0,0,1376.4625,0,1374.7068,0,0,0,0,0,0,0,663.5119,0,0,0,0,0,0,1317.6208,629.54333,592.77606,0,0,0,513.53644,0,0,0,0,0,0,571.406,0,0,435.5224,0,0,638.21216,0,0,630.7931,0,0,0,639.17487,
215,86.0373053854372,50.498123,,,,,,,,,,,0,0,0,0,0,0,499.72574,437.14645,0,0,0,0,0,0,0,0,0,0,0,0,0,0,0,0,0,0,0,0,0,0,0,0,426.1919,532.58875,0,0,0,0,0,0,0,0,0,0,0,0,487.7267,0,0,422.87152,0,0,522.1661,0,0,0,555.1543,
721,86.04295819514213,52.82667,,,,,,,,,,,0,0,0,0,0,0,0,412.78818,0,0,0,0,0,0,0,0,0,0,0,0,0,0,0,0,0,0,0,0,0,0,0,0,466.43216,509.6816,0,0,0,0,0,0,0,0,0,0,0,0,482.19614,0,0,0,0,0,464.1275,0,0,0,476.2151,
1670,86.99318075070605,53.703636,,,,,,,,,,,0,0,963.84863,0,0,0,0,0,0,0,1014.22296,0,0,1274.6799,0,1181.5381,0,784.84375,0,0,0,0,0,0,0,0,0,0,0,0,1059.0676,0,0,0,902.5449,0,0,0,1026.1,0,0,0,0,0,1126.322,958.21606,0,0,0,0,0,0,1317.3275,0,0,0,0,
1998,86.99481828471498,53.961666,,,,,,,,,,,0,816.10266,0,0,0,1107.273,0,0,0,0,0,540.1703,974.135,0,0,0,0,0,0,0,0,0,0,0,0,0,0,0,0,0,0,0,0,0,0,0,0,0,0,0,0,0,0,0,0,0,0,1042.171,0,0,0,0,0,0,0,0,1322.1667,
357,86.99867895845915,51.688625,,,,,,,,,,,1126.6218,1001.6126,0,0,1414.8676,0,2024.3335,1547.6421,1244.5266,1102.2965,1308.1013,0,0,1168.5116,1355.2897,1205.3472,1369.3711,1137.4119,1198.5636,1131.4377,1225.6178,1228.0563,1273.1056,1233.0778,1410.9388,1558.219,1603.9624,1658.3452,1859.7068,0,0,1294.2736,1557.5593,2588.3462,1309.9628,1429.919,1539.9772,1031.6152,1879.93,2023.3969,0,1170.5897,1220.5671,1401.7261,1575.3854,0,2163.9287,1580.167,0,0,0,0,1811.2262,1229.5973,1412.6339,1602.4681,1769.8375,
696,86.9991587373734,52.82401,,,,,,,,,,,3901.6545,4421.048,1183.0078,1997.5165,9882.443,1361.1278,13857.55,9102.882,2561.105,5383.1562,3686.6353,0,2023.24,3165.8901,5220.742,3443.1555,5768.365,4435.047,1940.6509,4682.561,5811.507,6309.5474,4502.407,2743.6802,8011.8,8201.392,7426.959,8098.4834,10640.843,2797.706,1978.2922,3426.2476,6293.5635,13841.338,5618.329,6080.178,6599.2373,3750.016,3573.165,11521.92,1300.4802,3671.9534,4238.3887,5650.763,4433.151,1916.7771,10607.368,9331.422,1814.3448,2168.306,3101.24,2588.893,7796.142,2334.6255,6350.164,10855.363,8415.755,
154,86.99943140196687,50.483753,,,,,,,,,,,3422.4436,4174.202,1231.0419,2622.5972,6752.853,1909.9199,27717.367,14909.46,6558.9194,3539.1968,5390.1904,0,2586.0972,4224.6455,5200.9287,5012.715,9749.566,4651.56,3717.052,4317.052,4833.224,4167.3267,5388.272,5219.222,13230.724,8183.23,9982.688,12438.672,16233.832,3584.215,2216.3855,6303.541,12748.01,24392.082,7409.115,10376.02,10619.789,5773.328,9475.946,17370.896,1413.6168,4952.7495,4287.9536,8258.876,6949.9907,1574.6807,17598.217,10231.57,3300.869,3800.22,3534.6863,2070.9429,16569.602,5976.94,5430.036,21595.62,18438.398,
1826,87.00538720763222,53.858334,,,,,,,,,,,0,0,0,0,0,0,0,0,0,0,0,0,0,0,0,0,0,0,0,0,0,0,0,0,0,0,0,0,0,1014.17554,0,0,0,0,0,986.33215,1050.9558,0,0,0,0,0,0,0,0,0,0,0,0,0,0,0,0,0,0,0,0,
1370,87.9515517199988,53.475002,,,,,,,,,,,426.5201,0,0,0,0,0,0,0,0,0,0,0,0,0,0,0,0,0,0,0,0,0,0,0,0,0,493.05392,0,0,0,0,0,0,0,0,0,0,0,485.54102,0,0,0,0,0,0,0,0,0,0,0,0,0,0,0,0,0,0,
1810,87.95506994650604,53.833576,,,,,,,,,,,0,0,0,0,0,0,0,0,0,0,0,0,0,0,426.70578,0,0,0,0,0,0,0,453.94214,0,0,428.27884,0,0,0,0,0,466.55933,0,0,0,449.41486,468.83752,435.678,0,0,0,0,0,0,0,0,0,0,0,0,0,0,0,0,0,0,0,
1293,87.96493872960866,53.41333,,,,,,,,,,,0,0,0,0,0,0,0,0,0,0,0,0,0,0,0,0,0,0,479.02844,0,0,0,0,458.22983,0,0,0,0,0,0,0,0,0,0,0,0,0,0,0,0,0,0,0,0,463.2478,0,0,0,0,0,0,0,0,0,0,0,0,
1711,87.96591236634802,53.727688,,,,,,,,,,,0,0,0,0,466.5992,0,0,0,0,442.38312,404.36908,0,0,473.9114,0,451.2769,0,0,0,0,443.77017,0,0,458.74698,0,460.6332,0,0,0,0,0,0,551.0752,0,0,0,0,0,0,0,0,471.35013,0,0,485.3462,0,0,0,0,0,0,0,579.88495,0,0,0,572.18665,
1168,87.96594933811562,53.29,,,,,,,,,,,0,0,0,0,0,501.83655,0,0,0,452.38184,0,0,0,0,0,448.52206,0,0,545.73584,0,0,0,470.15234,461.32135,0,0,0,0,0,0,0,0,0,0,0,0,0,0,531.77997,0,0,0,0,0,0,0,0,0,556.5479,499.3197,0,0,0,503.80582,0,0,0,
1617,87.96697355733554,53.676872,,,,,,,,,,,0,0,0,0,0,462.82968,0,0,493.87775,0,0,0,0,0,0,476.23767,0,0,0,414.0827,0,0,0,0,425.63846,0,0,0,0,0,0,0,0,0,0,0,0,0,502.0755,0,0,0,0,0,0,0,0,0,497.36777,0,0,0,0,503.53613,0,0,0,
1928,87.96700209600337,53.95571,,,,,,,,,,,0,0,0,0,0,518.6329,0,0,0,464.87708,0,0,493.5335,0,0,0,412.93854,0,532.37756,0,0,0,496.60315,0,0,0,0,0,0,445.98334,0,0,0,0,0,0,0,0,0,0,0,0,0,0,0,0,0,0,0,0,0,0,0,0,0,0,0,
1106,87.97440140052682,53.190002,,,,,,,,,,,0,0,0,0,0,0,0,0,0,0,0,0,0,0,0,0,0,0,0,0,0,0,0,0,0,0,0,0,0,409.82248,0,0,0,0,0,0,450.36548,0,0,0,0,0,417.1955,0,0,0,0,0,0,0,0,0,0,0,0,0,0,
968,87.9750406155169,53.10458,,,,,,,,,,,0,0,0,0,0,701.7211,431.81824,0,605.18243,0,0,0,0,450.32886,448.29584,0,0,0,621.4897,0,0,0,0,497.28082,0,0,521.5378,511.8192,485.71265,422.14548,0,463.46585,516.42267,0,0,0,448.86435,432.13632,507.15854,489.49036,0,486.89017,0,469.87677,0,0,0,0,642.2252,508.37527,0,0,545.14844,640.4475,0,0,578.5443,
1524,87.97646969448715,53.570007,,,,,,,,,,,0,0,0,0,437.5564,0,428.2968,587.2831,0,0,0,0,997.5969,444.9307,0,0,0,0,0,401.30304,430.35568,0,0,0,587.78394,0,0,512.2785,0,0,0,0,0,1210.5985,0,453.50867,0,0,0,0,0,520.8019,431.41287,489.96045,0,0,1181.6571,0,0,0,0,0,508.56882,0,477.6378,526.3037,525.3723,
699,87.97918605596865,52.824318,,,,,,,,,,,594.9598,609.02026,0,0,1097.7362,0,1357.2451,1011.9886,495.17422,704.58777,575.9957,0,429.0961,532.8718,693.3331,561.79407,756.4322,643.22296,0,661.0013,770.17944,837.9163,634.2393,567.82513,991.4335,964.72375,977.87744,949.8336,1146.2831,516.9954,0,608.1775,802.6277,1459.6829,719.9199,795.3573,895.3344,621.6682,627.7028,1292.5878,0,614.8231,624.4279,804.90686,642.94116,0,1213.863,1090.8323,0,504.10822,0,0,884.3815,0,835.7424,1161.0768,1035.104,
310,87.99306505122753,51.251,,,,,,,,,,,0,0,0,0,0,0,0,477.03204,0,0,0,0,932.0824,0,0,0,0,0,0,0,0,0,0,0,550.2553,0,0,0,0,0,0,0,0,1190.2687,0,0,0,0,0,0,0,0,0,0,0,0,1174.0889,0,0,0,0,0,0,0,0,0,0,
157,87.99829336390133,50.48391,,,,,,,,,,,462.73816,510.6198,0,0,765.4698,0,2488.8108,1435.5691,751.26904,495.45963,646.9925,0,0,541.4315,602.12714,609.9405,1015.6911,542.086,554.5528,522.3622,582.4423,568.2596,634.1317,610.3566,1294.5303,867.3547,1082.0255,1196.9294,1510.9333,483.87512,0,727.80646,1283.6361,2317.8862,771.7104,1004.4475,1032.8395,653.8052,1020.9951,1712.2435,0,628.9843,549.24744,929.97125,798.22656,0,1672.6797,1004.1994,0,533.7333,0,0,1650.7198,714.83325,656.12616,1980.8009,1855.5083,
1885,88.96097172083135,53.881668,,,,,,,,,,,0,0,0,0,0,0,0,0,861.22784,829.49524,0,0,0,0,0,0,0,0,0,0,832.39557,0,0,0,0,0,0,0,0,0,0,0,0,927.46094,0,797.3975,0,0,0,0,0,893.91174,0,0,0,0,0,0,0,0,0,0,0,0,0,0,0,
2009,88.96179325327977,53.962276,,,,,,,,,,,863.91205,0,0,648.80585,0,880.6002,0,0,874.5443,0,814.46063,0,738.6453,0,840.2324,0,0,0,966.5116,739.4129,0,849.91437,893.25464,0,0,0,0,915.48773,866.8088,0,0,916.66626,0,0,0,0,0,0,0,0,0,0,796.7225,0,0,765.2115,0,861.881,0,970.1043,762.2184,814.99475,1076.0167,901.7189,0,0,0,
1345,88.96287640644597,53.449768,,,,,,,,,,,804.4668,0,0,0,836.44916,926.19025,0,0,0,0,0,0,720.609,0,847.76526,838.77966,802.59595,679.2638,1091.6744,0,844.5528,0,877.8529,0,0,0,928.0242,0,877.2556,0,0,0,0,950.967,740.6064,0,0,0,1019.4923,885.54034,0,0,0,880.46063,0,0,917.01733,792.1566,0,0,716.218,0,0,869.2485,0,0,0,
1497,88.96399835263593,53.544643,,,,,,,,,,,0,0,0,0,0,0,0,0,863.8529,815.41223,0,0,900.38904,0,0,0,0,0,0,0,0,0,0,0,817.1569,807.7244,0,0,0,0,0,0,0,1089.1508,740.4109,0,0,804.60315,0,0,629.4691,0,0,900.2527,869.5371,0,1168.9526,0,0,0,721.17816,0,0,0,0,773.541,0,
1660,88.96446613042961,53.701527,,,,,,,,,,,0,0,772.6234,650.3936,0,0,759.28705,0,864.12915,0,824.61163,0,0,1026.0906,0,1018.98364,804.7404,657.9235,0,0,815.6525,861.6538,0,0,0,0,0,883.5074,0,0,862.50244,0,938.45306,0,752.79144,814.89606,0,804.0749,923.7375,0,619.70447,0,0,0,928.5263,0,0,0,0,0,0,0,0,885.475,919.9402,0,1048.039,
743,88.96531380484704,52.83667,,,,,,,,,,,0,0,0,0,0,0,0,0,0,0,0,0,0,0,0,0,0,0,0,0,0,0,0,0,0,842.0363,0,0,0,742.9866,0,0,0,0,0,0,0,0,0,0,0,0,0,0,866.4302,0,0,0,0,0,0,0,0,0,0,0,0,
1774,88.96575196457025,53.796665,,,,,,,,,,,0,0,0,0,0,0,0,840.42303,0,0,781.6293,0,0,0,0,0,0,0,0,0,0,0,0,0,784.95197,0,0,0,0,0,0,0,932.12683,0,0,0,847.18994,0,0,0,0,0,0,0,0,0,0,0,0,0,0,0,0,0,0,0,1032.6509,
1564,88.96735410215827,53.61333,,,,,,,,,,,0,0,0,0,0,0,0,857.086,0,0,0,0,0,0,0,0,0,0,0,0,0,0,0,0,0,0,0,0,845.7555,0,0,0,0,0,0,0,0,0,0,0,0,0,0,0,0,0,0,0,0,0,0,0,0,0,0,0,1049.8401,
1036,88.96763740337163,53.127747,,,,,,,,,,,0,679.78394,0,615.2736,0,2945.352,0,0,0,0,0,0,816.98987,0,0,845.69403,0,0,2664.781,0,0,0,0,1038.4835,0,0,944.542,959.0559,0,820.42267,0,910.85486,0,0,0,0,0,0,1358.759,0,676.62604,889.2828,0,898.4773,0,710.94836,905.2491,0,0,1160.4286,709.9055,0,1019.15955,0,0,0,0,
1181,88.96810154428749,53.306,,,,,,,,,,,0,0,712.84375,0,0,0,0,0,0,0,0,0,0,0,0,0,0,0,0,710.78424,0,0,0,0,0,0,0,0,0,0,0,0,0,0,736.2298,0,0,0,0,0,0,0,802.18207,0,0,700.9287,0,0,0,0,0,0,0,0,0,0,0,
433,88.98133801990463,52.36875,,,,,,,,,,,0,0,0,0,0,941.9562,0,0,0,0,0,0,0,0,0,0,0,0,1033.4613,0,0,0,0,1041.2922,0,0,0,0,0,0,0,0,0,0,0,0,0,0,0,0,0,0,0,0,0,0,0,0,0,1020.44165,0,0,0,0,0,0,0,
26,89.99477871963059,49.65126,,,,,,,,,,,798.3099,495.23013,0,0,538.54266,464.80386,0,726.1837,1994.3331,545.74304,771.7241,0,0,574.5384,910.9281,506.9039,0,611.65607,547.85974,788.66034,525.7215,593.8977,703.7656,679.94476,640.7074,896.29224,1019.89996,629.74695,890.1059,0,0,765.56195,512.9974,1161.0438,760.7372,0,484.33704,0,708.9176,1009.7035,0,0,902.0709,532.84045,874.6028,0,1121.5426,736.56555,1456.5463,721.0745,801.26874,522.83,563.33936,1884.4658,680.15955,553.6688,586.2373,
410,89.99826767297715,52.127003,,,,,,,,,,,413.95096,0,0,0,0,0,0,0,524.5217,0,0,0,0,0,430.1844,0,0,0,0,0,0,0,0,0,0,0,432.0363,0,0,0,0,0,0,432.6002,0,0,0,0,0,0,0,0,458.41812,0,0,0,467.98694,0,455.84146,420.7401,0,0,0,477.79242,0,0,0,
1847,91.00765574212026,53.870003,,,,,,,,,,,0,0,0,0,0,0,0,0,2600.7756,0,0,1003.7097,0,0,0,0,0,0,0,0,0,0,0,0,0,0,0,0,0,0,0,0,0,0,0,0,0,0,0,0,0,0,0,0,0,0,0,0,2311.4988,0,0,0,0,2610.3135,0,0,0,
1698,91.00982043706749,53.71714,,,,,,,,,,,0,1687.2155,1746.7395,0,0,0,0,0,0,0,1899.6515,0,0,2259.9731,0,2265.7668,1839.3641,0,0,0,0,0,0,0,1809.7878,0,0,0,0,0,2088.494,0,2306.8904,0,0,0,0,0,0,0,1559.6918,0,0,0,2183.0664,0,0,0,2224.795,0,0,0,0,2213.577,0,0,2526.3337,
911,91.01052524943965,53.006256,,,,,,,,,,,2178.477,1540.7306,0,0,0,0,0,0,0,2241.5552,0,0,0,0,2120.2996,0,0,1565.6211,0,0,2101.11,0,2500.4062,0,0,0,0,0,0,0,0,0,0,0,0,0,0,0,0,0,0,0,1942.8895,0,0,1923.7927,0,0,0,0,2028.648,2274.4968,0,0,2294.0076,0,0,
599,91.01054149858508,52.64473,,,,,,,,,,,0,1783.8418,0,0,0,0,1671.1539,2014.8983,2331.8267,0,0,0,0,0,2066.0745,0,1965.3446,1605.758,0,0,0,0,0,0,0,1988.1467,0,0,1885.7015,0,0,2049.0542,0,2197.7021,0,1879.2638,0,0,0,2065.0022,0,0,1902.1831,0,0,0,0,1946.0867,2205.4773,0,0,0,0,2276.0269,0,1753.781,0,
1407,91.0111899320565,53.4839,,,,,,,,,,,2346.3037,1692.9039,2503.065,1549.3507,2142.9954,2546.3796,2074.5024,2305.6294,0,2488.4944,2673.1272,0,1949.827,2014.4606,2408.255,1933.3374,2150.6248,1675.2926,0,2021.3678,0,2354.4224,2719.5098,2433.1086,2226.133,2148.938,3081.4893,2687.3315,2772.086,2246.8628,2133.3376,2209.4314,2993.676,2628.7195,2115.1624,2029.2523,2244.245,1963.4625,2421.387,2652.8792,1755.4116,2663.5635,2325.0334,2527.5894,3006.8464,2160.751,2663.9602,0,0,2405.8623,2296.8218,2498.4236,3388.9216,0,2531.9211,1797.038,3342.6184,
2004,91.01136063624634,53.96185,,,,,,,,,,,0,1590.1134,0,0,0,0,1702.302,2061.0842,0,0,0,1067.6127,1749.691,2063.7915,2121.646,0,1889.1707,1594.2942,0,0,0,0,0,0,0,0,2416.4348,0,1982.5525,0,0,0,0,2232.4111,1797.0513,1944.1703,0,0,0,2079.433,1611.1147,0,0,0,0,1908.3031,2199.0474,0,0,0,0,0,0,0,0,1704.6731,0,
488,91.01209510475421,52.396667,,,,,,,,,,,0,0,0,0,0,0,0,0,2423.0615,0,0,0,0,0,0,0,0,0,0,0,0,0,0,0,0,0,0,0,0,0,0,0,0,0,0,0,0,0,0,0,0,0,0,0,0,0,0,0,2324.3772,0,0,0,0,2354.0894,0,0,0,
1023,91.01236266118612,53.12111,,,,,,,,,,,0,0,0,0,0,4627.508,0,0,0,0,0,0,1811.3269,0,0,0,0,0,4011.0466,0,0,0,0,0,0,1953.8545,0,2222.477,0,0,0,2034.8516,0,0,0,0,0,0,2333.389,0,1603.1713,0,0,0,0,0,0,0,0,2396.9392,0,0,0,0,0,0,0,
814,91.01336771288287,52.915157,,,,,,,,,,,2147.7185,0,2013.9755,2450.3499,2009.9924,2336.468,0,2095.1406,0,2293.8457,2171.6113,0,1733.9388,2138.566,2032.6643,1853.497,3503.2363,0,0,0,2154.3608,2124.4685,2459.874,0,0,0,0,0,0,0,2204.5508,0,4068.8787,0,0,3449.9631,3846.806,3278.8918,2117.008,0,2546.918,3920.795,1954.9856,4125.686,2549.318,2008.3799,0,0,0,0,2075.2559,2230.62,4369.3613,0,2425.4558,1636.8594,4235.9243,
750,92.01958443550103,52.85875,,,,,,,,,,,0,0,0,0,0,0,0,0,0,0,0,0,0,610.98364,0,551.06964,0,0,0,0,0,0,0,573.3939,0,0,0,0,0,0,599.48413,0,0,0,0,0,0,0,0,0,0,0,0,0,0,0,0,0,0,0,0,0,0,0,0,0,0,
966,92.02114579020723,53.101254,,,,,,,,,,,0,0,0,0,0,1206.9951,0,0,0,0,0,0,0,0,0,0,0,0,943.9735,0,0,0,0,0,0,0,0,0,0,0,0,0,0,0,0,0,0,0,0,0,441.4191,0,0,0,0,0,0,0,0,0,0,578.0834,0,0,0,0,0,
1071,92.02311701089472,53.153572,,,,,,,,,,,0,0,0,0,0,0,0,0,462.32983,565.32623,507.21838,0,0,0,0,0,0,0,0,0,0,0,0,0,0,0,0,0,0,0,0,0,0,531.353,0,0,0,0,530.50604,0,0,0,0,0,0,0,0,0,0,579.8676,0,0,711.4423,0,0,0,0,
453,92.0276225391297,52.391666,,,,,,,,,,,0,0,0,0,0,0,0,0,485.58255,0,0,0,0,0,0,0,0,0,0,0,0,0,0,0,0,0,0,0,0,0,0,0,0,0,0,0,0,0,0,412.94116,0,0,0,0,0,0,0,0,559.01733,0,0,0,0,0,0,0,0,
829,92.02768822315629,52.91723,,,,,,,,,,,527.8035,0,598.3802,591.66785,0,709.4655,0,0,0,595.6512,626.78815,0,0,0,0,0,788.38837,0,0,0,474.09283,524.6512,702.3276,0,0,0,0,0,0,0,0,0,1009.05524,0,0,791.1945,822.8627,738.66296,510.51227,415.08075,652.5214,931.4861,0,984.1651,580.8264,548.24945,0,0,0,594.9183,616.3295,589.70483,1198.1027,0,629.21606,0,1013.2825,
1434,92.02788386505111,53.489212,,,,,,,,,,,509.525,0,646.6211,400.09122,0,721.5521,0,555.0291,0,629.6172,677.5613,0,0,0,0,505.87512,423.68225,0,0,0,0,589.58386,689.6427,605.203,0,0,620.35205,580.8833,0,0,553.53186,0,778.55444,584.31384,0,0,521.09314,459.01602,575.9369,541.8271,0,589.677,0,582.19775,688.81793,590.2746,566.84045,0,0,641.5185,614.03235,574.6136,811.2779,0,582.91956,0,771.22394,
602,92.0281914824166,52.645,,,,,,,,,,,0,0,0,0,0,0,0,0,523.2625,0,0,0,0,0,0,504.62537,459.57535,0,0,0,463.73096,505.71167,0,0,0,0,541.2592,0,0,0,0,0,0,553.3295,0,432.64792,501.29846,0,498.45767,445.5054,0,591.11804,0,552.6891,557.20105,0,531.49005,466.15137,510.28668,0,0,0,0,0,554.8787,0,635.8009,
1769,92.02996042823848,53.788334,,,,,,,,,,,0,0,0,0,0,0,0,0,0,0,0,0,0,0,0,0,0,0,0,0,0,0,0,0,0,0,0,0,0,0,0,0,0,0,0,0,0,405.577,0,417.50342,0,0,0,0,521.0526,0,0,0,0,0,0,0,0,0,0,0,0,
1701,92.03298772390025,53.718334,,,,,,,,,,,0,0,0,0,0,0,0,0,0,0,0,0,0,0,0,0,0,0,0,0,0,0,0,0,0,0,0,0,0,0,0,0,0,0,0,0,0,0,0,0,429.9039,0,0,0,0,0,0,432.05493,498.80386,0,0,0,0,0,0,0,0,
927,92.03466487701078,53.015713,,,,,,,,,,,512.05164,0,0,0,0,0,0,0,0,585.4845,0,0,0,0,0,0,0,0,0,0,0,0,668.05164,0,0,0,0,0,0,0,0,0,0,0,0,0,0,404.53775,525.8195,0,0,0,0,0,0,504.32495,0,0,0,0,567.88556,0,0,0,0,0,0,
1674,93.02425407895706,53.704998,,,,,,,,,,,0,0,0,700.49493,0,0,0,0,0,0,1136.5753,0,0,1209.3456,0,1133.3593,0,0,0,0,0,0,0,0,0,0,0,0,0,0,0,0,0,0,0,0,0,0,0,0,0,0,0,0,1217.3495,0,0,0,0,0,0,0,0,0,0,0,0,
737,93.02953711425612,52.809593,,,,,,,,,,,1163.8268,0,0,0,1083.6783,0,818.0569,1350.7966,1429.174,1440.2422,0,0,1049.098,0,0,0,0,0,0,1183.6025,0,1189.204,0,0,0,1152.3612,0,1360.4949,922.475,0,0,0,0,1452.5325,894.50146,815.30695,1096.6302,0,0,1036.9022,0,0,0,1331.1301,0,1145.2704,1339.7019,0,1384.1915,1260.8391,1546.4498,0,0,1375.5535,0,713.3619,0,
1094,93.0289985661534,53.183334,,,,,,,,,,,0,0,0,0,0,0,0,0,1367.6316,0,0,0,0,0,0,0,0,0,0,0,0,0,0,0,0,0,0,0,0,0,0,0,0,0,0,0,0,0,0,0,0,0,0,0,0,0,0,0,1348.796,0,0,0,0,1345.1409,0,0,0,
1864,93.03036693831173,53.873333,,,,,,,,,,,0,0,0,0,0,0,0,0,1832.5872,0,0,0,0,0,0,0,0,0,0,0,0,0,0,0,0,0,0,0,0,0,0,0,0,0,0,0,0,0,0,0,0,0,0,0,0,0,0,0,1455.9657,0,0,0,0,1764.5505,0,0,0,
797,93.03161718529252,52.91397,,,,,,,,,,,1405.2262,681.8156,1401.9153,1843.2961,1111.7349,0,0,1332.7397,0,1641.4946,1675.7559,0,1152.5028,1128.6417,1108.9143,999.9542,2356.2466,719.8009,1532.998,1301.1884,1206.2684,1395.0164,2024.8418,1441.9863,1112.2063,1134.8225,1379.3727,0,0,1229.9055,1436.919,1234.4001,3397.016,1300.0919,942.29486,2434.212,3081.4563,2195.478,1090.2625,0,2085.8643,3204.9314,1160.232,3372.9626,1730.9254,1445.3668,1355.7689,0,1332.0242,1431.437,1663.4442,1548.678,4007.2727,0,1552.9294,723.5407,3538.236,
596,93.03171117822028,52.644176,,,,,,,,,,,0,880.4969,0,0,1098.0308,0,781.8349,1189.0624,1369.3569,0,0,0,0,1022.3243,1087.017,941.0912,971.4028,799.94934,0,0,1128.54,0,0,1270.6552,1040.932,1142.235,1392.0703,0,1059.9772,0,0,1159.8954,0,1383.0435,994.5332,1034.0602,1164.3661,847.45404,1006.7581,1145.4354,0,0,1034.0343,0,1265.6182,0,0,1038.185,1408.2034,0,0,0,0,1391.2667,0,923.37494,0,
891,93.03438736874458,53.003162,,,,,,,,,,,1268.4292,615.051,0,0,0,1844.9059,0,0,0,1558.7878,0,0,1078.8395,0,1059.2979,0,0,715.1981,0,0,0,0,1865.0507,0,0,1112.0667,0,0,0,1180.6041,0,0,0,0,912.5145,803.2128,0,781.20953,920.97485,0,0,0,1033.8607,0,0,1177.9725,1272.8245,0,0,0,0,1441.2439,0,0,1376.2086,0,0,
1406,93.0352296759754,53.4838,,,,,,,,,,,1420.679,784.1118,1897.0376,945.6917,1297.3936,2008.0791,1094.5492,1566.2661,0,1730.9071,2030.5044,0,1438.7526,1081.9003,1420.4645,893.016,992.70905,895.18207,0,1351.4972,0,1529.8849,2198.054,1501.7264,1396.0908,1316.9111,2095.7808,1870.3969,1758.8954,1542.3945,1311.2667,1277.8683,2464.2673,1780.7666,1261.9406,1035.7656,1377.8065,935.2815,1350.2739,1744.8107,1142.5001,1717.9141,1428.6287,1660.2462,2037.272,1574.6234,1714.3154,0,0,1559.271,1805.8241,1658.7499,2858.5576,0,1853.6888,896.8977,2496.599,
385,93.03546185864282,51.96091,,,,,,,,,,,0,754.3151,0,0,1106.6799,0,785.9886,0,0,0,0,0,0,0,0,0,895.96075,697.1082,0,0,0,0,0,0,0,0,0,0,1032.0612,0,0,0,0,0,0,874.91077,0,781.8114,985.2419,1175.8607,0,0,0,0,0,0,0,0,0,0,0,0,0,0,0,795.93005,0,
1245,93.03632911861759,53.354378,,,,,,,,,,,0,0,962.58514,0,0,0,0,1230.1337,0,0,0,0,0,0,0,0,0,0,0,0,0,0,0,1264.0516,1057.7437,0,0,0,0,0,0,1116.8352,0,0,0,0,0,0,0,0,0,0,1004.2667,0,0,1256.3995,0,0,0,1230.7869,0,0,0,0,0,0,0,
209,93.05242491538274,50.49,,,,,,,,,,,0,0,0,0,0,0,913.94836,0,0,0,0,0,0,0,0,0,0,0,0,0,0,0,0,0,0,0,0,0,0,0,0,0,0,0,0,0,0,0,0,1006.78394,0,0,0,0,0,0,0,0,0,0,0,0,0,0,0,863.8166,0,
503,93.05287720349075,52.39875,,,,,,,,,,,0,0,0,0,0,0,0,0,1482.4825,0,0,0,0,0,0,0,0,0,0,0,0,0,0,0,0,0,0,0,0,0,0,0,0,0,0,0,0,0,0,0,0,0,0,0,0,0,0,0,1511.3883,0,0,0,0,1507.5525,0,692.03986,0,
147,94.01860029336235,50.47313,,,,,,,,,,,0,0,0,0,0,0,675.5417,923.9222,0,0,0,0,0,0,0,0,0,0,0,0,0,937.3602,0,1089.8533,840.6008,920.9216,0,1067.5256,0,0,0,960.46844,1313.8502,1023.5384,0,0,0,0,820.5793,765.748,0,0,0,0,0,0,1146.0889,687.3122,0,1109.6914,0,0,0,0,0,570.221,0,
884,94.02116569975296,53.002003,,,,,,,,,,,0,0,0,0,0,1472.5527,0,0,0,1151.6659,0,0,0,0,0,0,0,0,0,0,0,0,0,0,0,0,0,0,0,0,0,0,0,0,0,0,0,0,0,0,756.03986,0,0,0,0,0,0,0,0,0,1130.2073,1127.88,0,0,0,0,0,
661,94.02520274873994,52.79833,,,,,,,,,,,924.8267,0,0,0,839.3465,0,534.358,935.0082,809.84735,1079.8564,0,0,832.3194,0,0,0,0,0,0,928.3197,0,0,0,0,798.6437,0,1071.3014,992.5793,733.1569,913.84735,1064.3197,0,0,963.8467,700.916,0,0,0,0,0,0,0,0,0,0,938.78687,0,0,0,0,0,0,0,827.6587,0,0,0,
1430,94.025391691112,53.4878,,,,,,,,,,,906.3155,0,1153.4603,684.31415,820.6002,0,657.4819,989.1893,750.2968,1153.0555,1183.1167,0,844.10394,940.8954,897.559,0,638.86566,0,1341.1471,0,0,1001.12585,1351.6351,1060.6799,820.0036,0,1198.7701,1101.5139,921.55475,962.3047,0,0,1425.9663,1005.25726,801.10364,580.3691,0,626.0703,926.93787,880.0343,767.2566,1160.5178,868.37006,1032.4325,1165.0948,969.62506,1070.7489,0,0,0,0,1119.6191,1629.6149,0,1136.1761,549.9814,1474.7051,
572,94.02583740151412,52.64125,,,,,,,,,,,0,0,0,0,0,0,528.86664,0,792.7447,0,0,0,0,0,0,0,566.36774,0,0,905.3723,0,0,0,0,0,0,0,0,0,0,0,899.5757,0,936.6012,0,571.46387,874.49133,0,872.9317,0,0,0,0,0,0,0,0,0,957.6309,0,0,0,0,862.41876,0,577.05426,0,
1554,94.02597986881163,53.602,,,,,,,,,,,0,0,0,0,0,0,0,0,0,0,0,0,0,0,0,847.2743,0,0,0,0,0,0,0,0,0,0,0,0,0,0,0,0,1295.0464,0,708.1929,0,0,0,0,0,0,0,0,0,979.1118,0,0,0,0,0,0,0,0,0,0,0,1234.1477,
1246,94.02606777372458,53.354446,,,,,,,,,,,893.33344,0,0,0,0,0,0,0,0,0,0,0,0,0,0,0,0,0,1258.2108,0,0,892.9703,1366.0844,1064.7091,0,0,0,0,0,0,0,0,0,0,0,0,0,0,0,0,0,0,0,0,0,944.4773,959.2566,0,0,1070.7345,0,0,0,0,1073.7074,0,0,
834,94.02637765801452,52.918037,,,,,,,,,,,0,0,968.3096,884.61554,0,1521.5973,0,929.57306,0,1132.1422,1114.2308,0,843.0873,0,0,0,964.98755,0,1087.9673,924.2262,844.94147,947.1373,0,0,0,0,0,0,0,0,1126.7699,902.3135,1701.6172,933.2308,0,1007.0814,1310.1124,958.6368,818.1909,0,1128.7966,1563.3226,793.97943,1547.1356,1045.2258,982.59595,0,0,0,1074.3132,1171.3102,1192.9131,2045.2474,0,1042.5208,504.15887,1680.5334,
1049,94.03194992085866,53.13562,,,,,,,,,,,0,0,0,0,0,1463.8438,530.5286,0,0,0,0,0,838.3851,0,0,0,573.1896,0,0,0,0,0,0,0,0,0,0,0,0,0,0,0,0,0,0,0,893.89996,0,0,0,0,0,0,1032.2599,0,0,0,0,917.79175,0,0,1048.9412,0,0,0,0,0,
333,95.03779549657871,51.375,,,,,,,,,,,0,0,0,0,0,0,0,0,0,0,0,0,0,0,0,1951.49,0,0,2441.2043,0,0,0,0,0,0,0,0,0,0,0,0,0,0,0,0,0,0,0,0,0,0,0,0,0,0,0,0,1839.0746,0,0,0,0,0,0,0,0,0,
14,95.04495796661617,49.64875,,,,,,,,,,,0,0,0,0,0,0,0,0,2574.221,0,0,0,0,0,0,0,0,0,0,0,0,0,0,0,0,0,0,0,1657.9562,0,0,0,0,0,0,0,0,0,0,1846.5093,0,0,0,0,0,0,0,0,0,0,0,0,0,2682.3252,0,0,0,
807,95.04562146477281,52.914886,,,,,,,,,,,2363.4202,1084.1455,2288.3638,3024.8628,1970.8157,0,0,2389.0317,0,2913.8755,2641.736,0,0,1997.5463,1832.9772,1825.5868,3754.6633,1145.6757,2508.3628,2363.4358,2042.1812,2331.8794,3529.5269,2469.0176,0,0,2522.5015,2538.939,1603.0125,2282.2737,2599.6104,2088.478,5506.643,0,1667.1687,3830.5864,4521.236,3255.057,1733.675,0,0,5050.246,1859.1187,5409.159,2596.7356,2492.671,0,0,0,2502.3745,3029.207,2707.1956,0,0,2811.6404,1204.0105,5530.484,
114,95.0457077329814,50.203335,,,,,,,,,,,0,0,0,0,0,0,0,0,4210.5513,0,0,0,0,0,0,0,0,0,0,0,0,0,0,0,0,0,0,0,0,0,0,0,0,0,0,0,0,0,0,0,0,0,0,0,0,0,0,0,5113.946,0,0,0,0,4354.273,0,0,0,
1646,95.04573771083754,53.699284,,,,,,,,,,,0,0,1964.7405,0,0,0,0,0,0,0,2305.918,0,0,2651.0422,0,2513.307,0,0,0,0,0,0,0,0,0,0,0,0,0,0,2454.9,0,0,0,0,0,0,0,1686.7185,0,0,0,0,0,2377.486,0,0,0,0,0,0,0,0,0,0,0,0,
584,95.04651835563915,52.642723,,,,,,,,,,,0,1235.1788,0,0,0,3374.8909,1401.2704,0,2999.9836,0,0,0,2159.8638,2230.8667,1765.5845,1835.8254,1494.4011,1214.6421,2432.5774,2241.46,0,0,0,2308.646,1864.8928,2097.5593,2591.8264,2832.5776,1742.9644,2383.0442,2617.0012,2144.351,0,2555.671,1821.8693,1587.61,2048.292,1426.6162,1788.4377,1978.1609,0,0,0,0,2135.5176,0,2518.3481,1881.6143,3775.4414,2318.9153,0,0,0,3177.8757,0,1395.7914,0,
1253,95.04659295185314,53.35864,,,,,,,,,,,0,0,0,0,0,0,0,2416.696,0,0,2006.4204,543.75385,0,0,0,0,0,0,0,0,0,2194.2668,0,2507.3464,1965.2795,0,0,0,0,0,2345.2935,0,0,0,1670.5283,0,0,0,0,0,0,0,0,0,0,2329.475,0,0,0,2449.2302,0,0,0,0,2415.4993,0,0,
677,95.04670585012848,52.819996,,,,,,,,,,,2369.868,1108.029,0,0,2338.193,0,1942.9137,2667.3743,2368.9824,2850.4998,2039.2203,0,0,0,1828.8909,1624.3047,1416.3129,1187.2122,0,2448.2031,2061.8113,2400.722,0,2397.5745,2245.06,2414.7158,2783.3179,2809.749,2016.0635,0,0,0,3064.1108,3185.598,1898.3563,1588.1945,2212.7166,1374.6571,1571.1788,2265.0894,0,0,1835.2988,2700.3667,2170.5027,2119.8762,2971.0242,2055.869,0,2321.8843,3056.0186,0,4000.4424,0,2583.6733,1761.8604,3119.6694,
1418,95.0467891380003,53.48561,,,,,,,,,,,2386.084,1212.1697,2652.3374,1508.3374,2069.6812,3349.7327,1552.5437,2380.6743,0,2728.9297,2886.1035,0,2316.3606,0,2143.9163,1643.7437,1440.7284,1247.765,0,2224.8306,0,2311.9685,3510.438,2437.507,2215.4407,2204.8901,3003.3298,2827.6577,2275.9473,2510.605,2346.6577,2106.6294,3686.748,2685.1677,1934.4913,1593.6868,2219.4824,1525.8114,1899.1,2394.6975,1808.2675,2784.0037,2196.252,2614.5344,2923.0586,2316.4165,2600.7727,0,0,2567.47,2901.481,2659.1199,4339.139,0,2868.6685,1311.1183,3787.5493,
195,95.0480640483323,50.488,,,,,,,,,,,0,0,0,0,0,0,2584.751,0,0,0,0,0,0,0,0,0,1347.7126,0,0,0,0,0,0,0,2151.2935,0,0,0,2031.9883,0,0,0,0,3033.209,0,0,0,0,1668.7931,2250.0874,0,0,0,0,0,0,2671.0955,0,0,0,0,0,0,0,0,2136.2756,2976.6946,
915,95.04815212490655,53.0095,,,,,,,,,,,2362.4043,991.50635,0,0,1803.3265,3485.3015,0,0,0,2780.3645,0,0,0,0,1779.301,0,0,1071.9102,0,0,0,0,3471.7048,0,0,0,0,0,0,0,0,0,0,0,0,0,0,0,0,0,0,0,0,0,0,2100.968,0,0,0,0,0,2570.11,0,0,0,0,0,
1978,95.99994008863193,53.960762,,,,,,,,,,,5776.8267,0,0,0,0,0,0,5821.2783,5839.6284,0,0,0,0,5922.8135,0,0,0,5034.61,5937.383,0,0,0,0,5923.855,0,5545.122,0,5804.01,5727.3667,5126.7183,5748.7593,5765.8135,5890.903,0,0,5553.4004,0,5748.4844,0,5833.437,0,0,5481.314,6101.861,0,0,5886.3413,0,0,5900.315,5263.1694,5547.9775,0,0,6084.6333,5292.6885,6381.403,
1667,96.00138866904395,53.70312,,,,,,,,,,,0,0,4632.6367,0,5570.7188,0,0,0,0,0,5155.925,0,0,0,0,5869.033,0,0,0,0,0,0,0,0,0,0,5870.326,0,0,0,0,0,0,0,0,0,0,0,5625.0845,0,4355.3804,0,0,0,6197.071,0,0,0,0,0,0,0,0,0,0,0,0,
1444,96.00267036520437,53.49454,,,,,,,,,,,5622.933,4779.5117,4719.7974,0,0,0,0,5565.7393,0,5571.5312,5304.1123,0,0,0,5575.7046,5499.312,0,0,0,0,0,5562.4727,0,0,0,0,5946.8184,5577.225,5563.3125,0,0,0,5829.5713,0,0,0,0,0,0,5523.2456,0,0,5366.03,5946.7627,5893.8066,0,5739.434,0,0,0,0,5407.0415,6260.45,0,0,4997.246,6291.3276,
603,96.00528591219802,52.645,,,,,,,,,,,0,0,0,0,0,0,0,0,6107.0103,0,0,0,0,0,0,0,0,0,0,0,0,0,0,0,0,0,0,0,0,0,0,0,0,0,0,0,0,0,0,0,0,0,0,0,0,0,0,0,6638.4824,0,0,0,0,6000.65,0,0,0,
99,96.05000305175781,50.201664,,,,,,,,,,,0,0,0,0,0,0,0,0,6552.445,0,0,0,0,0,0,0,0,0,0,0,0,0,0,0,0,0,0,0,0,0,0,0,0,0,0,0,0,0,0,0,0,0,0,0,0,0,0,0,7337.314,0,0,0,0,6788.317,0,0,0,
1999,96.94217852544102,53.96167,,,,,,,,,,,0,1398.067,0,0,0,0,0,0,0,0,0,1057.2098,0,0,0,0,0,1512.0033,0,0,0,0,0,0,0,0,0,0,0,0,0,0,0,0,0,0,0,0,0,0,0,0,0,0,0,0,0,0,0,0,0,0,0,0,0,0,0,
1114,96.97674250588024,53.161255,,,,,,,,,,,0,0,0,0,2004.0631,0,1939.9507,0,0,2432.8994,0,0,0,0,0,0,2041.2135,0,0,0,0,2218.4148,0,0,0,0,0,2785.4102,2131.6458,2477.0378,0,0,0,0,0,2009.2275,2488.7124,0,0,0,0,2564.6616,0,2580.7207,0,0,0,0,0,0,0,0,0,0,0,0,0,
1364,96.96009830480781,53.470715,,,,,,,,,,,0,1412.2324,2174.3057,0,0,0,0,0,0,0,2185.4512,997.1373,0,0,0,0,0,0,2574.5103,0,0,0,0,0,0,0,0,0,0,0,0,0,0,0,0,0,0,0,0,0,0,0,0,0,2233.2158,0,0,2122.9482,0,0,0,0,0,0,0,0,0,
1249,96.97980806635117,53.355835,,,,,,,,,,,0,0,0,0,0,0,0,0,0,0,0,0,0,0,0,0,0,0,2587.5264,0,0,2198.7234,0,0,2242.5017,0,0,0,0,0,0,0,0,0,0,0,0,0,0,0,0,0,0,0,0,2137.795,0,0,0,2603.479,0,0,0,0,2487.9766,0,0,
938,96.98237930508485,53.032856,,,,,,,,,,,0,0,0,0,0,0,0,0,0,2437.61,0,0,0,0,0,0,0,0,0,0,0,2220.6653,2907.4497,0,0,0,0,0,0,0,0,0,0,0,0,0,0,0,0,0,0,0,0,0,0,2265.9873,0,0,0,0,2608.3848,2422.7214,0,0,2551.2412,0,0,
1479,96.9830652024919,53.53875,,,,,,,,,,,0,0,0,0,0,0,0,0,0,0,0,0,0,2774.4485,0,2601.9736,0,1422.0791,0,0,0,0,0,0,0,0,0,0,0,0,2848.4167,0,0,0,0,0,0,0,0,0,0,0,0,0,0,0,0,0,0,0,0,0,0,0,0,0,0,
808,96.99094517521782,52.914993,,,,,,,,,,,0,0,0,2052.3289,0,0,0,0,0,0,0,0,0,0,0,0,2129.0112,0,0,0,0,0,0,0,0,0,0,0,0,0,0,0,3336.596,0,0,2288.2864,2661.413,2224.0674,0,0,2280.0261,2951.562,0,2986.4377,0,2137.912,0,0,0,0,0,0,3690.5247,0,0,0,3319.6062,
1647,96.99113299138314,53.699284,,,,,,,,,,,0,0,2342.0225,0,0,0,0,0,0,0,2478.386,0,0,3273.5923,0,3154.0571,0,0,0,0,0,0,0,0,0,0,0,0,0,0,2697.3965,0,0,0,0,0,0,0,2166.3132,0,0,0,0,0,2775.9392,0,0,0,0,0,0,0,0,0,0,0,0,
412,96.99609655176458,52.128338,,,,,,,,,,,0,0,0,0,0,0,0,0,0,0,0,0,0,0,2015.9811,0,0,1434.3867,0,0,0,0,0,0,0,0,0,0,0,0,0,0,0,0,0,0,0,0,0,0,0,0,2080.8386,0,0,0,0,0,0,0,0,0,0,0,0,0,0,
707,96.99915970834756,52.82499,,,,,,,,,,,2663.411,2116.8726,2190.624,1970.2579,3758.3938,2879.8445,4153.177,3976.1677,2753.845,3268.739,2722.7263,0,2595.4092,2855.118,2778.1772,2654.064,2743.0667,2107.7134,2518.5234,3194.9116,2977.5767,3277.951,3714.5989,2956.1465,3644.9033,3790.2856,4204.0396,4002.3318,4053.0981,2718.5278,0,2794.9443,3993.6433,5294.0615,2931.1814,2781.295,3332.5266,2301.8176,2409.2737,4334.995,1989.0978,3025.6355,2686.349,3331.526,2948.7175,2317.0752,4557.519,3583.6362,3161.7278,2891.1392,3229.0908,2609.4963,4627.0977,2800.6191,3464.761,3795.6304,4448.418,
571,97.00418110242927,52.64116,,,,,,,,,,,0,0,2253.777,0,0,2915.9126,0,0,3658.4583,0,2170.2825,0,2340.239,0,0,0,0,0,2599.6885,0,0,0,0,0,0,0,0,2983.6943,0,2599.5325,2955.0464,0,0,0,0,0,0,0,1954.9225,0,0,0,0,0,2262.901,0,0,0,4478.869,0,0,0,0,3714.7368,0,0,0,
534,97.00847696233585,52.485447,,,,,,,,,,,0,0,0,0,2096.4233,0,1937.4543,3198.2275,0,2415.757,0,0,3798.6218,0,0,0,0,0,0,3606.193,0,2311.1187,3756.056,0,2868.7969,3515.8215,3142.5442,3006.6863,2135.217,2821.129,0,0,0,4471.416,2864.2244,0,0,0,0,2339.3198,0,2641.2268,0,0,0,0,4724.7603,3038.1624,0,0,3587.6797,0,0,0,0,2133.7446,0,
489,97.01909430077738,52.396667,,,,,,,,,,,0,0,0,0,0,0,0,0,0,0,0,0,0,3552.5847,0,3478.5466,0,0,0,0,0,0,0,0,0,0,0,0,0,0,3532.5076,0,0,0,0,0,0,0,0,0,0,0,0,0,0,0,0,0,0,0,0,0,0,0,0,0,0,
282,97.02196219262736,51.244167,,,,,,,,,,,0,0,0,1834.0228,0,0,0,0,0,0,0,0,0,4382.7554,0,4406.8125,0,0,0,0,0,0,0,0,0,0,0,0,0,0,4129.3745,2374.2595,0,0,0,0,0,0,0,0,0,0,0,0,0,0,0,0,0,2647.0413,0,0,0,0,0,0,0,
168,97.02862107155342,50.48551,,,,,,,,,,,0,1469.4596,0,0,2321.5696,0,6010.5586,4004.0273,2717.9873,0,0,0,0,0,2015.9869,0,2673.0125,1524.798,0,0,0,0,0,0,3683.2524,2711.696,3447.305,3759.514,4182.1978,0,0,2748.734,4156.526,6007.855,2468.2266,2974.1738,3147.9111,2160.6123,2896.53,4540.3477,0,0,0,2927.9922,2529.9246,0,4862.6655,2917.6333,0,0,0,0,4853.2783,0,0,5048.592,5202.816,
16,97.03872377805261,49.649174,,,,,,,,,,,2535.8303,1490.639,0,0,0,0,0,0,5038.154,0,2465.9875,0,0,0,2721.486,0,0,1779.46,0,2528.3928,0,0,0,0,0,2810.8728,3426.6567,0,2733.897,0,0,2581.5486,0,3392.3936,2444.66,0,0,0,2180.8,2832.9375,0,0,2800.488,0,2635.7986,0,3366.949,2263.8918,4367.316,2801.0437,0,0,0,4918.7593,2356.9343,1738.0526,0,
75,97.04209562299069,50.058815,,,,,,,,,,,0,0,0,2585.7617,0,0,3853.627,6150.759,4833.235,0,0,0,6795.3057,5443.5713,0,5404.0605,2594.5198,0,0,4311.466,0,0,4977.7095,3094.1853,5824.983,4453.5586,4861.8755,6438.9194,3861.3223,5281.2427,5112.219,2798.2021,4117.883,8551.571,4109.5146,2789.0098,3503.2178,2689.4387,0,4171.9775,2480.9602,3813.1792,0,3807.679,0,0,8983.809,4063.7349,5279.2935,3024.0793,4495.964,0,3872.047,4993.3438,0,4157.252,3970.5322,
115,97.04722516650146,50.203335,,,,,,,,,,,0,0,0,0,0,0,0,0,6378.408,0,0,0,0,0,0,0,0,0,0,0,0,0,0,0,0,0,0,0,0,0,0,0,0,0,0,0,0,0,0,0,0,0,0,0,0,0,0,0,7461.9185,0,0,0,0,6647.909,0,0,0,
1061,98.01835163117009,53.1475,,,,,,,,,,,0,0,0,0,989.9431,0,910.5214,0,0,0,0,0,0,0,0,0,0,562.70416,0,1355.8683,0,1137.361,0,0,0,0,0,0,0,0,0,0,0,0,0,851.5116,1297.5613,0,0,0,1099.1436,0,0,0,0,0,0,0,0,0,0,0,0,0,0,0,0,
1188,98.01914871534242,53.315384,,,,,,,,,,,1065.0323,0,0,0,945.26184,1704.6016,0,0,0,1295.9536,1106.4321,0,0,0,0,0,0,0,1618.9957,0,0,1174.269,0,1427.7816,1187.1249,0,0,0,0,0,0,0,0,0,0,0,0,0,1057.1948,0,0,0,0,0,1108.1631,0,0,0,1879.8104,0,0,0,0,1427.971,0,0,0,
1273,98.02338392743229,53.381668,,,,,,,,,,,0,0,0,0,0,0,0,0,0,0,0,0,0,0,0,0,0,0,1423.0723,0,955.8607,0,0,0,0,0,0,0,0,0,0,0,0,0,0,0,0,0,0,0,0,0,0,0,0,1130.711,0,0,0,0,0,0,0,0,0,0,0,
726,98.02708714353084,52.82717,,,,,,,,,,,1343.0879,811.4733,1283.5802,1050.1396,1569.0787,0,1683.7025,1834.9307,0,1595.5773,1122.4999,0,0,1238.051,1140.488,1116.3586,1036.9222,858.5195,0,1511.5734,1215.8492,1504.7598,1714.0035,1463.4384,1601.2462,1654.9846,1888.8052,1986.9316,1680.9437,1615.3263,0,1251.9774,2213.0046,2211.5332,1170.1122,1075.982,1521.3949,933.6273,1051.9294,1764.894,0,1569.9905,1226.9803,1463.3933,1304.5662,0,2146.489,1446.3881,0,1441.2098,0,1394.7662,2435.9863,0,1645.2373,1425.9254,2284.249,
759,98.0274686728131,52.904163,,,,,,,,,,,0,0,0,1028.8859,0,1673.9696,0,0,0,1279.4897,0,0,0,0,0,0,0,0,0,0,0,0,0,0,0,0,0,0,0,0,1352.7152,0,0,0,0,0,0,0,0,0,1134.2281,0,0,0,0,0,0,0,0,0,0,0,0,0,0,0,1927.3507,
368,98.0274720309729,51.72083,,,,,,,,,,,0,0,0,0,0,0,1345.6423,0,0,0,0,0,0,0,0,0,0,0,0,0,0,0,0,0,0,0,0,1681.3259,1156.6969,0,0,0,0,1607.0442,0,0,0,0,0,1225.8977,0,0,0,0,0,0,0,0,0,0,0,0,0,0,0,851.3207,0,
8,98.02924548034268,49.647186,,,,,,,,,,,1237.052,609.2671,0,0,0,0,0,0,2059.456,0,1217.7793,0,0,0,1124.6757,0,0,722.39264,0,1428.6672,0,0,0,0,0,1255.6368,1738.9114,0,1294.7692,0,0,1211.6793,0,1608.6783,1104.6201,0,0,0,1120.3273,1445.1609,0,0,1180.3959,0,1298.9382,0,1540.7836,1054.187,2011.5911,0,0,0,0,2056.4048,1300.4603,873.64496,0,
625,98.02961849499937,52.662216,,,,,,,,,,,0,0,1295.1621,0,0,1614.2135,0,0,0,0,1153.1964,0,0,0,0,0,0,0,0,0,0,0,0,0,0,0,1585.7604,0,0,1531.5188,1356.2367,0,0,0,0,0,0,0,0,0,0,0,0,0,0,0,0,0,2022.0575,1419.8038,0,0,0,1461.8944,0,0,0,
524,98.03222455210336,52.483,,,,,,,,,,,0,0,0,0,0,0,0,1375.6332,0,0,0,0,1564.271,0,0,0,0,0,0,1401.2667,0,0,0,0,1219.4652,1252.9509,0,0,0,0,0,0,0,1643.7355,992.7898,0,0,0,0,0,0,0,0,0,0,0,1858.8173,1055.1265,0,0,1470.648,0,0,0,0,0,0,
162,98.03246260456083,50.484505,,,,,,,,,,,0,675.4632,0,0,1057.8591,0,2497.3027,1998.4528,1491.2441,0,1234.4512,0,0,0,911.5034,0,1186.4832,716.05493,0,0,0,0,0,0,1748.9807,1262.2776,1953.5472,2020.6411,2028.5371,0,0,1308.2096,2341.0105,2584.0557,1128.9725,1303.7522,1454.035,976.53577,1397.5453,2102.78,0,0,0,1425.097,1304.7264,0,2284.6213,1348.6826,0,0,0,0,2554.813,1506.6624,0,2021.472,2526.1255,
1478,98.03654011897812,53.53857,,,,,,,,,,,0,0,0,0,939.31744,0,0,0,0,0,0,0,0,1315.1075,0,1209.6711,0,595.8758,1395.7323,0,947.0297,0,0,0,0,0,0,0,0,0,1507.2511,0,0,0,0,0,0,0,0,0,0,0,0,0,0,0,0,0,0,0,0,0,0,0,0,0,0,
1130,98.03712322777655,53.208332,,,,,,,,,,,0,0,0,0,0,0,0,0,0,0,0,0,0,0,0,0,865.16376,0,0,0,0,0,0,0,0,0,0,0,0,0,0,0,0,0,0,0,0,820.66266,0,0,0,0,0,1273.1422,0,0,0,0,0,0,0,0,0,0,0,0,0,
129,98.0396264453389,50.208332,,,,,,,,,,,0,0,0,0,0,0,0,0,1909.1964,0,0,0,0,0,0,0,0,0,0,0,0,0,0,0,0,0,0,0,0,0,0,0,0,0,0,0,0,0,0,0,0,0,0,0,0,0,0,0,2332.7175,0,0,0,0,2003.1079,0,0,0,
68,98.04943752211345,50.05574,,,,,,,,,,,0,0,0,1166.4146,0,0,1048.392,1753.0177,1535.8827,0,0,0,1802.305,2341.6,0,2324.969,995.60706,0,0,1400.9092,0,0,0,1504.504,1649.0575,1311.6335,1749.7855,1982.4884,1279.0536,1731.0565,2240.9004,1385.0197,1993.1393,2267.8362,1183.6234,1055.9984,1348.524,981.20953,0,1368.8022,1162.4109,1604.6326,0,1441.2089,0,0,2293.0903,1200.234,0,1595.254,1600.9441,0,0,1616.4021,0,1205.0553,0,
501,98.05448227674991,52.398335,,,,,,,,,,,0,0,0,0,0,0,0,0,0,0,0,0,0,1532.5966,0,1431.881,0,0,0,0,0,0,0,0,0,0,0,0,0,0,1570.1282,0,0,0,0,0,0,0,0,0,0,0,0,0,0,0,0,0,0,0,0,0,0,0,0,0,0,
295,98.05744091731847,51.246872,,,,,,,,,,,0,0,0,1008.5374,0,0,0,0,0,0,0,0,0,1883.5063,0,1853.6257,829.2779,0,0,0,0,0,0,0,0,0,0,0,0,0,1846.1274,1175.0259,0,0,0,835.4475,0,825.6875,0,0,0,0,0,0,0,0,0,0,0,0,0,0,0,0,0,0,0,
355,99.02310777381247,51.647854,,,,,,,,,,,0,0,0,0,0,0,0,0,0,0,0,0,0,0,821.3037,0,0,559.4511,0,0,857.7597,0,0,0,0,0,0,0,0,0,0,0,0,0,718.4443,0,0,0,700.2939,0,0,0,777.2177,0,0,0,0,0,0,0,0,0,0,0,1002.3491,0,0,
136,99.02468118803505,50.376,,,,,,,,,,,960.8231,620.86334,911.5672,0,828.676,0,0,0,0,1049.7559,897.1896,0,0,0,1284.9869,0,0,871.87775,961.89276,0,1179.2001,961.2815,1155.8431,0,0,0,0,0,0,0,0,0,0,0,867.3099,0,0,0,775.19025,0,0,0,1372.2543,0,858.33636,1099.2675,0,0,0,0,1073.5525,1102.0645,0,0,1413.1389,0,0,
1202,99.03301009166701,53.333958,,,,,,,,,,,826.26416,0,840.7983,0,0,1055.6862,551.8794,1058.563,1247.0834,915.22363,877.0873,0,1066.7574,0,727.6237,0,0,0,1087.0703,918.1566,0,802.9696,1232.4025,1112.4243,903.06964,857.79407,1375.6554,1184.9634,861.6473,1052.7405,0,0,1271.368,1081.4177,802.03204,0,0,0,772.2854,946.3475,720.5979,1060.6737,779.3913,0,846.89996,763.38605,1196.8438,0,1631.7898,1206.1802,990.06995,964.677,1387.9222,1301.0314,0,0,1272.3593,
271,99.04448049447664,51.1625,,,,,,,,,,,0,453.4021,0,0,796.53156,0,0,0,0,0,868.0974,0,0,0,937.831,0,0,535.053,0,0,902.6617,763.6996,1059.611,0,809.3014,0,0,0,0,0,0,0,0,0,777.97943,0,0,0,0,0,0,0,934.1393,0,872.0814,816.6054,0,0,0,0,0,0,0,0,1156.1438,0,0,
561,99.04641395853113,52.636917,,,,,,,,,,,0,0,774.81854,0,720.3155,1040.6552,0,0,1124.1752,0,0,0,909.1952,0,0,0,0,0,0,0,871.3978,0,0,0,0,0,1034.6624,983.7476,0,0,0,0,0,0,0,0,0,0,0,827.2586,0,1049.7983,0,0,0,0,0,0,1365.9248,0,0,0,0,1077.93,923.4018,0,0,
315,99.0484572375113,51.26171,,,,,,,,,,,1011.72345,701.6058,941.1533,1775.0565,878.1013,0,0,0,0,1091.9601,1097.8241,0,0,6719.614,1316.7646,6649.8335,1952.7705,1120.918,985.5636,839.9954,1141.8418,1018.0304,1231.6838,2501.4443,834.73584,773.67896,0,0,0,0,6136.8936,2328.214,2489.059,0,1006.4018,1778.7646,2108.671,1652.301,892.6551,0,1555.6986,2260.9617,1360.1611,2195.1978,972.71,1177.5642,0,0,0,2529.6538,1084.9843,1169.676,2367.7715,0,1512.5505,682.24585,2356.2217,
92,99.0515217000589,50.2,,,,,,,,,,,0,0,0,0,0,0,0,0,1515.2766,0,0,0,0,0,0,0,0,0,0,0,0,0,0,0,0,0,0,0,0,0,0,0,0,0,0,0,0,0,0,0,0,0,0,0,0,0,0,0,1842.7107,0,0,0,0,1592.9346,0,0,0,
680,99.05169105176503,52.821697,,,,,,,,,,,768.16736,563.2638,805.4047,0,938.7136,979.0631,977.51294,1085.6708,0,952.18207,811.3946,0,889.3707,0,736.70807,0,745.06213,0,0,956.6172,750.542,888.9016,1068.323,0,914.917,933.0389,1079.594,1067.5646,948.8071,883.6388,0,0,0,1254.6692,735.96045,700.06274,875.5721,0,0,1010.05914,0,0,764.188,920.34424,769.06604,743.1393,1174.8206,902.37006,0,0,980.92053,897.94574,1463.2706,0,991.9578,908.93787,0,
249,99.0534730058134,50.915707,,,,,,,,,,,0,0,0,0,0,0,0,0,1241.3945,0,0,0,0,0,0,0,694.3197,0,0,0,0,0,0,1172.3304,0,0,1050.0167,0,794.33673,0,0,1017.21185,0,0,0,753.90356,941.0458,747.97253,0,836.84863,0,0,0,0,0,0,1020.8464,0,1361.3439,1118.6022,0,0,0,1293.3953,0,0,0,
542,99.055396525921,52.491997,,,,,,,,,,,0,0,0,0,0,0,0,946.2883,0,0,0,0,950.90027,0,0,0,0,0,952.50146,0,0,748.1661,1041.4528,0,820.8428,831.5757,989.5378,960.71136,0,853.14154,0,0,0,1082.3004,770.58514,0,0,0,0,0,0,0,0,0,0,0,1189.3427,0,0,0,904.53546,0,0,0,0,636.2004,0,
38,99.05810527090084,49.671818,,,,,,,,,,,0,0,0,0,0,0,0,0,1274.3612,0,0,0,0,1347.5034,0,1294.8264,0,0,0,0,0,0,0,1141.5823,0,768.34094,0,0,751.1013,0,1267.947,1078.0278,0,0,0,0,0,0,0,830.54236,0,0,0,0,0,0,0,0,0,1100.2883,0,0,0,1324.4927,0,0,0,
185,99.06054780013753,50.48687,,,,,,,,,,,0,0,0,0,0,0,1204.5708,1009.07587,0,0,0,0,0,0,0,0,733.2759,0,0,0,0,0,0,0,978.9359,0,0,1026.58,942.6241,0,0,0,1238.7162,1337.9343,0,743.37396,0,0,746.38965,1094.9326,0,0,0,0,0,0,1201.0906,738.6388,0,0,0,0,1366.2096,0,0,1098.7806,1424.4364,
1490,99.06385885696,53.54249,,,,,,,,,,,0,459.46225,0,949.7849,0,0,0,0,0,0,1006.7097,0,0,2266.6624,0,2226.7832,785.0971,785.7424,0,0,0,0,0,1259.4615,0,0,0,0,0,0,2252.1406,1103.7734,1351.1128,0,0,747.03595,965.9925,739.0419,0,0,844.8411,1193.1991,0,1045.1412,0,0,0,0,0,1338.8533,0,0,1376.5992,0,0,0,1356.8297,
477,99.07113589359827,52.395283,,,,,,,,,,,0,0,0,1161.489,0,0,0,0,0,0,0,0,0,4022.2515,0,3982.0874,1190.7231,750.5855,0,0,0,0,0,1623.779,0,0,0,0,0,0,3756.2053,1539.6959,1768.9493,0,0,1219.7921,1362.9209,1113.6005,0,0,1099.1726,1531.097,0,1543.8486,0,0,0,0,0,1694.3132,0,0,1703.0945,0,0,0,1776.4746,
61,99.07137112225935,50.04933,,,,,,,,,,,0,0,0,2222.3174,0,0,732.6094,1189.8829,1023.02716,0,0,0,1195.8143,9432.926,0,9553.837,2651.075,0,0,948.2112,0,0,1008.0673,3514.6294,1108.3776,921.27625,1101.6711,1209.4188,867.48285,1040.5508,8642.778,3404.291,3318.5168,1572.8928,890.0193,2551.4148,2804.1294,2238.2073,0,867.61035,1999.675,2858.4177,0,2956.5942,0,0,1573.3041,828.3534,0,3479.1006,895.92645,0,3240.6538,1052.6401,0,855.8091,3438.1997,
490,100.0443176332784,52.396667,,,,,,,,,,,0,0,0,0,0,0,0,0,0,0,0,0,0,433.2442,0,419.25662,0,0,0,0,0,0,0,0,0,0,0,0,0,0,478.77673,0,0,0,0,0,0,0,0,0,0,0,0,0,0,0,0,0,0,0,0,0,0,0,0,0,0,
284,100.06218001062776,51.245,,,,,,,,,,,0,0,0,0,0,0,0,0,0,0,0,0,0,639.5642,0,598.7293,0,0,0,0,0,0,0,0,0,0,0,0,0,0,590.0278,0,0,0,0,0,0,0,0,0,0,0,0,0,0,0,0,0,0,0,0,0,0,0,0,0,0,
45,100.0726241462446,50.03,,,,,,,,,,,0,0,0,0,0,0,0,0,0,0,0,0,0,844.4766,0,881.8431,0,0,0,0,0,0,0,0,0,0,0,0,0,0,769.3383,0,0,0,0,0,0,0,0,0,0,0,0,0,0,0,0,0,0,0,0,0,0,0,0,0,0,
328,101.0020709989183,51.37275,,,,,,,,,,,0,0,735.2099,0,0,0,712.8048,0,1531.6992,0,872.3387,0,0,1400.3658,0,1623.7604,657.61914,0,816.85913,0,656.1958,0,0,0,0,0,0,0,0,0,1045.6992,0,0,870.36743,0,684.46484,667.02484,614.6394,969.3874,0,0,0,0,0,1009.1958,0,0,0,1194.4266,0,0,0,0,1470.9774,761.6123,0,1063.2537,
972,101.00316664608786,53.107994,,,,,,,,,,,0,0,0,0,0,1059.1072,0,0,0,0,0,0,0,0,0,0,0,0,883.7594,0,0,0,0,916.5371,0,0,0,0,0,0,0,0,0,0,584.3312,0,0,0,0,0,604.00684,0,0,0,0,0,0,0,0,0,0,0,0,0,0,0,0,
1649,101.00425012511009,53.699833,,,,,,,,,,,0,0,1187.8046,0,0,973.0716,0,0,742.2972,0,1348.1243,0,0,2093.5156,610.1324,2131.2825,648.26807,439.4384,968.1579,0,705.34094,0,800.0405,915.66394,0,0,0,0,0,0,1391.2648,826.3495,1142.9111,855.5914,654.05853,657.982,759.43805,605.7728,1012.38086,0,567.5384,831.2713,0,895.06995,1522.4302,617.8879,0,0,0,0,0,0,1198.0004,737.1873,798.62866,0,1307.7721,
550,101.0057706496869,52.534164,,,,,,,,,,,0,0,0,0,0,0,0,0,0,0,661.38477,0,0,0,0,644.17523,0,0,0,0,0,0,0,0,0,0,954.4959,0,675.41614,0,0,0,0,0,0,0,0,0,0,713.5521,0,0,0,0,0,0,0,0,0,0,0,0,1058.0029,0,0,0,0,
1271,101.0088064086445,53.37833,,,,,,,,,,,0,0,0,0,556.9356,0,0,0,0,0,0,0,0,0,0,0,0,0,0,0,0,0,0,0,0,0,0,0,0,0,0,743.4067,0,0,0,0,0,0,0,0,0,0,0,0,0,578.6185,0,0,0,0,0,0,0,0,0,0,0,
1518,101.00945689028481,53.563,,,,,,,,,,,0,0,0,0,0,0,0,851.5267,0,0,0,0,1041.1033,0,0,0,0,0,0,0,0,0,0,0,797.2749,0,0,0,0,0,0,0,0,1155.4658,0,0,0,0,0,0,0,0,0,0,0,0,1191.5999,0,0,0,0,0,0,0,0,0,0,
946,101.0112486330186,53.04599,,,,,,,,,,,0,0,0,583.6652,0,0,792.0706,954.9882,0,0,0,0,0,0,556.7741,0,459.67407,0,0,1309.4802,0,630.7849,811.5747,932.6829,823.8088,1195.9392,0,1230.0575,0,1153.8767,0,788.2736,0,0,0,0,0,0,0,0,0,879.2174,595.55707,0,0,0,0,966.7218,0,956.0906,916.36615,668.4665,0,0,0,0,0,
311,101.01361094645686,51.251667,,,,,,,,,,,0,0,0,0,0,0,0,0,0,0,0,0,935.2775,0,0,0,0,0,0,0,0,0,0,0,0,0,0,0,0,0,0,0,0,1121.9637,0,0,0,0,0,0,0,0,0,0,0,0,1186.863,0,0,0,0,0,0,0,0,0,0,
688,101.01459855124766,52.82335,,,,,,,,,,,956.75287,727.81696,0,664.9353,1596.5295,0,2265.4246,1845.0062,831.594,1271.8568,954.7784,0,757.7375,831.30176,1020.7784,851.19354,1041.7214,720.27,0,1463.9277,1139.7545,1243.5178,1165.5305,1024.6898,1580.4652,1853.9016,1710.7179,1927.2543,1867.698,1140.0592,933.58057,923.39685,1574.1023,2340.587,1128.6525,1073.0853,1300.644,801.41486,907.26056,2071.1719,582.83167,1101.8784,956.3874,1230.0507,1096.356,668.5149,1871.4341,1832.7434,0,981.4302,1063.0706,822.5711,1778.2603,793.5525,1321.0984,1735.5541,1857.9565,
178,101.01630469162127,50.48612,,,,,,,,,,,751.2517,726.6123,0,601.2932,1249.4167,0,4080.3752,2439.754,1231.6515,976.3619,1041.3547,0,0,941.8009,1030.2056,945.68976,1472.7598,823.9444,958.49756,1312.3625,988.94934,926.019,1085.5518,1260.4001,2182.5254,1685.0281,1826.2985,2383.398,2543.0923,1075.699,0,1317.3008,2283.003,3562.9888,1388.2098,1675.3121,1644.8905,1047.6552,1535.8549,2681.6904,0,1133.2279,967.16016,1503.1625,1213.0164,0,2794.2576,1779.8533,0,1132.9061,1005.0222,697.2867,2769.2295,1257.5989,1089.4309,3091.396,3083.738,
742,101.99141488666604,52.83625,,,,,,,,,,,0,0,0,0,0,0,412.61392,0,0,0,0,0,0,0,0,0,0,0,0,0,0,0,0,0,0,0,0,0,0,0,0,0,0,475.21542,0,0,0,0,0,0,0,0,0,0,0,0,436.97876,0,0,0,0,0,0,0,0,0,441.4057,
1304,101.99857108944762,53.425,,,,,,,,,,,0,0,0,0,0,456.44327,0,0,0,0,0,0,0,0,0,0,0,0,459.6656,0,0,0,0,0,0,0,0,0,0,0,0,0,0,400.0245,0,0,0,0,0,0,0,0,0,0,0,0,0,0,0,0,0,0,0,0,0,0,0,
212,102.01417974789437,50.490997,,,,,,,,,,,0,0,0,0,0,0,543.8267,448.9611,0,0,0,0,0,0,0,0,0,0,0,0,0,0,0,0,0,0,0,0,0,0,0,0,0,554.7627,0,0,0,0,0,0,0,0,0,0,0,0,541.85583,0,0,0,0,0,0,0,0,0,546.4018,
844,102.95369053701783,52.921665,,,,,,,,,,,0,0,0,807.1805,0,0,0,0,0,0,0,0,0,0,0,0,0,0,0,0,0,0,0,0,0,0,0,0,0,0,0,0,0,0,0,1095.168,0,0,0,0,0,0,0,0,0,0,0,0,0,0,0,0,1250.3488,0,0,0,0,
1996,102.96269471388129,53.9616,,,,,,,,,,,0,949.2249,0,849.59595,1147.4531,0,0,1185.3851,0,1146.3181,0,682.8715,954.15857,1226.1913,1224.6283,1183.5334,1124.8005,923.3936,0,0,1145.1648,1160.8973,1264.678,0,0,1150.5966,1303.6067,1228.0004,1166.7561,0,1162.4878,0,1216.4122,1245.035,0,0,0,1178.7395,0,1203.1625,0,0,0,1225.8918,0,1035.8428,0,0,1258.8954,0,0,0,0,0,0,0,1328.9098,
1387,102.97003716538062,53.467854,,,,,,,,,,,0,0,950.2504,0,0,1661.2926,1135.7251,1105.6819,1205.3419,0,1058.2625,0,1171.2344,1194.2501,0,1159.9696,1116.8868,0,1851.9156,0,0,1110.6858,0,0,1078.3458,1095.7421,1323.1183,1298.2073,1220.8411,1064.6499,1194.3024,0,0,1480.9199,0,1114.4553,1147.2354,1104.916,1601.6051,1270.4985,852.33966,0,0,1199.7633,1204.6351,1000.09283,1441.5256,1197.8015,1195.2334,0,1025.27,0,1247.2736,0,1129.3923,0,0,
1687,102.96733785067362,53.7105,,,,,,,,,,,1112.2949,939.9474,1160.627,853.8627,1100.5554,0,1050.242,1107.7902,1282.8552,1135.849,1413.7898,702.02515,0,1871.1385,1160.1804,1873.5872,1166.1245,991.1556,1325.1866,0,1145.8362,0,1155.8461,0,0,0,0,1206.8062,1144.4312,0,1409.8326,0,1166.7502,1206.6826,0,1108.4816,1205.6503,1141.202,1397.4567,1142.2429,0,0,0,1261.6715,1537.7048,965.97485,0,0,0,1245.4524,1007.0945,1059.5782,1311.034,0,1170.1354,1001.05524,1477.632,
1902,102.97569044502646,53.892998,,,,,,,,,,,0,0,0,0,0,0,1039.4305,0,1221.8967,0,0,0,0,0,0,0,0,0,0,0,0,0,0,0,1064.3142,0,0,0,0,0,0,0,0,0,0,0,0,0,0,0,0,1157.3148,0,0,0,0,0,0,0,0,0,0,0,0,0,0,1283.5874,
1031,102.97990671863744,53.124763,,,,,,,,,,,0,0,995.7068,966.5139,0,5161.115,0,0,0,0,0,0,1276.946,0,0,0,0,0,4586.2017,1074.9827,0,1123.7333,1187.8748,1488.2747,0,1167.2007,1287.0795,1338.5482,0,1094.2115,0,1294.4639,0,1197.173,0,0,0,0,2080.6812,0,995.4171,1251.2657,0,0,0,0,1291.6431,0,0,1655.0117,0,1073.2128,0,0,0,0,0,
326,102.98564133077754,51.371662,,,,,,,,,,,0,0,0,0,0,0,0,0,0,0,0,0,0,1211.0896,0,1281.5665,0,0,0,0,0,0,0,0,0,0,0,0,0,0,0,0,0,0,0,0,0,0,0,0,0,0,0,0,0,0,0,0,0,0,0,0,0,1236.5348,0,0,0,
431,102.99013323926802,52.368332,,,,,,,,,,,0,0,0,0,0,1432.4015,0,0,0,0,0,0,0,0,0,0,0,0,1537.6482,0,0,0,0,1513.2576,0,0,0,0,0,0,0,1315.5714,0,0,0,0,0,0,1324.3082,0,0,0,0,0,0,0,0,0,0,1439.2161,0,0,0,0,0,0,0,
2015,103.97656447802255,53.96375,,,,,,,,,,,0,0,0,0,0,0,0,0,0,0,0,0,0,0,0,486.22327,0,0,0,0,0,0,0,0,0,0,0,0,0,0,0,0,0,516.5793,0,0,0,0,0,0,0,500.62863,0,0,0,0,0,0,0,0,0,0,0,0,0,0,553.9353,
1751,103.98968726459285,53.772003,,,,,,,,,,,0,0,0,0,0,0,0,0,0,0,0,0,0,0,0,457.78687,0,0,0,0,0,0,0,505.24518,0,0,0,0,0,0,0,0,0,0,0,0,0,0,521.11145,0,0,0,0,0,0,0,0,0,0,0,0,0,560.19745,0,0,0,522.32916,
1419,103.99258008403343,53.465,,,,,,,,,,,0,0,0,0,0,625.26904,0,0,0,0,0,0,0,0,0,0,0,0,673.97485,0,0,0,0,0,0,0,523.97943,499.67047,0,0,0,482.37595,0,529.31445,0,0,0,0,566.03564,516.06244,0,0,0,0,0,0,0,0,0,0,0,0,546.4286,0,470.91467,0,546.4701,
1043,103.99858721323494,53.13318,,,,,,,,,,,0,0,0,0,0,2432.757,0,0,0,0,0,0,0,0,0,0,0,0,2101.2683,0,0,0,0,628.75415,0,0,517.78784,551.12714,0,0,0,566.92285,0,512.3416,0,0,0,0,912.5443,0,0,568.14417,0,0,0,0,0,0,0,747.5374,0,0,0,0,476.80713,0,0,
849,104.00966836227455,52.925,,,,,,,,,,,0,0,0,0,0,0,0,0,0,0,0,0,0,0,0,0,0,0,0,0,0,0,0,0,0,0,0,0,0,0,0,0,0,0,0,0,0,0,0,0,0,517.6721,0,0,0,0,0,0,0,0,0,0,633.2854,0,0,0,610.6842,
437,104.01131340975277,52.37278,,,,,,,,,,,0,0,0,0,0,865.9369,0,0,0,0,0,0,0,0,0,0,0,0,842.7146,0,0,0,0,683.4482,0,0,609.9055,517.5574,0,0,0,676.9575,0,0,0,0,0,0,672.6489,557.8199,0,0,0,0,0,0,0,0,0,762.17065,0,0,0,0,0,0,0,
1029,105.00543190844385,53.12346,,,,,,,,,,,0,0,1617.1804,1613.8097,0,15589.72,0,0,0,1609.9324,1377.6711,0,2475.0754,0,0,0,0,0,12912.285,1621.0415,0,1485.1713,1781.7021,2668.8022,0,1559.6558,2184.2004,2096.6763,1343.676,2109.2974,1581.7964,2166.9365,0,1727.1985,0,0,0,0,4529.336,0,1740.4001,2163.6016,0,0,0,1188.85,2101.219,0,0,3342.8787,1436.5476,0,0,0,0,0,0,
332,105.00797059515159,51.374287,,,,,,,,,,,0,0,0,0,0,0,0,0,2282.0037,0,0,0,0,2205.9592,0,2328.2742,0,0,0,0,0,0,0,0,0,0,0,0,0,0,1440.6316,0,0,0,0,0,0,0,0,0,0,0,0,0,1644.2874,0,0,0,1713.8856,0,0,0,0,2256.7917,0,0,0,
1690,105.00951885504178,53.71214,,,,,,,,,,,1307.3325,1299.6368,1786.3534,995.45996,1287.0043,0,0,0,1771.8434,0,2443.546,667.96765,0,3467.6284,1409.12,3743.977,1490.8297,1082.2024,0,0,1538.527,0,0,0,0,0,0,0,0,0,2323.0789,0,1925.9762,1680.6686,1257.4025,1475.2599,1602.9807,1477.0386,2085.8108,0,1226.9677,1754.0288,1265.0232,1696.0127,2794.6294,1200.0945,1468.0105,0,1611.513,0,0,0,2102.2224,1727.8533,1612.609,1043.3066,2168.6306,
1860,105.01031487674543,53.8725,,,,,,,,,,,0,0,0,0,0,0,0,0,2048.9324,0,0,622.59564,0,0,0,0,0,0,0,0,0,0,0,0,0,0,0,0,0,0,0,0,0,0,0,0,0,0,0,0,0,0,0,0,0,0,0,0,1670.715,0,0,0,0,2174.9016,0,0,0,
449,105.01264519202404,52.38118,,,,,,,,,,,0,0,0,0,0,2457.847,1200.7822,0,1983.527,0,0,0,0,0,0,0,0,0,2637.845,0,0,0,0,2302.2603,0,0,1903.0582,1661.9061,1520.5227,1440.7888,0,1966.8796,0,0,0,0,0,0,2119.439,1579.4666,0,0,0,0,0,0,1510.8274,1312.4835,1884.5387,2296.8599,0,0,0,1886.6238,0,0,0,
1394,105.01720033949393,53.481937,,,,,,,,,,,1613.0935,1244.783,2005.3577,1152.7457,1549.3854,2016.4668,1567.5309,1662.834,0,1775.6443,2133.7422,0,1511.119,0,1645.4148,1262.961,1513.4312,1170.6747,2413.475,1402.4103,0,1566.7015,2031.0203,1696.5286,1477.7335,1598.2998,2546.8286,2071.5737,2133.577,1662.2036,0,1506.1962,2395.6267,2012.0144,1492.389,1362.5309,1686.1595,1413.0366,1864.0631,2176.1475,1233.3073,1949.0729,1698.2017,1787.9778,2407.3267,1502.4452,1956.235,0,0,1674.4473,1625.5254,1760.3756,2697.8994,0,1927.1337,1392.1167,2622.1758,
597,105.0176405793137,52.644222,,,,,,,,,,,1485.0696,1468.5264,0,0,1484.5192,0,1221.7502,1464.6119,1884.6456,1436.4633,0,0,0,0,1620.459,1332.9467,1553.2059,1272.4923,0,0,1449.1785,1356.2949,1668.5714,1642.8167,1357.3158,1357.7136,1733.4518,1518.49,1555.7692,0,0,1520.5424,0,1664.2299,1341.8925,1530.0912,1476.4518,1373.2926,0,1627.2402,0,0,1357.9807,1682.4744,1587.782,0,1556.9893,1464.9435,1730.5568,0,0,1444.4625,0,1821.7719,1558.1481,1480.3635,1743.3904,
827,105.01941898595648,52.916794,,,,,,,,,,,1493.694,1049.5583,1705.2227,2370.9814,1456.42,1789.6224,0,1397.1742,0,1647.2834,1888.1213,0,0,1480.5391,1499.9326,1410.2521,3404.8745,1095.7179,0,1195.6047,1504.9108,1412.1007,1785.0255,1737.2808,1263.2782,1355.407,1656.3427,0,1332.9706,0,1570.6332,1483.8928,3823.5447,0,0,3344.755,3624.492,2925.9944,0,0,2442.3606,3767.456,1413.2203,3968.299,2048.2004,1402.5276,0,0,0,1661.1422,1453.8777,1588.0347,4054.67,0,1859.8215,1120.6371,3913.9758,
381,105.02428041969878,51.95929,,,,,,,,,,,0,1070.22,0,0,0,0,1139.3857,0,0,0,0,0,0,0,0,0,1266.0723,0,0,0,0,0,0,0,0,0,0,0,1343.8483,0,0,0,0,0,0,1317.2462,0,0,0,1470.9484,0,0,0,0,0,0,0,0,0,0,0,0,0,0,0,1157.4524,0,
143,106.02698554586097,50.46631,,,,,,,,,,,0,0,0,0,0,0,0,701.6806,0,727.102,0,0,710.12585,0,0,0,0,0,0,703.17816,472.74274,665.33936,582.13763,811.47925,635.51294,814.7568,0,856.91956,0,651.25696,0,719.4282,855.23505,801.2478,0,0,0,0,0,0,0,527.7218,0,0,0,0,906.14026,588.79175,0,864.7532,0,544.5322,897.0778,0,513.0085,0,745.5005,
1103,106.03206167278131,53.188335,,,,,,,,,,,0,0,0,0,0,643.0899,0,0,0,0,0,0,0,0,0,0,0,0,0,0,0,0,0,0,0,0,0,0,0,0,0,0,0,0,0,0,0,0,0,0,0,0,0,496.44034,0,0,0,0,0,0,0,475.11865,0,0,0,0,0,
445,106.03329696108852,52.377953,,,,,,,,,,,0,0,430.9977,0,0,1110.2164,0,0,533.6692,0,430.41125,0,403.74304,0,0,0,0,0,1088.9961,403.89047,0,0,0,889.26575,0,0,686.4047,627.2399,625.4446,541.07324,0,842.661,0,514.6613,0,0,0,0,872.84143,600.0817,0,0,0,0,458.0948,0,543.00653,404.12357,538.9216,950.94116,0,0,0,564.3992,0,0,0,
644,106.03371334406854,52.766663,,,,,,,,,,,0,0,0,0,0,0,0,0,461.01077,0,0,0,0,0,0,0,0,0,0,0,0,0,0,0,0,0,0,0,0,0,0,0,0,0,0,0,0,0,0,0,0,0,0,0,0,0,0,0,488.37527,0,0,0,0,469.11017,0,0,0,
1022,106.0341275156085,53.120995,,,,,,,,,,,0,0,506.22,495.15854,0,4488.8315,0,0,0,537.0108,424.83524,0,733.9742,0,0,0,0,0,3798.777,537.1775,0,481.5956,590.29456,798.6852,0,477.8153,610.89276,701.6724,0,651.32135,0,598.8571,0,539.83624,0,0,481.27625,0,1315.8114,0,538.5525,641.15265,0,0,0,0,675.779,0,0,1009.36285,0,463.8686,0,0,469.23996,0,0,
578,106.03948927186381,52.6424,,,,,,,,,,,0,0,0,0,0,0,0,477.13925,543.1582,0,0,0,0,437.15723,0,429.79764,459.5845,0,0,0,428.58646,431.7934,0,0,440.98593,430.2517,0,510.92645,455.7849,0,0,0,0,565.3799,0,406.66394,488.83133,409.40176,0,471.4665,0,531.62244,0,0,559.3122,0,508.41257,420.30795,505.06638,0,0,0,0,537.74304,501.3668,0,0,
1702,106.04252898092126,53.71857,,,,,,,,,,,0,0,0,0,0,0,0,0,446.37527,0,0,0,0,595.1121,0,655.9127,0,0,0,0,0,0,0,0,0,0,0,0,0,0,0,0,0,0,0,0,447.62473,0,499.54233,0,0,0,0,0,515.12585,0,0,0,0,0,0,0,0,0,0,0,533.9879,
1854,106.04375517952428,53.87167,,,,,,,,,,,0,0,0,0,0,0,0,0,639.7957,0,0,0,0,0,0,0,0,0,0,0,0,0,0,0,0,0,0,0,0,0,0,0,0,0,0,0,0,0,0,0,0,0,0,0,0,0,0,0,492.5603,0,0,0,0,604.56683,0,0,0,
1382,106.04400798565172,53.479477,,,,,,,,,,,0,0,534.1553,0,0,600.93427,0,440.45602,0,488.13565,558.9055,0,440.93494,0,0,0,0,0,678.7813,407.66687,0,457.442,550.1285,530.9961,0,439.98038,628.796,563.3419,503.2916,467.2334,0,0,646.7287,528.8356,0,0,0,0,479.22818,556.1285,0,533.2831,0,519.1641,583.71954,0,517.89343,0,0,519.1622,0,517.1138,743.83624,0,508.8117,0,685.5201,
828,106.04409283639478,52.9168,,,,,,,,,,,0,0,523.7362,660.55865,0,0,0,454.2311,0,522.37494,542.17163,0,0,454.22424,0,472.96207,860.8627,0,0,0,459.0363,443.6074,577.3076,0,0,0,0,0,0,0,0,444.76987,1052.947,0,0,867.8264,936.33246,820.7548,0,0,707.02386,1007.28046,0,1138.7325,578.6917,0,0,0,0,527.661,0,549.17065,1148.3834,0,569.60443,0,1084.4001,
376,107.04163260301391,51.95555,,,,,,,,,,,0,748.6097,0,0,0,0,723.57635,0,0,0,0,0,0,0,0,0,890.1772,723.9353,0,0,0,0,0,0,0,0,0,0,974.74304,0,0,0,0,0,0,873.696,0,0,923.9127,1131.6826,0,0,0,0,0,0,0,0,0,0,0,0,0,0,0,822.09644,0,
391,107.04267704533238,52.05,,,,,,,,,,,0,0,1116.9905,0,0,0,0,0,0,0,1161.9133,0,0,0,0,0,0,0,0,0,0,0,0,0,0,0,0,0,0,0,0,0,0,0,0,0,0,0,0,0,0,0,0,0,1373.1346,0,0,0,0,0,0,0,0,0,0,0,0,
895,107.04288641168743,53.003532,,,,,,,,,,,1146.3923,701.23535,0,652.34033,977.5067,1516.49,0,0,0,1277.1171,0,0,0,0,1047.1154,0,0,681.4498,0,951.7333,0,1096.2324,1590.6035,0,0,0,0,0,0,0,0,0,0,0,864.7885,0,0,0,0,0,787.29,0,0,0,0,1089.0906,0,0,0,0,1230.3873,1252.1578,0,0,1222.0594,0,0,
1002,107.04411515555307,53.115623,,,,,,,,,,,0,0,0,663.7156,0,2635.6213,0,0,0,0,0,0,977.7218,0,0,0,0,0,2105.0012,0,0,0,0,0,0,0,0,0,0,1012.4969,0,0,0,0,0,0,0,0,0,0,801.75745,1226.4662,0,0,0,0,0,0,0,1146.2164,0,0,0,0,0,0,0,
1409,107.04445143564867,53.4842,,,,,,,,,,,1310.4779,904.3377,1737.102,911.79895,1233.8463,1653.3883,1153.7113,1379.2844,0,1480.609,1885.1523,0,1247.5554,1002.05066,1360.3191,867.2792,1056.8303,891.9212,0,1251.1036,0,1281.4475,1750.8284,1334.9589,1298.9755,1215.6604,2004.2684,1676.9965,1669.0249,1400.78,1101.9883,1131.6564,2138.2102,1622.3273,1115.3776,1082.1438,1256.3586,1016.6384,1347.918,1749.118,1008.8846,1567.0,1350.0844,1453.2795,2039.8525,1276.3168,1525.4407,0,0,1396.0366,1427.9741,1540.2906,2476.456,0,1530.6594,863.4698,2237.8582,
199,107.04527145983631,50.48875,,,,,,,,,,,0,0,0,0,0,0,965.5665,0,0,0,0,0,0,0,0,0,0,0,0,0,0,0,0,0,0,0,0,0,0,0,0,0,0,1263.2441,0,0,0,0,0,0,0,0,0,0,0,0,1213.7941,0,0,0,0,0,0,0,0,825.9739,0,
1845,107.04627363112695,53.87,,,,,,,,,,,0,0,0,0,0,0,0,0,1858.1017,0,0,0,0,0,0,0,0,0,0,0,0,0,0,0,0,0,0,0,0,0,0,0,0,0,0,0,0,0,0,0,0,0,0,0,0,0,0,0,1304.3573,0,0,0,0,1750.2661,0,0,0,
813,107.04712452992027,52.9151,,,,,,,,,,,1223.3292,750.154,1431.6133,2369.4336,1142.3403,1741.6061,736.7444,1210.1987,0,1485.3933,1698.9957,0,1020.0337,1145.0752,1118.069,1032.9542,3102.006,717.6273,1519.474,1007.5904,1314.032,1204.3033,1773.7117,1281.174,1036.8264,1008.4586,1349.6156,1200.6986,1022.746,1074.3721,1266.1075,1150.3148,3793.6104,1323.7666,1008.7225,2995.1338,3583.898,2722.2788,1172.1628,1013.0634,2418.4033,3606.4167,1087.8414,3724.5989,1751.9435,1248.1664,1161.9078,0,1220.0627,1309.625,1280.4874,1433.237,0,0,1489.3442,768.52893,3970.6812,
576,107.04743381560581,52.641983,,,,,,,,,,,0,960.8601,0,0,991.2252,0,923.26935,1233.7029,1416.4956,0,0,0,931.96826,1085.6384,1101.8545,945.7372,1039.0756,790.34393,0,934.1733,1088.8676,0,0,1228.0448,1026.5103,1057.6489,1298.5361,1234.1108,1014.5933,960.6891,0,1163.3115,0,1290.4989,968.09674,1054.4377,1106.2334,894.3498,1115.9435,1210.6963,0,0,1021.373,1202.4851,1224.7244,0,1191.5192,1027.3645,1350.5718,1166.5728,0,0,0,1460.8467,1169.1099,1029.4999,0,
1694,107.04755217953543,53.71333,,,,,,,,,,,0,692.0602,0,661.47955,0,0,0,0,0,0,0,0,0,1089.9343,0,1039.5607,0,0,0,0,0,0,0,0,0,0,0,0,0,0,1067.5476,0,0,0,0,0,0,0,0,0,831.58777,0,0,0,0,0,0,0,0,0,0,0,0,0,0,0,0,
1240,107.04836535395336,53.35375,,,,,,,,,,,0,0,0,0,0,0,0,0,0,0,0,0,0,0,0,0,0,0,0,937.32526,0,991.5881,0,0,947.10004,0,0,0,0,0,0,0,0,0,0,0,0,0,0,0,0,0,0,0,0,961.79144,0,0,0,0,0,0,0,0,0,0,0,
670,107.0489394555052,52.81214,,,,,,,,,,,0,0,0,0,1018.2648,0,858.0043,1085.7682,1315.408,0,0,0,0,0,0,0,0,0,0,934.92773,0,995.0814,0,0,0,999.90125,0,0,979.9889,0,0,0,0,1317.8307,0,0,988.17426,0,0,0,0,0,0,0,0,918.5335,0,0,1227.7084,0,0,0,0,1251.1958,0,751.0419,0,
459,107.05060254032867,52.39333,,,,,,,,,,,0,0,0,0,0,0,0,0,1397.7411,0,0,0,0,0,0,0,0,0,0,0,0,0,0,0,0,0,0,0,0,0,0,0,0,0,0,0,0,0,0,0,0,0,0,0,0,0,0,0,1361.8395,0,0,0,0,1440.0807,0,0,0,
1080,107.0542869437041,53.166668,,,,,,,,,,,0,0,0,0,0,0,0,0,1277.3857,0,0,0,0,0,0,0,0,0,0,0,0,0,0,0,0,0,0,0,0,0,0,0,0,0,0,0,0,0,1089.5737,0,0,0,0,0,0,0,0,0,0,0,0,0,0,1338.0546,0,0,0,
1881,108.05849846772055,53.88,,,,,,,,,,,0,0,0,0,0,0,0,0,763.44135,0,0,0,0,0,0,0,449.0265,0,0,0,0,0,0,0,0,0,0,0,0,0,0,0,0,0,0,0,0,0,0,0,0,0,0,0,0,0,0,0,0,0,0,0,0,773.6685,0,0,0,
1225,108.06006339812676,53.34833,,,,,,,,,,,672.1301,0,0,456.98203,0,0,0,0,0,0,0,0,0,0,0,0,0,0,0,0,0,0,0,0,622.049,0,0,0,0,0,780.94836,0,0,0,0,0,0,0,0,0,0,0,0,0,0,715.3975,0,0,0,823.9516,0,0,0,0,0,0,0,
889,108.06073513646632,53.002773,,,,,,,,,,,708.3684,0,0,0,0,0,0,0,0,807.7512,0,0,0,0,645.63226,0,0,0,0,671.9598,0,0,0,0,0,672.54596,0,0,0,680.7071,0,0,0,0,0,476.49854,0,0,0,0,0,0,0,0,0,0,0,0,731.72375,0,0,0,0,0,764.8764,0,0,
1055,108.06308365880759,53.138226,,,,,,,,,,,0,0,663.06506,0,0,1137.8562,0,710.45276,0,0,0,0,643.0062,652.46063,0,0,524.21246,0,888.0226,670.17914,0,0,0,0,0,0,0,0,0,0,0,0,948.947,0,0,535.2667,753.09216,0,0,0,571.31384,822.1919,0,825.4714,0,672.2707,0,0,0,816.8643,0,0,1121.895,0,0,0,0,
1116,108.06377686509185,53.197224,,,,,,,,,,,0,0,0,492.41223,0,0,0,0,0,0,679.99084,0,0,0,0,0,0,0,0,0,0,0,0,0,0,0,0,0,0,0,0,680.9621,0,0,583.9124,0,0,0,572.47107,0,0,819.15,0,745.71954,0,0,0,0,0,0,0,741.62994,0,0,0,0,948.35046,
668,108.0648790425309,52.81071,,,,,,,,,,,0,0,0,0,0,0,0,0,637.57043,0,0,0,0,0,0,0,0,0,0,677.9542,0,689.4083,0,0,0,0,0,0,0,0,0,0,0,711.5789,0,0,0,472.58646,0,0,0,0,0,0,0,0,0,0,0,0,0,0,0,637.4662,0,405.27655,0,
818,108.06623886816755,52.91546,,,,,,,,,,,733.20105,0,818.4426,852.8931,653.29974,1111.7711,0,763.6986,0,915.2399,980.4099,0,658.22394,725.9938,626.6185,634.8166,910.11346,0,826.6512,697.53937,685.6018,771.05853,1054.3351,795.13763,615.96075,0,811.6744,0,558.0278,685.7257,841.3423,709.21216,1540.4456,0,562.933,1038.0559,1232.7205,897.9088,608.59985,0,928.4397,1318.2422,656.02515,1467.4393,845.5368,832.4763,773.74567,0,757.61816,874.0742,848.2419,820.1347,1760.1475,0,872.92413,0,1471.0908,
1688,108.06628288919649,53.711,,,,,,,,,,,0,0,0,0,0,0,0,0,0,0,0,0,0,0,0,553.6538,0,0,0,0,0,0,0,0,0,0,0,0,0,0,0,0,0,0,0,0,0,0,0,0,539.77936,0,0,0,0,0,0,0,0,0,0,0,0,641.9964,752.6466,0,966.6617,
1426,108.06840920851197,53.486946,,,,,,,,,,,746.47437,0,842.9398,523.31647,714.5881,1075.0137,0,840.89606,621.41223,936.8009,905.1242,0,749.932,713.73486,721.5936,568.20856,500.6489,0,0,702.29553,0,820.7604,1147.9843,892.2416,768.53546,683.16315,978.3756,928.9431,735.7774,757.5574,803.7587,771.5953,1109.8202,876.5881,670.19775,475.4583,698.9513,467.19058,660.70905,761.62146,590.1733,868.75775,780.29846,836.015,897.49493,871.98724,931.6002,0,0,959.94507,956.6888,850.6022,1405.675,640.1092,955.04645,423.82544,1196.6016,
612,108.06960366944544,52.646122,,,,,,,,,,,0,498.10724,0,0,625.4701,0,0,699.5309,756.32855,0,0,0,0,663.4443,658.527,595.3308,563.69727,0,0,0,0,0,0,0,641.7175,0,846.84503,0,597.2491,0,0,714.6394,0,731.4374,560.9663,577.7368,660.7241,497.17752,642.5119,678.068,0,0,613.6953,0,706.1445,0,736.01636,580.3753,748.1703,0,0,0,0,739.2288,0,511.07617,946.6126,
100,109.05876646015922,50.201664,,,,,,,,,,,0,0,0,0,0,0,0,0,2320.6704,0,0,0,0,0,0,0,0,0,0,0,0,0,0,0,0,0,0,0,0,0,0,0,0,0,0,0,0,0,0,0,0,0,0,0,0,0,0,0,2729.7927,0,0,0,0,2408.0808,0,0,0,
1663,109.0661805550831,53.701668,,,,,,,,,,,0,0,1099.8741,0,0,0,0,0,0,0,1125.0226,0,0,1378.6561,0,1352.6594,0,0,0,0,0,0,0,0,0,0,0,0,0,0,1199.4658,0,0,0,0,0,0,764.8343,955.38574,0,0,0,0,0,1202.7947,0,0,0,0,0,0,0,0,0,0,0,1475.8188,
899,109.0708909536098,53.004128,,,,,,,,,,,1298.8005,662.03467,890.4694,0,1048.3982,1862.2108,0,0,0,1541.8892,0,0,1106.4584,985.2069,1171.069,0,0,722.08435,1280.6342,1103.0916,1050.7267,1221.8428,1815.0859,0,0,0,0,0,0,0,0,0,0,0,939.37726,0,0,0,956.2906,0,882.0765,0,1009.6427,0,0,1214.393,0,0,0,0,1562.5449,1440.1843,0,0,1346.6774,0,0,
194,109.07105105321756,50.48791,,,,,,,,,,,0,0,0,0,0,0,1451.3573,1188.5178,0,0,0,0,0,0,0,0,767.38214,0,0,0,0,0,0,0,1146.3789,0,0,0,1208.2069,0,0,0,0,1695.7257,0,823.085,0,0,928.3243,1313.375,0,0,0,0,0,0,1432.368,0,0,0,0,0,0,0,0,1219.7545,1544.3923,
789,109.07243915775706,52.913376,,,,,,,,,,,1156.2942,571.9562,1202.3102,1601.4952,1048.7463,1913.1995,0,1224.7224,0,1386.1,1295.6407,0,1086.4512,0,999.97876,929.2684,2035.2102,0,1330.9232,1196.442,0,1098.3082,1730.5979,1254.0925,1047.7454,1019.4129,1376.1654,1288.6084,0,1211.4397,1231.7401,1022.9539,2784.759,0,853.37335,2056.594,2450.2131,1770.5593,995.3122,0,1759.6211,2526.4243,946.2775,2822.318,1413.3906,1165.6293,0,0,0,1326.9012,1425.8048,1316.7761,3417.833,0,1426.5244,0,2985.3652,
1237,109.07353315084774,53.352314,,,,,,,,,,,0,0,0,0,0,0,0,1233.7162,0,1322.2583,0,0,0,1043.4962,0,0,0,0,0,0,0,1077.0415,1672.6737,1305.6482,1061.7234,0,0,0,0,0,1165.7185,1055.2605,0,1269.3877,0,0,0,0,0,0,0,0,0,0,0,1093.3135,0,0,0,1260.0676,0,0,0,0,1255.8188,0,0,
1403,109.07361215016135,53.483467,,,,,,,,,,,1355.7072,782.56586,1751.8964,898.4328,1214.6022,1817.1948,1031.4917,1420.0317,0,1496.1962,1904.9918,0,1373.4623,0,1305.9974,895.8568,970.9075,825.80383,0,1285.0029,0,1328.9562,1901.2618,1421.4272,1225.7313,1310.7549,2014.7715,1736.3318,1655.5172,1431.8231,1226.1687,1193.3776,2322.9492,1602.3501,1114.9464,1020.9369,1356.2102,937.541,1264.694,1685.0736,1063.5153,1571.1658,1256.0082,1507.1171,2050.9702,1358.9677,1609.1448,0,0,1391.0958,1570.7224,1505.5894,2693.9944,0,1547.6361,871.8614,2426.5642,
691,109.07477440206414,52.823654,,,,,,,,,,,1144.7025,637.49756,0,0,1232.7156,0,1124.1294,1425.474,1308.4786,1462.9794,0,0,0,0,1048.2743,856.2151,846.92676,621.60675,0,1255.2946,1071.878,1143.6263,1715.3018,1242.5874,1221.7253,1312.0503,1533.8892,1475.474,1207.8817,1157.81,0,1127.0072,1623.5833,1686.0111,896.7447,856.7673,1162.253,792.1154,0,1281.5751,0,0,944.17816,1395.7927,1074.0765,1093.9,1618.3711,1190.6807,0,0,0,1193.1075,1972.392,0,1356.2377,993.6963,1710.6482,
583,109.07478168131875,52.642704,,,,,,,,,,,0,711.9957,922.56525,659.3802,960.3302,1655.4113,839.2109,1194.646,1684.2059,0,1040.851,0,0,1180.8823,984.7333,1015.8565,838.26184,699.2073,0,1113.898,0,0,0,1200.6002,983.7888,1085.4995,1432.8911,1401.1981,1002.5309,1160.2137,1357.5433,1145.2573,0,1345.2706,933.74304,850.47437,1112.8381,771.61194,987.0889,1105.3815,0,0,0,1248.5067,1155.5126,0,0,1022.44916,1928.8944,1252.4828,1415.49,0,0,1705.1975,0,820.2635,0,
267,109.08114027387904,51.158337,,,,,,,,,,,0,0,0,0,0,0,0,0,0,0,0,0,0,0,0,0,0,0,0,0,0,0,0,0,1003.1092,0,0,0,0,0,0,0,0,0,0,0,0,0,0,0,0,0,929.3341,0,0,0,0,0,1453.8535,0,0,0,0,0,0,0,0,
379,109.08536638466808,51.958996,,,,,,,,,,,0,584.34357,0,0,0,0,718.20135,0,0,0,0,0,0,0,0,0,0,0,0,0,0,0,0,0,0,0,0,0,909.1249,0,0,0,0,0,0,0,0,0,0,951.0536,0,0,0,0,0,0,0,0,0,0,0,0,0,0,0,693.9255,0,
1044,110.0668418932962,53.13357,,,,,,,,,,,0,0,0,0,0,1226.3282,548.1138,0,0,957.1968,0,0,0,0,0,0,0,0,0,0,0,0,0,0,0,0,0,0,715.051,821.9363,0,0,0,0,0,0,795.76465,0,0,0,0,0,0,0,0,0,0,0,0,0,0,0,1405.1749,0,0,0,0,
714,110.06710268358567,52.82537,,,,,,,,,,,959.96045,0,826.2069,697.8045,887.7022,1368.8186,698.2043,1104.9418,972.9523,1045.5872,980.06213,0,941.52466,930.7228,871.21606,0,640.05786,577.5672,0,994.05817,841.1654,948.9216,1288.1794,1034.2429,798.85095,1017.78033,1251.9114,1022.1425,927.8967,828.5904,1029.1755,919.1844,1383.5106,1261.3857,812.3795,640.05853,845.746,626.8804,840.6094,981.48315,723.8983,1038.745,822.33215,998.5495,1052.4705,917.0079,1165.4005,856.7064,1096.5577,1084.5848,1163.4655,1020.01245,1638.1667,895.53516,1028.0294,713.67993,1375.3337,
1435,110.06800695653156,53.48941,,,,,,,,,,,0,0,895.1471,608.9578,0,0,539.1317,0,0,0,961.52924,0,0,0,0,0,0,446.9235,0,0,0,0,0,0,738.7816,0,0,0,0,0,0,0,1203.1138,916.94116,0,596.4616,0,0,765.8202,744.71295,0,0,750.36743,0,909.67474,0,0,0,0,0,0,0,1448.768,0,893.40015,540.4282,1180.88,
1675,110.06900162358018,53.704998,,,,,,,,,,,0,0,0,0,0,0,0,0,0,0,868.2811,0,0,1074.8065,0,960.9065,0,0,0,0,0,0,0,0,0,0,0,0,0,0,0,0,0,0,0,0,0,0,738.6692,0,0,0,0,0,911.2789,0,0,0,0,0,0,0,0,0,0,0,0,
613,110.07076659298627,52.646526,,,,,,,,,,,0,0,868.45764,0,0,1208.6008,555.813,0,1136.9994,0,0,0,0,929.20496,0,0,0,445.20563,1013.23895,853.6348,0,0,0,968.1919,0,819.21344,0,1014.4694,728.17065,874.40796,1127.6084,837.0043,0,0,689.8967,0,0,0,738.35046,0,745.5008,0,0,0,881.4727,0,0,0,1428.5934,967.4629,1013.42236,0,0,1160.476,0,0,0,
853,110.07110554265765,52.93091,,,,,,,,,,,0,0,0,607.9552,0,0,0,0,0,0,0,0,0,0,0,0,721.2292,0,0,0,0,0,0,0,0,0,0,0,0,0,0,0,1318.527,0,0,698.4668,956.5306,682.0749,0,0,776.372,1098.1915,0,1068.5518,0,0,0,0,0,0,0,0,1511.6888,0,0,0,1257.2893,
1222,110.07137240781987,53.347275,,,,,,,,,,,808.46356,0,827.1553,0,0,0,0,942.6581,0,1006.7519,927.2259,0,0,0,0,0,0,0,0,0,0,890.1713,1244.7917,1021.6646,736.98596,0,0,0,0,0,1039.3452,862.21643,0,940.9807,678.3318,0,0,0,0,0,0,0,762.9284,0,889.8954,914.93823,944.0026,0,978.66064,1008.23175,1035.9889,934.4544,0,0,1000.0971,0,0,
285,110.07254693863082,51.245,,,,,,,,,,,0,0,0,0,0,0,0,0,0,0,0,0,0,1032.676,0,1074.1909,0,0,0,0,0,0,0,0,0,0,0,0,0,0,1096.8398,0,0,0,0,0,0,0,0,0,0,0,0,0,0,0,0,0,0,0,0,0,0,0,0,0,0,
921,110.07326429737088,53.0125,,,,,,,,,,,801.9771,0,0,0,0,1262.2034,0,0,0,973.03955,0,0,0,0,0,0,0,0,0,0,0,0,1186.4635,0,0,0,0,0,0,0,0,0,0,0,0,0,0,0,0,0,0,0,0,0,0,0,0,0,0,0,1016.69464,0,0,0,903.7254,0,0,
533,110.07624339689745,52.485413,,,,,,,,,,,0,0,0,0,0,0,0,863.34784,0,0,0,0,985.8107,0,0,0,0,0,0,894.527,0,0,0,0,780.62604,928.5446,0,967.49396,0,0,0,0,0,1011.3151,747.12915,0,0,0,0,0,0,0,0,0,0,0,1071.4553,765.41516,0,0,1030.1426,0,0,0,0,544.31647,0,
159,110.07763169591624,50.484165,,,,,,,,,,,0,0,0,0,0,0,746.66296,0,0,0,0,0,0,0,0,0,0,0,0,0,0,0,0,0,751.19257,0,0,0,717.14844,0,0,0,0,984.82837,0,0,0,0,0,786.01245,0,0,0,0,0,0,0,0,0,0,0,0,0,0,0,679.0647,0,
7,110.0805381945705,49.646996,,,,,,,,,,,0,0,0,0,0,0,0,0,882.8699,0,0,0,0,0,0,0,0,462.75546,0,0,0,0,0,0,0,0,0,0,726.82153,0,0,0,0,0,0,0,0,0,0,762.797,0,0,0,0,0,0,0,0,0,0,0,0,0,924.06244,0,0,0,
79,110.08642725796358,50.060177,,,,,,,,,,,0,0,0,689.7028,0,0,653.2648,1049.829,961.252,0,0,0,1129.7068,1237.2004,0,1213.2782,616.1955,0,0,901.38446,0,0,0,0,955.92676,889.68195,1039.8208,1117.1713,806.16473,986.5214,1144.9108,836.18176,0,1457.2887,756.3707,636.25726,793.3544,670.9287,0,855.136,0,0,0,0,0,0,1433.3988,888.81433,992.36615,0,0,0,0,911.72345,0,775.0909,0,
101,110.08849405492386,50.201664,,,,,,,,,,,0,0,0,0,0,0,0,0,1849.1487,0,0,0,0,0,0,0,0,0,0,0,0,0,0,0,0,0,0,0,0,0,0,0,0,0,0,0,0,0,0,0,0,0,0,0,0,0,0,0,2128.5496,0,0,0,0,1957.5391,0,0,0,
1053,111.05343947943481,53.137,,,,,,,,,,,849.9886,0,0,0,0,0,856.7293,0,0,1031.3076,0,0,0,0,0,0,0,0,0,0,0,931.4469,0,0,0,0,0,0,0,0,0,0,0,0,0,0,1197.5992,0,0,0,0,0,0,0,0,0,0,0,0,0,0,0,0,0,0,0,0,
1682,111.06421099259332,53.70625,,,,,,,,,,,0,621.55347,1061.0203,0,0,0,0,0,0,0,1127.6718,0,0,1548.5992,0,1693.9686,0,0,0,0,0,0,0,0,0,0,0,0,0,0,1211.488,0,0,0,0,0,0,0,943.17786,0,0,0,0,0,1207.239,0,0,0,0,0,0,0,0,0,0,0,0,
595,111.06467523971797,52.644047,,,,,,,,,,,0,551.67377,1008.22424,0,0,1368.6509,0,0,1757.0526,0,947.2252,0,1084.9036,0,0,0,0,574.0415,1161.8081,1003.79895,0,0,1249.9487,0,0,993.5577,1279.3688,1338.1707,948.8114,1206.5714,1298.1818,0,0,0,824.3276,0,0,0,907.9758,1110.2667,0,1193.5021,0,0,1040.34,0,0,0,2123.5923,1207.0481,1194.6698,0,0,1668.1938,1005.7398,0,0,
171,111.06597045532597,50.485706,,,,,,,,,,,0,641.6731,0,0,1081.6404,0,2760.6182,1924.6649,1255.7711,0,985.6535,0,0,0,822.0667,0,1260.3115,729.236,0,0,872.41156,0,0,1227.6959,1645.3583,1255.7366,1647.5479,1667.5054,1932.0585,0,0,1206.3497,1919.1962,2700.8052,1052.4734,1307.6705,1449.8741,942.42725,1297.0197,1973.0154,0,0,805.9516,1328.3341,1138.827,0,2119.1309,1245.5884,0,0,0,0,2210.3618,1268.1428,1001.2357,2105.7139,2398.6191,
1352,111.0663170833037,53.456665,,,,,,,,,,,0,0,893.6721,0,0,0,0,0,0,0,0,0,0,0,0,0,0,0,0,0,1011.72473,0,0,0,0,0,0,0,0,0,0,0,0,0,0,0,0,0,0,0,0,0,0,0,0,0,0,1005.1216,0,0,0,0,0,0,0,0,0,
786,111.0664844679133,52.91333,,,,,,,,,,,0,0,1021.9971,950.8032,0,1172.5067,0,0,0,0,0,0,0,0,0,0,1070.0931,0,0,0,0,0,0,0,0,0,0,0,0,0,0,0,1657.0859,0,0,1007.3223,1344.9365,987.33704,0,0,1016.8124,1379.5273,0,1370.6267,0,818.7999,0,0,0,0,0,0,1863.4387,0,997.6205,0,1666.7908,
1484,111.06769732906389,53.541004,,,,,,,,,,,0,522.79114,0,0,0,0,0,0,0,0,0,0,0,1295.7927,0,1230.256,0,558.97845,0,0,0,0,0,0,0,0,0,0,0,0,1403.2739,0,0,0,0,0,0,0,0,0,0,0,0,0,0,0,0,0,0,0,0,0,0,0,0,0,0,
692,111.0681917339283,52.823765,,,,,,,,,,,1077.1981,803.6881,904.09644,0,1578.1975,1163.9673,1753.3279,1697.5914,0,1368.6168,1025.1713,0,1087.4237,1238.4609,1127.847,0,1176.3275,828.0608,0,1203.3563,1183.9176,1367.1958,1493.5613,1274.2465,1526.1687,1536.8989,1800.0935,1680.6031,1685.2098,1090.0487,1187.7565,1201.3439,1701.1364,2254.623,1201.0516,1187.1167,1379.6035,896.0948,1028.9147,1822.4927,0,1259.6653,1073.4675,1323.5564,1133.8293,944.6509,1864.6774,1544.9774,0,1256.3354,1251.0137,1126.7339,2014.0746,0,1467.4106,1533.6829,1961.2903,
478,111.07184671713675,52.395714,,,,,,,,,,,0,0,0,801.286,0,0,0,0,0,0,0,0,0,1810.445,0,1840.9686,0,0,0,0,0,0,0,1281.699,0,0,0,0,0,0,1715.441,1144.0804,0,0,0,0,0,0,0,0,0,0,0,0,0,0,0,0,0,1248.1935,0,0,0,0,0,0,0,
408,111.07238505080603,52.12625,,,,,,,,,,,923.5113,0,0,0,0,0,0,0,0,0,0,0,0,0,982.338,0,0,585.9526,0,0,0,0,0,0,0,0,0,0,0,0,0,0,0,0,0,0,0,0,0,0,0,0,961.1464,0,0,0,0,0,0,0,0,0,0,0,0,0,0,
920,111.07378547445295,53.01167,,,,,,,,,,,874.3799,552.1922,0,0,0,0,0,0,0,975.8303,0,0,0,0,0,0,0,0,0,0,0,0,0,0,0,0,0,0,0,0,0,0,0,0,0,0,0,0,0,0,0,0,0,0,0,0,0,0,0,0,0,0,0,0,0,0,0,
529,111.07557137730477,52.484344,,,,,,,,,,,0,0,941.7414,827.5005,1008.0,0,827.99084,1551.444,0,1175.2299,0,0,1833.9277,0,0,0,0,0,0,1714.1958,0,1123.2942,1853.0516,0,1419.6594,1714.6234,1575.833,1498.0454,1107.9065,1269.9238,0,0,1408.0006,2390.3809,1423.6787,0,0,828.09186,0,1144.5416,847.6133,1291.322,0,1209.4459,1071.7878,0,2424.7908,1527.8307,1343.3,0,1716.0879,0,0,0,0,1004.2625,1435.2308,
17,111.07870258802777,49.64946,,,,,,,,,,,1242.361,771.8411,0,0,1000.40045,0,871.7849,1314.1082,2713.6106,1038.7522,1289.5597,0,0,0,1409.7908,0,0,932.1762,1120.7574,1288.3462,896.473,1054.7781,1285.2893,1331.6064,1137.2566,1409.2697,1714.5511,0,1406.5142,0,0,1384.5015,0,1724.5496,1159.3789,0,0,0,1188.0719,1527.218,0,0,1431.7339,0,1424.0076,0,1721.7179,1114.7316,2192.073,1472.3129,1346.5106,1056.4802,0,2647.1274,1256.9186,887.1357,0,
248,111.08062875852545,50.915,,,,,,,,,,,0,0,0,0,0,0,0,0,0,0,0,0,0,0,802.2504,0,986.947,0,0,0,0,0,0,0,0,0,0,0,0,0,0,0,0,0,0,914.2112,1189.8038,0,0,0,0,0,0,0,0,0,0,0,0,0,0,0,0,0,0,0,0,
76,111.0833365669318,50.059406,,,,,,,,,,,0,0,0,1279.1132,1040.9967,0,2056.923,3243.9902,2591.422,1089.5038,0,0,3454.133,2950.023,0,2995.1206,1432.4668,0,0,2361.6965,837.0062,1098.7437,2662.4844,1606.5983,2970.193,2354.901,2559.529,3288.244,2135.9722,2814.2043,2727.1274,1425.3256,2147.9895,4778.8037,2103.5718,1456.7054,1828.0847,1395.3187,0,2227.7798,1261.9971,1980.6698,0,2041.2046,0,0,5030.68,2192.2732,2769.2217,1681.6421,2418.8,0,2094.2236,2769.7935,0,2211.0366,2232.2559,
116,111.08362489325464,50.203335,,,,,,,,,,,0,0,0,0,0,0,0,0,3285.9033,0,0,0,0,0,0,0,0,0,0,0,0,0,0,0,0,0,0,0,0,0,0,0,0,0,0,0,0,0,0,0,0,0,0,0,0,0,0,0,3540.1445,0,0,0,0,3238.0151,0,0,0,
297,111.08603727975135,51.247498,,,,,,,,,,,0,0,0,898.78687,0,0,0,0,0,0,0,0,0,2376.294,0,2405.322,904.43774,0,0,0,0,0,0,1330.9781,0,0,0,0,0,0,2133.0752,1223.4691,1427.4779,0,0,1004.5531,0,898.4678,0,0,0,0,0,0,0,0,0,0,0,1255.895,0,0,0,0,0,0,1394.9326,
763,112.0243697073479,52.91,,,,,,,,,,,0,0,0,0,0,0,0,0,0,0,0,0,0,0,0,0,0,0,0,580.0072,0,0,0,0,0,0,0,0,0,0,0,0,0,0,0,0,0,0,0,0,0,0,0,0,564.05914,496.97418,0,0,0,0,0,0,0,0,0,0,0,
1203,112.04172381010844,53.334484,,,,,,,,,,,669.80023,0,678.36615,528.1246,568.1419,905.949,533.812,803.8954,1084.797,719.64795,630.6764,0,829.13074,0,573.26544,0,0,0,804.2847,687.79407,617.6803,676.1955,991.04315,934.6466,739.3576,727.4583,1218.3707,1007.4067,866.2069,794.4129,0,752.4299,1029.5486,923.3194,585.0906,0,682.8055,538.2295,656.6002,919.4691,603.5381,798.541,621.01276,718.6208,704.0863,662.34784,990.64594,638.7561,1322.7123,927.39197,801.7859,738.96533,996.9693,1090.5568,770.69763,497.04413,1110.2115,
1004,112.04278750629878,53.115833,,,,,,,,,,,0,0,0,0,520.60675,720.676,0,0,0,598.949,0,0,0,0,0,0,0,0,624.94836,0,0,0,679.7823,0,0,0,0,0,0,0,0,0,0,0,0,0,0,0,0,0,0,0,0,0,0,0,0,0,0,0,0,0,888.3089,0,0,0,0,
546,112.04477108831907,52.511288,,,,,,,,,,,0,0,0,478.26022,534.9693,0,868.85944,989.1987,0,0,0,0,759.71497,0,0,0,541.7927,0,0,671.30176,0,561.7169,787.88885,0,901.2115,753.6401,1164.3485,1068.0045,986.526,746.83295,0,0,1244.1954,1245.6986,645.30273,0,650.9474,532.1569,585.4819,1159.9539,503.22784,728.02026,0,689.0566,0,0,1138.3762,696.1282,0,0,741.0265,0,1290.9,0,0,759.9219,1295.4034,
245,112.04888963918252,50.909702,,,,,,,,,,,0,0,0,0,0,0,0,0,981.0219,0,545.0353,0,0,0,501.98495,0,504.169,0,0,0,0,0,0,0,575.084,0,833.83325,0,684.82446,0,0,592.40533,0,0,492.94574,560.2409,679.0827,504.37888,0,712.4204,0,0,503.55573,0,0,0,0,536.9405,1045.5662,0,0,0,0,1083.4946,0,0,0,
1096,112.04955468185096,53.184998,,,,,,,,,,,0,0,0,0,0,0,0,0,0,0,0,0,0,0,0,0,507.85846,0,0,0,0,541.4815,0,0,0,0,0,0,0,0,0,0,0,0,0,0,625.8754,0,0,0,0,0,0,0,0,0,0,0,0,0,0,0,0,0,0,0,0,
130,112.05076380225529,50.208332,,,,,,,,,,,0,0,0,0,0,0,0,0,974.4498,0,0,0,0,0,0,0,0,0,0,0,0,0,0,0,0,0,0,0,0,0,0,0,0,0,0,0,0,0,0,0,0,0,0,0,0,0,0,0,1024.0787,0,0,0,0,878.3168,0,0,0,
732,112.05136067363854,52.829254,,,,,,,,,,,572.1164,0,578.88885,0,658.7597,0,635.6868,714.8539,0,659.4773,550.3305,0,0,645.9735,522.7826,649.49854,0,0,0,614.0226,499.28506,587.53613,0,726.3635,647.37396,673.00195,850.6584,815.9546,704.0837,0,0,0,849.8536,838.2968,459.50342,527.98987,0,504.33313,0,792.8235,484.53024,0,493.9235,0,581.21545,0,834.913,594.6169,0,0,587.10754,0,0,0,631.02386,579.09906,922.25305,
626,112.05389017828881,52.66375,,,,,,,,,,,0,0,571.8411,0,0,689.9395,0,0,0,0,0,0,0,0,0,0,0,0,0,0,0,0,0,0,0,0,0,0,0,655.8536,0,0,0,0,448.29584,0,0,0,0,0,0,0,0,0,569.01636,0,0,0,817.2455,666.1399,0,0,0,694.65283,0,0,0,
4,112.05935722180999,49.64625,,,,,,,,,,,0,0,0,0,0,0,0,0,815.9467,0,0,0,0,0,0,0,0,0,0,0,0,0,0,0,0,0,0,0,0,0,0,0,0,0,0,0,0,0,0,667.8872,0,0,508.1847,0,0,0,0,0,0,0,0,0,0,793.8947,0,0,0,
1481,112.0639719128712,53.54,,,,,,,,,,,0,0,0,0,0,0,0,0,0,0,0,0,0,740.23865,0,722.5077,0,0,0,0,0,0,0,683.9526,0,0,0,0,0,0,723.5152,597.2027,0,0,0,0,0,0,0,0,0,0,0,0,0,0,0,0,0,0,0,0,0,0,0,0,0,
175,112.0645871544419,50.486,,,,,,,,,,,0,0,0,0,0,0,829.45966,0,0,0,0,0,0,0,0,0,501.96207,0,0,0,0,0,0,0,561.5155,0,0,0,737.66754,0,0,0,0,869.89343,0,0,0,0,0,729.1644,0,0,0,0,0,0,798.83655,0,0,0,0,0,927.60706,0,0,676.71985,900.4165,
70,112.07802605149531,50.056057,,,,,,,,,,,0,0,0,636.5557,0,0,703.11444,970.58386,826.4662,0,0,0,956.6401,1594.3583,0,1675.4816,682.3318,0,0,725.3684,0,0,853.13763,870.54236,876.91895,704.9098,992.5835,1001.39,852.3099,797.5495,1527.0076,867.76526,944.1844,1297.5989,618.1497,646.8804,721.1089,610.3688,0,756.1909,537.218,849.8768,0,824.2256,0,0,1285.1755,707.9216,866.42334,930.05426,770.2713,0,1039.9905,841.29486,0,742.4933,1006.30664,
298,112.07857910847132,51.247498,,,,,,,,,,,0,0,0,524.45636,0,0,0,0,0,0,0,0,0,1256.2285,0,1319.9398,519.5034,0,0,0,0,0,0,742.5936,0,0,0,0,0,0,1194.0824,673.42957,0,0,0,518.46124,660.4135,530.5672,0,0,509.59332,702.779,0,696.33276,0,0,0,0,0,708.4825,0,0,0,0,0,0,0,
500,112.08054622322547,52.398,,,,,,,,,,,0,0,0,0,0,0,0,0,0,0,0,0,0,875.0834,0,933.73944,0,0,0,0,0,0,0,0,0,0,0,0,0,0,905.53876,601.94116,0,0,0,0,0,0,0,0,0,685.2576,0,0,0,0,0,0,0,0,0,0,0,0,0,0,0,
273,113.04157340644437,51.163002,,,,,,,,,,,0,0,0,0,0,0,0,0,0,0,508.47662,0,0,0,0,0,0,0,0,0,0,0,0,0,0,0,0,0,0,0,0,0,0,0,0,0,0,0,0,0,0,0,0,0,517.1693,0,0,0,696.0935,0,0,0,0,589.7748,554.23474,0,0,
940,113.05194915813385,53.0375,,,,,,,,,,,0,0,0,0,0,0,0,0,0,0,0,0,0,0,0,0,0,0,0,0,0,473.99606,0,0,0,0,0,0,0,0,0,0,0,0,0,0,0,0,0,0,0,0,0,0,0,0,0,0,0,0,514.7264,531.48645,0,0,553.16315,0,0,
411,113.05826438228037,52.127502,,,,,,,,,,,524.9846,0,0,0,0,0,0,0,613.304,0,0,0,0,0,519.89374,0,0,0,0,0,0,0,0,0,0,467.88394,624.67084,0,469.54886,0,0,0,0,0,437.41257,0,0,0,0,0,0,0,499.2635,0,0,0,0,437.01242,0,0,0,0,0,607.3792,0,0,0,
1211,113.05879417046843,53.33906,,,,,,,,,,,0,0,0,0,0,553.2485,0,592.3972,0,521.81006,514.8529,0,509.84015,0,445.50015,0,0,0,0,0,0,483.1154,619.60706,0,0,0,589.26184,567.42725,0,0,0,0,0,0,0,0,0,0,443.39752,0,430.31384,0,0,0,501.2648,0,0,0,0,0,508.6708,494.84833,0,0,526.9238,0,0,
758,113.05907174312257,52.90333,,,,,,,,,,,425.8738,0,0,0,0,0,0,0,0,517.3308,0,0,491.0301,0,0,0,0,0,0,0,0,0,0,0,0,0,0,0,0,0,0,0,0,0,0,0,0,0,0,0,0,0,0,0,0,0,0,0,0,0,0,0,0,0,0,0,0,
970,113.063046107409,53.106876,,,,,,,,,,,0,0,0,0,437.20758,593.49164,0,0,0,511.57666,0,0,0,0,0,0,0,0,568.8454,490.15823,0,450.94965,0,0,0,0,0,0,0,0,0,0,0,0,0,0,0,0,464.5953,0,0,0,423.32886,0,0,0,0,0,0,0,0,0,0,0,0,0,0,
592,113.06389607432202,52.643753,,,,,,,,,,,0,0,0,0,0,546.2069,0,0,0,0,0,0,0,0,0,0,0,0,548.3086,0,0,0,0,0,0,0,0,0,0,0,0,0,0,0,0,0,0,0,0,0,0,0,0,0,0,0,0,0,706.4253,0,0,0,0,613.5165,0,0,0,
30,113.06407598456354,49.655697,,,,,,,,,,,645.65607,0,540.68713,0,544.17523,0,434.36514,694.24713,1419.6633,535.98755,737.38605,0,506.29813,1005.3282,731.9199,1036.9418,499.5603,502.13895,569.2073,655.052,0,613.23114,652.6695,829.13763,612.9323,746.4014,890.8356,640.441,756.7715,0,855.6012,815.4034,0,959.2141,613.05,0,597.05164,450.626,611.07715,838.09937,0,0,767.42694,691.5515,729.168,0,934.20496,630.4021,1179.8693,823.55084,687.9251,546.5299,0,1408.0167,630.00555,483.44983,0,
682,113.06468505665146,52.82223,,,,,,,,,,,530.0461,0,470.62503,0,620.55054,570.1017,594.2115,743.7025,0,620.0912,508.65445,0,508.6316,0,437.53317,0,531.6002,0,515.8323,540.30695,0,524.3001,609.6731,0,708.8859,581.42957,760.6309,718.89343,655.256,525.50574,0,0,823.1517,844.86206,475.0814,0,598.1625,481.61688,450.86008,667.54333,0,0,516.4207,0,583.09515,0,790.459,560.3047,0,0,566.5678,520.45374,902.4773,0,604.58386,562.5724,861.5603,
216,113.06693357700985,50.49968,,,,,,,,,,,0,0,0,0,432.82578,0,712.8915,635.7751,606.9327,0,0,0,0,0,0,0,0,0,0,0,0,0,0,0,647.542,0,0,555.0497,612.0033,0,0,0,0,842.1373,0,0,0,0,0,632.65283,0,0,0,0,0,0,642.2056,447.54233,696.23474,0,0,0,820.12585,631.3789,0,682.02386,862.459,
126,113.06865634049898,50.205,,,,,,,,,,,0,0,0,0,0,0,0,0,812.06274,0,0,0,0,0,0,0,0,0,0,0,0,0,0,0,0,0,0,0,0,0,0,0,0,0,0,0,0,0,0,0,0,0,0,0,0,0,0,0,869.81464,0,0,0,0,800.7957,0,0,0,
544,113.0689221866841,52.495327,,,,,,,,,,,0,0,0,0,0,0,0,565.75385,0,0,0,0,542.29877,0,0,0,0,0,0,514.5662,0,0,594.0134,0,0,542.53546,612.64465,565.1203,464.20694,491.14548,0,0,0,728.53613,434.7653,0,0,0,0,0,0,0,0,0,0,0,695.04083,463.8372,0,0,510.33966,0,0,0,0,468.1726,0,
251,113.07254199476812,50.92312,,,,,,,,,,,0,0,0,0,0,0,0,0,594.4312,0,0,0,0,0,469.43314,0,0,0,0,0,0,0,0,730.68256,0,0,602.8617,0,449.31055,0,0,645.20886,767.9317,0,0,491.92056,591.1507,0,462.03336,479.80255,0,0,471.22623,0,0,0,0,0,0,753.816,0,0,0,602.86694,0,411.05197,800.44885,
1483,113.08303251200532,53.540993,,,,,,,,,,,0,0,467.31906,614.29486,0,0,0,0,0,0,621.0363,0,0,1500.5459,0,1482.3815,601.05786,478.48447,0,0,0,0,0,823.49133,0,0,0,0,0,0,1456.8225,733.93884,860.4469,0,0,550.73553,654.492,531.31384,0,0,512.4884,731.202,0,755.6401,0,0,0,0,0,875.18567,0,0,899.97284,0,0,0,863.5456,
476,113.08764893668094,52.39527,,,,,,,,,,,0,0,0,754.62897,0,0,0,0,0,0,513.9176,0,0,2698.6646,0,2700.3706,831.01404,477.91827,0,0,0,0,0,1095.0588,0,0,0,0,0,0,2568.6296,1024.0392,1152.6238,0,0,818.559,920.37036,741.89276,0,0,715.5541,1014.7515,0,1009.5348,0,0,0,0,0,1088.7783,0,0,1082.8663,0,0,0,1192.9441,
62,113.08853633973128,50.049477,,,,,,,,,,,0,0,0,1376.0804,0,0,486.91306,748.05426,624.8228,0,0,0,752.8267,6314.4443,0,6376.344,1883.7561,0,0,539.85846,0,0,669.1981,2220.4756,729.1056,543.64795,685.49884,732.90485,516.06146,646.62964,5611.4385,2248.4802,2203.617,927.2148,491.5041,1751.2825,1921.6113,1601.6534,0,583.4655,1218.3043,1919.744,0,2108.2456,0,0,945.80225,537.8908,710.06213,2303.4182,520.4135,0,2104.2969,637.33575,0,582.83167,2252.647,
294,113.09498438306369,51.24684,,,,,,,,,,,0,0,0,1002.57434,0,0,0,0,0,0,541.8957,0,0,4413.7065,0,4693.0264,1222.5021,444.9039,0,0,0,0,0,1522.8457,0,0,0,0,0,0,4028.4832,1527.5554,1691.0729,0,0,1169.1144,1329.1346,1156.1847,0,0,920.41223,1361.5652,0,1374.1641,0,0,0,0,0,1601.6986,0,0,1545.273,0,0,0,1610.4142,
33,114.03076314561292,49.659283,,,,,,,,,,,0,0,0,0,0,0,0,0,864.001,0,0,0,0,0,515.3671,0,0,0,0,0,0,0,0,0,0,0,0,0,529.46423,0,0,0,0,487.8434,0,0,0,0,0,608.0784,0,0,0,0,0,0,0,0,619.5139,0,0,0,0,815.98334,0,0,0,
289,114.04292645376647,51.246662,,,,,,,,,,,0,0,0,0,0,0,0,0,0,0,0,0,0,511.8176,0,528.6391,0,0,0,0,0,0,0,0,0,0,0,0,0,0,483.99118,0,0,0,0,0,0,0,0,0,0,0,0,0,0,0,0,0,0,0,0,0,0,0,0,0,0,
46,114.06807451635324,50.03,,,,,,,,,,,0,0,0,0,0,0,0,0,0,0,0,0,0,607.8941,0,594.4276,0,0,0,0,0,0,0,0,0,0,0,0,0,0,621.6777,0,0,0,0,0,0,0,0,0,0,0,0,0,0,0,0,0,0,0,0,0,0,0,0,0,0,
1880,114.99290838365403,53.879997,,,,,,,,,,,0,879.74695,946.338,0,1140.5577,0,0,0,1220.6515,0,0,0,0,0,0,0,0,0,0,0,0,0,0,0,0,0,0,0,0,1058.4868,0,0,0,0,0,0,0,0,0,0,0,0,0,0,0,0,0,0,0,0,0,0,0,0,0,0,0,
1462,114.9934680572553,53.513332,,,,,,,,,,,0,0,0,0,1125.22,0,0,0,0,0,0,566.6796,0,0,0,0,0,824.88654,0,0,0,0,0,0,0,0,0,0,0,0,0,0,0,0,0,0,0,0,0,0,0,0,0,0,0,0,0,0,0,0,0,0,0,0,0,0,0,
1664,114.99891721803064,53.702103,,,,,,,,,,,0,0,1112.5527,0,0,0,0,0,0,0,1201.6571,0,0,1490.0791,1126.829,0,1077.0059,837.1556,0,0,1112.5375,0,0,0,0,0,0,0,0,0,1272.9565,0,0,0,994.5969,0,0,1133.2667,1300.596,0,853.65186,0,0,1234.1873,1327.0333,1007.21906,0,0,0,1246.7202,0,0,1311.2311,1196.4672,0,0,1408.1409,
1995,114.99993792662815,53.961506,,,,,,,,,,,0,0,947.1834,0,0,1196.9768,0,0,0,0,0,0,1012.5819,1162.7349,0,0,0,870.286,1332.4426,0,1167.8718,1228.1589,0,0,1115.037,0,0,1317.3883,1123.3713,0,1142.1886,1191.2272,1237.2131,1276.6918,0,0,0,1135.7643,0,0,846.22003,1229.0219,0,0,0,0,1267.4417,0,0,1267.9127,0,0,0,0,0,0,0,
1355,115.00055966087633,53.46,,,,,,,,,,,1091.2299,0,974.09314,0,0,1550.3458,1119.5188,0,1197.3818,0,1038.5652,0,1110.443,0,0,1113.5276,1074.4666,0,1605.1609,0,1164.0732,0,0,0,0,1105.7006,1364.61,1290.1812,1178.2386,0,0,0,0,1419.6289,1060.9751,0,0,1118.3374,1473.7914,1270.0752,824.55505,1192.1498,0,1227.7957,1208.0771,1049.6381,1454.9415,0,0,0,1063.6567,1102.5322,1317.5992,0,0,0,0,
438,115.00280434922159,52.374287,,,,,,,,,,,0,0,0,0,0,1441.068,0,0,0,0,0,0,0,0,0,0,0,0,1634.3962,0,0,0,0,1408.8911,0,0,1288.4838,0,0,0,0,1312.833,0,0,0,0,0,0,1366.5995,0,0,0,0,0,0,0,0,0,0,1459.7653,0,0,0,0,0,0,0,
1741,115.0031848732329,53.755,,,,,,,,,,,0,0,0,0,0,0,0,0,0,0,0,0,0,0,0,0,0,0,0,0,0,0,0,0,0,0,0,0,0,0,0,0,1232.9536,0,0,0,1118.1997,0,0,0,0,0,1078.2726,0,0,0,0,0,0,0,0,0,0,0,0,0,0,
1019,115.00549401755295,53.120003,,,,,,,,,,,0,0,0,816.23895,0,2785.141,0,0,0,0,0,0,1044.0004,0,0,0,0,0,2775.0396,1041.1272,0,0,0,1363.7538,0,1148.5472,0,1316.0686,0,1073.3684,0,1192.6031,0,0,0,0,0,0,1406.1216,0,0,0,0,0,0,0,1237.0974,0,0,1451.829,0,0,0,0,0,0,0,
780,115.00660091677797,52.912502,,,,,,,,,,,0,0,0,819.2517,0,0,0,0,0,0,0,0,0,0,0,0,1076.4407,0,0,0,0,0,0,0,0,0,0,0,0,0,0,0,0,0,0,1072.3337,0,1113.8431,0,0,829.85,1241.9856,0,0,0,0,0,0,0,0,0,0,0,0,0,0,0,
725,115.00928136916967,52.826954,,,,,,,,,,,1132.5322,871.90454,0,0,1408.4949,0,1540.9271,1355.1075,0,1166.826,0,0,0,0,1133.0111,1105.3665,1150.2034,880.474,0,1061.1648,1184.3593,1311.7214,0,0,1256.0516,1279.029,1359.0775,1428.1298,1341.1294,0,0,0,1264.744,1674.0396,1022.3642,1113.3057,1196.7571,0,0,1484.3478,0,0,1041.5414,1285.5168,0,0,1569.9045,1399.0167,0,0,1052.7136,0,1472.6351,0,1330.9608,1349.3456,1541.2236,
190,115.03268377746389,50.487503,,,,,,,,,,,0,0,0,0,0,0,1680.7257,1270.5704,0,0,0,0,0,0,0,0,0,0,0,0,0,0,0,0,1255.8741,0,0,1334.6528,1328.7296,0,0,0,1253.2657,1827.7333,0,0,0,0,0,1408.8885,0,0,0,0,0,0,1567.7012,0,0,0,0,0,1522.6273,0,0,1462.1884,1588.3904,
265,116.01204575915351,51.15167,,,,,,,,,,,0,0,0,0,0,0,0,0,902.2288,0,0,0,0,0,0,0,0,0,0,0,0,0,0,0,0,0,0,0,0,0,0,0,0,0,0,0,0,0,0,0,0,0,0,0,0,0,0,0,1151.563,0,0,0,0,941.39264,0,0,0,
263,116.01279194516404,50.995,,,,,,,,,,,0,0,0,0,0,0,0,0,980.1389,0,0,0,0,0,0,0,0,0,0,0,0,0,0,0,0,0,0,0,0,0,0,0,0,0,0,0,0,0,0,0,0,0,0,0,0,0,0,0,1253.9254,0,0,0,0,1001.92053,0,0,0,
930,116.01925352185242,53.03294,,,,,,,,,,,0,0,0,0,638.2697,0,0,0,0,884.21216,0,0,0,0,611.5881,0,0,0,0,0,613.9281,0,1013.3282,1007.41486,0,0,0,0,0,0,0,724.3684,0,0,586.78326,0,0,0,795.9709,0,0,0,650.983,783.9405,0,774.3612,0,0,0,918.0454,890.49854,909.0523,0,812.4799,811.7447,0,0,
785,116.01629160090769,52.913002,,,,,,,,,,,0,0,0,0,0,0,0,0,0,0,0,0,0,0,0,0,0,0,0,0,0,0,0,0,0,0,0,0,0,0,0,0,0,0,0,536.0369,696.3109,588.95557,0,0,602.7437,0,0,790.0791,0,0,0,0,0,0,0,0,0,0,0,0,0,
1977,116.01876250016561,53.960712,,,,,,,,,,,0,0,0,0,0,0,0,0,0,856.05396,0,0,833.52795,0,0,662.57996,0,0,0,0,0,0,0,0,0,0,0,0,0,1048.0925,0,0,1219.1373,0,0,0,0,557.7264,0,0,0,0,0,0,0,0,0,0,0,0,890.81464,0,0,0,0,0,0,
1286,116.02038657828726,53.408,,,,,,,,,,,0,0,0,540.4322,0,0,0,780.55054,0,0,0,0,877.8104,0,0,0,0,0,0,0,0,0,0,0,0,0,0,0,0,0,0,732.2288,0,0,0,0,0,0,0,0,0,0,0,0,708.18146,0,0,0,0,0,0,0,0,0,0,0,0,
1099,116.02178245735855,53.18545,,,,,,,,,,,0,0,0,0,650.71,0,0,0,0,840.87384,0,0,833.2743,740.7074,0,0,504.56458,0,1062.0294,0,0,0,0,0,0,0,0,0,0,0,0,0,0,813.5417,0,499.0608,711.4338,0,0,0,0,0,0,815.1697,0,0,0,0,0,0,874.62665,0,0,0,0,0,0,
1198,116.02179075948797,53.32617,,,,,,,,,,,0,0,918.70184,542.4338,0,0,0,0,771.5564,856.4129,0,0,0,727.6718,0,649.79114,0,0,0,0,612.6257,812.5982,0,959.5371,0,0,0,0,0,0,925.7032,0,0,0,580.9631,0,0,0,726.2661,0,0,0,0,0,705.84045,0,0,0,1092.5233,913.80225,0,0,1266.9108,0,819.89276,0,0,
1678,116.02203985657255,53.705006,,,,,,,,,,,0,0,0,0,0,0,0,0,0,0,694.3037,0,0,789.9552,0,765.96796,495.71298,0,0,0,0,0,0,0,0,0,0,0,0,0,845.7676,0,0,0,0,0,0,568.88525,0,0,0,0,0,0,710.9739,0,0,0,0,0,0,0,0,0,0,0,0,
1395,116.02367689684971,53.48239,,,,,,,,,,,0,0,1059.78,553.5495,638.45013,0,559.4776,0,0,0,0,0,0,901.9428,0,739.26056,517.6685,0,1162.0594,0,0,0,0,968.3694,0,0,1026.8274,0,0,0,1199.1691,727.41907,0,804.1805,0,0,698.26776,0,869.4214,663.3279,667.50476,971.11346,0,0,762.2864,786.73224,0,639.9317,0,0,0,0,1274.0549,0,0,0,1123.8954,
697,116.0237178540906,52.82405,,,,,,,,,,,764.21704,0,0,539.2256,782.41876,0,839.02747,904.1772,0,0,0,0,0,0,656.9104,0,563.9356,0,0,887.1536,644.169,885.9722,0,0,823.37756,835.8794,1012.3148,1088.1066,858.0098,0,0,732.0294,1235.5244,990.5665,634.78656,635.9258,753.3916,0,0,874.36615,0,0,652.6505,800.0569,712.1216,757.61,1001.09546,799.1968,0,0,0,0,1305.0635,0,818.01404,675.18176,1134.5599,
1041,116.02544763733279,53.131668,,,,,,,,,,,0,0,0,0,0,1428.393,0,0,0,0,0,0,0,0,0,0,0,0,1259.6708,0,0,0,0,0,0,0,0,994.3566,0,0,0,0,0,0,0,0,0,0,781.97906,0,618.6682,0,0,0,0,0,0,0,0,0,0,0,0,0,829.99774,0,0,
621,116.02916596719777,52.65429,,,,,,,,,,,0,0,0,0,0,0,0,810.59955,0,0,0,0,0,0,0,0,0,0,0,0,0,0,0,0,0,0,0,0,671.75024,0,0,0,0,0,0,0,0,0,0,0,0,0,0,0,0,0,907.0451,0,1048.2488,0,872.61035,0,0,800.6087,0,0,1167.6731,
188,116.03527712291172,50.48708,,,,,,,,,,,0,0,0,0,0,0,993.50836,835.62866,0,0,0,0,0,0,0,0,529.4338,0,0,0,0,0,0,0,814.7297,0,0,0,907.9575,0,0,0,0,1126.7385,0,533.69727,0,0,0,875.51587,0,0,0,0,0,0,1018.1373,662.85095,0,0,0,0,0,0,0,766.61395,1124.7198,
573,117.01042178063192,52.64154,,,,,,,,,,,0,0,0,1304.2926,0,0,1383.3599,0,0,0,0,0,0,0,0,0,0,0,0,0,0,0,2218.211,0,0,0,2399.5696,2395.7654,0,0,0,0,0,2155.2031,1588.0651,1412.4939,1801.3883,0,0,1867.0657,0,0,0,0,0,0,2289.2554,0,0,0,0,0,0,2479.384,0,1424.3809,0,
639,117.01123495204854,52.734997,,,,,,,,,,,0,0,0,0,0,0,0,0,0,0,0,0,0,0,0,0,0,0,0,0,0,0,0,0,0,0,0,0,0,0,0,0,0,0,0,0,0,0,0,0,1400.7358,0,0,0,0,0,0,0,0,2287.7502,1813.594,0,0,0,0,0,0,
1993,117.01132015157398,53.961426,,,,,,,,,,,0,0,0,0,0,0,0,0,0,0,0,590.7908,0,2235.559,0,2030.6332,0,1152.5911,0,0,0,0,0,0,0,0,2434.273,0,0,0,0,0,0,0,0,1487.6133,0,0,0,0,0,2365.984,0,0,0,0,0,0,0,0,0,0,0,0,0,0,0,
523,117.01221286076887,52.482994,,,,,,,,,,,0,0,0,0,0,0,0,2038.4645,0,0,0,0,1750.5973,0,0,0,0,0,0,0,0,0,0,0,1867.6957,0,0,0,0,1977.2743,0,0,3409.4397,0,0,0,0,0,0,0,0,0,0,0,0,0,0,0,0,0,0,0,0,0,0,0,0,
1655,117.01235613810114,53.700558,,,,,,,,,,,0,0,0,0,0,0,0,0,0,0,2184.5635,0,0,2697.402,0,2501.326,1459.3184,1094.8958,0,0,0,0,0,0,0,0,0,0,0,0,2392.7898,0,0,0,1564.4031,0,0,0,2043.3456,0,0,0,0,0,2446.625,0,0,0,0,0,0,0,0,0,0,0,0,
1393,117.0123716335209,53.481438,,,,,,,,,,,1844.8634,1143.8309,2065.1714,0,1753.9731,2611.669,1525.0565,0,0,0,2134.4243,0,0,2280.1843,1773.3312,1952.8379,1426.3861,1103.2367,2793.792,1674.0125,1827.2913,1920.1213,2235.8179,0,1866.6515,0,2465.0664,0,1950.4181,0,2378.5842,0,0,2358.9275,1612.167,1448.2455,1880.5815,1679.4227,2398.471,2019.3253,0,2366.4434,1701.9343,2178.4492,2616.7637,1562.0006,2341.2761,1811.699,0,0,0,0,3676.4292,0,1945.0082,0,3682.6855,
772,117.01281999548702,52.91176,,,,,,,,,,,0,0,1970.5753,1564.9519,0,0,0,0,0,1934.915,0,0,0,0,0,0,1981.3864,0,0,0,0,0,0,0,0,0,0,0,0,0,0,0,3760.953,0,1560.7853,1997.0801,2384.9888,2028.4845,0,0,1731.3723,2945.1282,0,2685.056,2323.5525,1531.8212,0,0,0,0,0,0,3909.842,0,2023.1245,0,4136.525,
1544,118.01327353440438,53.58667,,,,,,,,,,,0,0,0,0,0,0,0,0,0,0,0,0,0,0,520.119,0,0,0,0,0,0,0,0,0,0,0,0,0,0,0,0,0,0,0,0,0,0,0,0,0,0,0,0,558.1239,0,0,571.628,0,0,0,0,0,0,0,0,0,0,
1720,118.02131226503246,53.73136,,,,,,,,,,,0,0,553.0634,0,519.9353,0,0,540.19257,0,531.222,0,0,0,654.9359,0,623.8536,0,0,0,0,0,0,0,0,0,0,0,0,0,0,632.7637,0,783.5195,0,0,0,0,482.31808,0,0,0,0,0,0,608.1909,0,0,0,0,0,0,0,0,0,0,0,804.6175,
1608,118.02463689351397,53.66375,,,,,,,,,,,0,0,0,0,0,0,0,0,0,0,0,0,0,0,0,0,0,0,0,0,536.3622,0,0,0,0,0,0,0,0,0,0,0,0,0,0,0,0,0,0,0,0,0,0,0,0,0,0,0,0,627.2288,0,0,747.7483,0,551.0111,0,0,
1039,118.02502655369994,53.13,,,,,,,,,,,0,0,0,0,0,982.9398,0,0,0,0,0,0,0,0,0,0,0,0,899.1873,0,0,0,0,0,0,0,0,582.981,0,0,0,0,0,0,0,0,0,0,642.23505,0,402.94574,0,0,0,0,0,579.2599,0,0,0,0,0,0,0,0,0,0,
262,118.02680268732267,50.993332,,,,,,,,,,,0,0,0,0,0,0,0,0,647.70154,0,0,0,0,0,0,0,0,0,0,0,0,0,0,0,0,0,0,0,0,0,0,0,0,0,0,0,0,0,0,0,0,0,0,0,0,0,0,0,702.033,0,0,0,0,678.49884,0,0,0,
1390,118.02733055666988,53.481018,,,,,,,,,,,0,0,625.6064,0,537.42596,0,0,0,0,573.016,587.29877,0,0,594.8718,525.8715,556.7999,478.49362,0,783.8153,483.26938,592.49066,571.5894,664.2004,620.87384,0,0,695.2321,642.45404,579.7068,0,712.43677,0,763.1644,589.8032,0,502.14548,511.51257,0,609.33276,595.67017,437.1651,602.6437,0,567.9846,676.5195,0,600.12946,0,0,677.78687,0,562.1246,801.0497,0,588.6054,0,815.4691,
1241,118.03191128954177,53.353996,,,,,,,,,,,0,0,558.98364,0,0,617.4469,0,0,0,0,0,0,0,601.5855,0,0,0,0,0,472.68094,0,0,0,0,0,0,0,0,0,0,631.04706,0,0,0,0,0,0,0,0,0,0,0,0,0,0,0,0,0,0,0,0,0,0,0,0,0,0,
474,118.03200786638119,52.395008,,,,,,,,,,,0,0,0,0,0,0,0,0,920.77637,0,509.74664,0,0,0,0,0,475.24484,0,642.80615,0,569.527,0,0,0,0,0,648.8349,0,555.0046,0,0,590.6659,0,592.62634,0,497.75317,518.60345,493.41647,0,584.7339,0,584.41583,0,577.48315,0,0,0,556.7637,929.0942,0,0,0,0,924.37103,0,0,0,
1821,118.03318122082153,53.851665,,,,,,,,,,,0,0,0,0,0,0,0,0,633.53546,0,0,0,0,0,0,0,0,0,0,0,0,0,591.87054,0,0,0,0,0,0,0,0,0,0,0,0,0,0,0,0,0,0,0,0,0,0,0,0,0,0,0,0,0,0,646.4586,0,0,0,
1915,118.0333803224658,53.944164,,,,,,,,,,,0,0,0,0,522.3233,0,0,0,0,0,0,0,0,0,0,528.83,0,0,0,0,0,0,0,0,0,0,620.82184,618.3223,0,0,0,0,0,0,0,0,0,0,0,0,0,0,0,0,0,0,0,0,0,629.015,0,0,0,0,0,0,770.6551,
815,118.03411960883813,52.915237,,,,,,,,,,,0,0,509.26218,0,0,0,0,0,0,590.3828,597.2789,0,0,0,0,0,743.5342,0,0,480.51944,0,542.4312,590.6136,0,0,0,626.79535,0,524.00525,0,0,0,994.45703,0,0,746.3119,786.9971,773.0719,0,0,582.6535,856.5185,0,841.8581,639.7872,0,0,0,0,0,0,549.4616,1019.4972,0,564.7336,0,1044.2909,
581,118.03744356751001,52.642498,,,,,,,,,,,0,0,0,0,0,0,0,0,0,0,0,0,0,0,0,0,467.64172,0,0,0,0,0,599.0896,0,0,0,0,0,525.94476,0,0,0,707.61914,0,0,473.22195,0,0,0,0,0,0,0,566.084,587.0984,0,0,518.7738,670.1876,0,0,0,764.57733,0,0,0,0,
1846,119.00123356649323,53.87,,,,,,,,,,,0,0,0,0,0,0,0,0,3068.972,0,0,0,0,0,0,0,0,0,0,0,0,0,0,0,0,0,0,0,0,0,0,0,0,0,0,2322.6394,0,0,0,0,0,0,0,0,0,0,0,0,0,0,0,0,0,2926.2747,0,0,0,
1979,119.00321595323776,53.960796,,,,,,,,,,,0,1987.3423,1867.4136,1560.4384,0,0,2190.8894,0,0,0,2228.491,0,1874.6838,0,2530.6724,0,2439.6462,1878.4198,0,1914.712,0,0,0,2881.0896,2284.2332,2371.2969,0,2584.8218,2414.9988,1937.2024,0,0,2521.9585,0,2208.135,2419.034,2597.612,0,0,2472.0452,1692.0817,0,2291.2253,0,0,0,2537.785,0,0,0,2043.8441,0,0,0,0,0,0,
1716,119.00401010388057,53.72919,,,,,,,,,,,2571.1145,2378.8157,0,1531.8467,2432.128,0,0,0,2731.4592,0,2246.0125,1266.0627,0,0,2547.2769,3304.9624,2420.7366,1943.7031,0,0,0,0,0,0,0,0,0,0,0,0,2458.5234,2496.2979,2570.3733,0,0,2298.7004,2533.1897,2417.3835,2586.8293,0,1657.7672,0,2190.9785,0,2603.0503,0,0,0,2718.3953,0,0,0,3145.9915,2742.4456,0,0,3129.3777,
1412,119.00562095633951,53.4848,,,,,,,,,,,2484.0457,1967.037,2380.1167,1556.9497,2432.08,2518.0315,2344.0867,2494.531,0,2559.2173,2699.4116,0,1972.2229,2657.623,2695.5322,2377.5947,2517.111,1897.2455,0,1917.2979,0,2482.6965,2973.7554,2979.507,0,2487.386,3178.2852,2992.1248,2833.389,2152.7568,2664.651,2588.1707,2817.7605,2782.997,2287.0503,0,2618.2935,0,2769.763,2856.6577,1719.9529,3050.918,2484.021,2878.13,3137.7002,2066.5178,2716.8296,2900.3564,0,2717.333,2107.1648,2701.6182,3495.675,0,2733.3809,2234.0571,3395.7954,
981,119.00813112512651,53.111664,,,,,,,,,,,0,0,0,0,0,2791.7668,0,0,0,0,0,0,0,0,0,0,0,0,3033.307,0,0,0,0,0,0,0,0,0,0,0,0,0,0,0,0,0,0,0,0,0,1635.1932,0,0,0,0,0,0,0,0,0,0,0,0,0,0,0,0,
502,119.00942004364293,52.398335,,,,,,,,,,,0,0,0,0,0,0,0,0,2999.4304,0,0,0,0,0,0,0,0,0,0,0,0,0,0,0,0,0,0,0,0,0,0,0,0,0,0,0,0,0,0,0,0,0,0,0,0,0,0,0,2795.347,0,0,0,0,2865.2153,0,0,0,
875,119.01311318789152,52.9975,,,,,,,,,,,0,0,0,0,0,2172.3945,0,0,0,0,0,0,0,0,0,0,0,0,0,0,0,0,2763.7322,0,0,0,0,0,0,0,0,0,0,0,0,0,0,0,0,0,0,0,0,0,0,0,0,0,0,0,1955.2034,2544.9785,0,0,0,0,0,
784,119.0166976258434,52.912807,,,,,,,,,,,0,0,1965.2988,2157.3723,0,2210.1882,0,0,0,0,2340.644,0,0,0,0,0,3562.7388,0,0,0,0,0,0,0,0,0,0,0,0,0,0,0,3514.1052,0,0,3321.4966,3629.9062,3155.6587,2555.004,0,2303.5383,3934.1948,0,3753.3894,2781.0837,0,0,0,0,0,0,0,4114.1885,0,0,0,4024.5361,
1536,119.99869532003372,53.578335,,,,,,,,,,,0,0,0,0,0,0,0,0,0,0,0,0,0,0,583.28345,0,0,0,0,0,0,0,0,0,0,0,654.97644,0,0,0,0,0,0,0,0,0,0,0,0,0,0,0,560.1589,0,0,0,0,0,0,0,0,0,0,0,0,0,0,
2005,120.00261470621524,53.961872,,,,,,,,,,,0,0,0,0,0,0,0,0,0,0,0,0,0,0,0,0,0,0,0,0,0,0,0,0,0,516.50244,0,0,0,0,0,565.9696,0,0,0,523.0111,0,0,0,579.83624,0,0,0,640.1124,0,524.8235,0,560.53577,0,0,0,0,0,0,595.51715,0,0,
1712,120.0059121334559,53.728073,,,,,,,,,,,0,430.15625,0,0,0,0,0,0,0,0,0,0,0,592.3576,0,620.2073,0,0,0,0,594.65314,0,0,0,0,0,0,0,0,0,0,0,674.2667,0,0,503.11636,0,561.8388,0,0,434.31317,0,0,0,599.14777,0,0,0,0,630.78815,0,0,737.76526,598.11444,0,0,712.28046,
1833,120.00849816622426,53.863,,,,,,,,,,,0,0,0,0,0,0,0,0,701.3576,0,0,0,0,0,0,0,0,0,0,0,0,0,0,0,0,0,0,0,0,0,0,0,0,0,461.11606,0,0,0,0,565.4211,0,0,0,0,0,0,0,0,646.068,0,0,0,0,687.58844,0,0,0,
1417,120.0170296934312,53.485104,,,,,,,,,,,623.99445,445.0974,678.7215,437.15625,592.1922,687.80286,588.2586,586.17456,0,683.6587,716.05066,0,0,580.3197,598.6489,549.7368,532.09576,0,0,0,0,563.76624,722.3799,683.1131,562.69434,596.74304,784.1579,735.28735,739.8794,561.7774,590.9235,613.7601,837.06244,727.37335,536.5149,534.41486,571.3838,564.0729,672.10626,729.05853,485.65088,697.08466,579.12225,673.3498,805.52795,539.05035,741.38477,0,645.1726,674.38116,603.9585,655.45966,919.4485,582.00165,664.75354,494.77737,905.4351,
507,120.02306773600624,52.405,,,,,,,,,,,0,0,0,0,0,0,0,0,646.7944,0,0,0,0,0,0,0,0,0,0,0,0,0,0,0,0,0,0,0,0,0,0,0,0,0,0,0,0,0,0,0,0,0,0,0,0,0,0,0,607.65607,0,0,0,0,651.7999,0,0,0,
598,120.02598787314196,52.644547,,,,,,,,,,,558.7414,620.1363,0,0,616.1566,0,575.7297,623.38116,771.15857,0,521.3648,0,0,586.50214,668.96014,559.7565,646.6652,0,0,0,628.49426,0,685.29553,688.6764,561.93463,576.2073,738.25006,611.80975,639.5338,495.94476,595.4819,598.5662,0,781.89734,557.5662,659.6185,662.9271,592.5711,644.1471,755.18896,0,680.33606,641.12195,728.9886,728.20953,0,655.6581,662.254,702.8833,655.21344,539.3207,578.642,734.323,735.525,685.1769,617.06213,769.18634,
1196,120.02611393047928,53.323997,,,,,,,,,,,0,0,0,0,0,0,0,0,0,0,0,0,0,0,0,0,0,0,0,0,0,555.0226,675.915,635.38605,0,0,0,0,0,0,0,0,0,0,0,0,0,0,0,0,0,657.6724,0,0,0,0,0,0,0,0,512.78455,0,0,0,0,0,0,
881,120.02726914074758,53.00125,,,,,,,,,,,0,0,0,0,0,0,0,0,0,0,0,0,0,0,0,0,0,0,0,0,0,0,0,0,0,0,0,0,0,0,576.1282,0,0,618.8951,0,0,0,0,0,0,410.7329,0,0,0,0,0,0,0,0,0,518.81433,0,0,0,0,0,0,
782,120.02949480678797,52.91279,,,,,,,,,,,568.222,435.1422,675.1131,861.09644,590.6842,750.64856,0,582.6718,571.4142,669.5368,721.9163,0,0,596.3501,647.6992,0,1348.3969,0,689.24713,0,626.80286,572.2602,745.60443,668.86206,0,524.2854,682.43677,0,583.9542,500.01144,631.21246,638.29095,1515.2733,0,540.4691,1342.8401,1485.8405,1153.1802,702.6312,585.73846,909.41223,1457.7538,560.4093,1509.8179,814.3959,578.43835,591.8761,0,0,666.5979,548.6384,647.4498,1589.4161,0,689.09906,462.7836,1612.2648,
2008,121.02809942963502,53.96214,,,,,,,,,,,0,640.33374,0,0,0,0,0,0,0,0,0,0,0,0,977.5237,0,0,695.04285,0,0,0,0,0,0,0,0,0,0,917.2962,0,0,0,0,0,0,750.33606,0,733.3688,0,939.30206,0,0,0,0,0,0,0,0,0,0,0,0,0,0,0,0,0,
984,121.03397664172364,53.12643,,,,,,,,,,,0,0,0,527.94183,0,2726.6497,0,0,985.9709,0,0,0,853.0896,0,0,0,0,0,2249.5085,0,0,0,0,0,0,0,1028.632,1036.1249,0,821.22363,0,0,0,0,0,0,887.221,0,1191.9133,0,697.74176,1020.83167,0,0,0,0,0,0,0,1119.8827,0,0,0,1015.0474,0,0,0,
491,121.04034304946522,52.396667,,,,,,,,,,,0,0,0,0,0,0,0,0,1099.8486,0,0,0,0,0,0,0,0,0,0,0,0,0,0,0,0,0,0,0,0,0,0,0,0,0,0,0,0,0,0,0,0,0,0,0,0,0,0,0,1042.9673,0,0,0,0,1104.4282,0,0,0,
890,121.041116479521,53.003098,,,,,,,,,,,1577.6783,1017.7257,838.01245,596.62634,1309.3043,1765.7156,723.5417,1099.6702,0,1556.1537,958.5348,0,883.2602,906.50995,1572.4237,798.2148,0,941.71594,1491.9229,906.1363,1437.6548,1395.3972,1814.758,1074.0742,860.0752,943.54266,0,1095.0657,787.2599,954.3465,1026.2858,0,1137.3563,1170.1498,1109.0076,0,0,777.41125,1361.3743,0,0,0,1405.7598,0,1054.0775,1310.9396,1137.4835,835.93884,0,977.018,1432.8685,1704.2638,0,0,1642.5884,714.92255,0,
1691,121.04249352235087,53.712498,,,,,,,,,,,0,0,0,523.2713,0,0,0,0,0,0,0,0,0,883.2893,0,829.69824,0,0,0,0,0,0,0,0,0,0,0,0,0,0,938.6241,0,1148.0736,0,0,0,0,0,0,0,0,0,0,0,920.7921,0,0,0,0,0,0,0,0,0,0,0,0,
1386,121.04325261943191,53.480515,,,,,,,,,,,1015.20886,691.9804,1159.1517,624.97876,949.2308,0,921.0729,1090.015,0,1169.6633,1240.0787,0,1117.7653,910.99347,1023.24646,802.40735,927.1987,728.0268,0,932.74927,0,1058.1389,1384.7518,1171.1046,1008.4021,1031.1948,1607.555,1317.4576,1368.6182,1036.4904,976.62604,990.9928,1514.5599,1335.2622,924.9356,862.41907,1114.3119,910.3972,1447.5872,1407.301,739.1285,1144.9235,1006.29224,1252.1615,1506.3298,1004.2527,1540.8564,0,0,1130.3995,1151.2988,1064.1833,1773.3203,0,1280.9493,784.8607,1695.4377,
594,121.04426895868066,52.64401,,,,,,,,,,,0,807.5662,0,0,884.9513,0,734.77704,0,1205.8379,0,815.5145,0,0,844.80286,859.26086,796.37036,855.1128,681.984,0,0,0,0,0,1005.7074,0,0,1068.7294,0,850.4096,0,0,869.6875,0,0,703.4083,900.43445,0,790.6741,852.44037,899.77246,0,0,829.4773,0,925.6087,0,0,891.06213,1125.6624,0,0,0,0,1075.3752,0,784.35046,0,
1853,121.04644813950615,53.871662,,,,,,,,,,,0,0,0,0,0,0,0,0,1338.7966,0,0,0,0,0,0,0,0,0,0,0,0,0,0,0,0,0,0,0,0,0,0,0,0,0,0,0,0,0,0,0,0,0,0,0,0,0,0,0,1007.72345,0,0,0,0,1308.353,0,0,0,
674,121.04678264946484,52.816593,,,,,,,,,,,0,0,0,0,995.35535,0,836.7097,1064.7306,1030.2897,1057.8572,0,0,0,0,0,0,0,557.8307,0,0,0,913.4658,1273.829,0,933.7666,943.53284,1102.9647,1054.2928,878.02094,0,0,0,0,1259.5531,761.8068,0,956.49524,0,0,952.9202,0,0,0,0,0,806.4374,1092.1732,921.4926,1060.5289,0,1003.4067,0,1468.9519,1020.5554,0,788.4508,0,
1248,121.0517367086055,53.35583,,,,,,,,,,,0,0,0,0,0,0,0,952.51685,0,0,0,0,0,836.6803,0,0,0,0,0,0,0,876.89343,1228.2053,0,810.3838,0,0,0,0,0,0,0,0,0,0,0,0,0,0,0,0,0,0,0,0,836.9961,0,0,0,0,0,0,0,0,0,0,0,
775,121.05268646753294,52.912033,,,,,,,,,,,1023.10004,575.203,936.38934,1199.6431,0,1313.355,0,0,0,1138.5985,1182.1151,0,841.2112,848.1805,886.0026,826.67865,1891.5093,0,1046.103,884.815,932.81335,1014.2017,1370.0347,984.4812,814.01733,903.5302,0,997.7104,0,848.82117,1001.2324,933.1769,2166.2822,0,732.62897,1841.5757,2096.428,1660.2655,922.01276,0,1361.8046,2078.0142,813.06177,2288.3865,1136.6499,984.7221,0,0,0,1101.6113,1085.103,1003.8807,2521.052,0,1140.6086,0,2345.711,
202,121.06234083372189,50.489002,,,,,,,,,,,0,0,0,0,0,0,984.0415,0,0,0,0,0,0,0,0,0,0,0,0,0,0,0,0,0,0,0,0,0,808.5309,0,0,0,0,1182.8229,0,0,0,0,0,966.9892,0,0,0,0,0,0,0,0,0,0,0,0,0,0,0,894.08826,0,
1033,122.04548421122303,53.126564,,,,,,,,,,,0,0,404.77835,0,0,1702.337,0,0,0,0,0,0,444.75974,0,0,0,0,0,1436.287,451.94247,0,441.60184,0,568.1608,0,0,535.14417,572.8042,0,460.82675,0,461.23178,0,0,0,0,459.12552,0,630.50964,0,0,554.69434,0,0,0,0,0,0,0,629.67377,0,0,712.66754,0,0,0,0,
145,122.04558318764806,50.468334,,,,,,,,,,,439.5796,0,0,0,0,0,0,656.53906,0,656.4557,0,0,575.99475,0,434.52206,0,0,0,0,630.6126,0,592.8568,0,740.3642,596.6499,717.67145,0,765.36255,429.0121,576.14417,0,665.8872,820.3602,751.9902,0,0,0,0,0,414.44,0,0,0,0,0,418.1883,910.63354,556.3831,0,741.7558,0,0,850.8843,0,553.1965,0,800.9166,
399,122.04813140933933,52.054207,,,,,,,,,,,0,0,686.9251,0,0,0,0,510.81595,0,0,755.0369,0,435.74045,0,0,0,0,0,0,533.38214,0,0,0,572.6767,526.0909,534.1164,0,539.82056,0,0,0,469.16867,773.15,608.68945,0,0,438.78162,0,0,0,0,506.71527,0,0,846.3459,0,635.46484,577.70905,0,562.94147,0,0,0,0,0,0,776.4858,
1311,122.05442338165419,53.46462,,,,,,,,,,,464.46225,0,538.75745,0,0,1602.2795,0,497.22916,0,558.0036,575.74176,0,921.25305,0,430.20398,0,427.2406,0,0,525.1981,0,519.3302,728.2978,651.83527,439.42465,529.74634,873.9294,775.95325,675.662,684.7601,0,510.78262,704.62506,1062.7894,0,0,505.40765,415.8493,1213.1255,708.21936,409.7823,677.5181,0,617.36676,596.4175,505.2674,1071.1052,0,551.9356,685.4619,593.6048,481.78848,747.6185,476.40765,603.6113,0,688.4544,
897,122.05850066045193,53.004005,,,,,,,,,,,611.10266,0,0,0,0,797.6992,0,475.5247,0,709.3524,429.61523,0,454.4495,0,547.61456,0,0,0,634.1121,0,533.92285,593.7859,697.406,0,402.53775,427.64825,0,0,0,0,0,0,0,0,0,0,0,0,510.56326,411.90945,0,0,0,0,505.83655,556.3109,0,0,0,0,594.5972,716.14386,0,0,680.4848,0,0,
452,122.06004788896063,52.390007,,,,,,,,,,,0,0,0,0,0,0,0,0,539.94543,0,0,0,0,0,0,0,0,0,0,0,0,0,0,0,0,0,531.47595,0,456.11606,0,0,482.8362,0,0,0,0,0,0,0,406.9075,0,0,0,0,0,0,0,0,521.4508,0,0,0,0,517.10986,0,0,0,
793,122.06339882694546,52.913696,,,,,,,,,,,0,0,480.39914,0,0,713.5894,0,0,0,0,519.99054,0,451.29486,0,0,0,622.22363,0,0,441.07224,0,444.27527,638.31805,0,0,0,0,0,0,438.85028,0,452.21902,919.5721,0,0,615.73224,704.5881,527.4096,0,0,547.4551,817.31024,0,764.1471,527.5453,498.0111,0,0,0,0,534.7643,487.28604,1068.2827,0,0,0,941.74176,
562,122.06551790177268,52.639164,,,,,,,,,,,0,0,0,0,0,0,0,480.1971,518.7855,0,0,0,0,0,420.24582,0,0,0,0,0,0,0,0,0,0,0,0,0,432.93167,452.6051,0,0,0,541.61194,0,416.27133,0,0,0,462.62274,0,0,0,0,0,0,0,0,579.0899,0,529.54694,0,0,540.1919,0,0,622.47076,
659,122.06786357286497,52.791668,,,,,,,,,,,0,0,0,0,0,0,0,471.2975,589.54987,0,0,0,0,0,0,0,0,0,0,0,0,0,0,0,0,475.9402,0,0,0,0,0,0,0,0,0,0,0,0,0,0,0,0,0,0,0,0,0,0,519.8013,0,526.79504,0,0,613.8457,0,0,0,
1865,122.06845358166454,53.873333,,,,,,,,,,,0,0,0,0,0,0,0,0,891.07587,0,0,0,0,0,0,0,0,0,0,0,0,0,0,0,0,0,0,0,0,0,0,0,0,0,0,0,0,0,0,0,0,0,0,0,0,0,0,0,568.45276,0,0,0,0,882.1592,0,0,0,
746,122.07722445535528,52.845,,,,,,,,,,,0,0,0,0,0,0,0,0,0,0,0,0,0,0,0,0,0,0,0,0,0,0,0,0,406.83197,0,550.68616,0,0,0,0,0,0,0,0,0,0,0,0,0,0,0,0,0,0,0,528.10754,0,0,0,0,0,0,0,0,0,0,
1232,122.07767948032811,53.35,,,,,,,,,,,0,0,0,0,0,0,0,0,0,534.94965,0,0,0,0,0,0,0,0,0,0,0,0,631.87805,0,0,0,0,0,0,0,0,0,0,0,0,0,0,0,0,0,0,0,0,0,0,423.62308,0,0,0,0,0,488.24518,0,0,0,0,0,
148,123.04800857389975,50.474995,,,,,,,,,,,0,0,0,422.7326,723.4554,0,1000.7025,961.3083,0,0,0,0,744.91797,0,559.5224,0,495.5152,0,0,774.8826,0,719.06506,0,963.46844,918.4299,982.45276,0,1040.014,762.71265,701.14026,0,869.67993,1172.0288,1325.1602,554.9516,0,0,0,652.7365,836.71295,0,0,607.36975,0,0,0,1274.5538,865.4926,0,1002.85,0,0,1211.645,0,0,808.5077,1159.8862,
398,123.05398792898995,52.053997,,,,,,,,,,,0,0,811.10394,411.20724,0,0,0,733.3763,0,0,871.8539,0,0,0,0,0,0,0,0,658.3936,0,0,0,692.5972,645.31775,678.46844,0,0,0,0,0,648.88495,889.49066,0,0,0,0,0,0,0,0,0,0,0,1054.3063,0,825.58057,697.188,0,0,0,0,0,0,0,514.21216,978.3187,
1926,123.0582292802871,53.954376,,,,,,,,,,,0,0,0,0,587.3609,0,0,0,0,0,0,0,0,0,651.8307,0,0,0,0,0,0,0,0,0,0,0,825.65936,0,700.3099,0,0,0,0,0,0,0,0,489.26675,0,734.4858,0,0,580.0945,0,0,0,0,0,0,0,0,0,0,0,0,414.03235,0,
1863,123.06321576655043,53.873123,,,,,,,,,,,0,0,0,0,0,0,0,0,2855.882,0,0,0,0,0,0,0,564.01306,0,0,0,0,0,0,0,0,0,0,0,0,0,0,0,0,0,0,616.8718,682.9611,468.81366,0,0,0,0,0,805.43445,0,0,0,0,1346.2766,0,0,0,0,2764.9058,0,0,0,
1218,123.06383445318008,53.342854,,,,,,,,,,,0,0,0,0,0,0,0,0,0,725.3635,0,0,0,0,0,0,0,0,0,0,0,600.38477,888.79926,0,578.0147,0,0,0,0,0,662.01276,0,0,0,0,0,0,0,0,0,0,0,0,0,0,613.18146,0,0,0,722.77997,0,0,0,0,0,0,0,
339,123.06595891854391,51.38125,,,,,,,,,,,0,0,0,0,0,0,0,0,0,0,0,0,0,587.69696,0,609.77606,0,0,920.5881,0,0,0,0,0,0,0,0,0,0,0,0,0,0,0,0,0,0,0,0,0,0,0,0,0,0,0,0,768.187,0,0,0,0,0,0,0,0,0,
990,123.0674353938573,53.11333,,,,,,,,,,,0,0,0,0,0,908.93494,0,0,0,0,0,0,0,0,0,0,0,0,0,0,0,0,0,0,0,0,0,737.38116,0,0,0,0,0,0,0,0,0,0,0,0,469.46255,0,0,0,0,0,0,0,0,0,0,0,0,0,0,0,0,
1383,123.0679642093751,53.479668,,,,,,,,,,,684.59106,0,736.46356,422.6414,617.03955,0,492.7339,749.3949,0,739.00555,796.0755,0,629.3236,0,674.8428,553.6911,484.56586,0,0,0,0,655.0765,928.33575,748.9771,654.0007,621.9127,984.9938,787.60345,767.6345,683.7963,667.4897,0,980.26416,871.65186,476.01373,479.8712,674.509,473.2357,749.77704,824.3086,524.58093,744.77997,607.4982,787.3743,822.08923,614.31055,804.47925,1125.0107,0,770.1239,730.373,723.30927,1204.1183,0,762.5116,445.47467,1031.2275,
687,123.06981051326234,52.81814,,,,,,,,,,,717.56067,0,0,0,682.9216,0,634.15594,805.5724,1510.2817,815.9817,612.79175,0,0,0,558.82904,533.32135,528.10754,0,0,637.91174,0,710.4119,915.99805,735.58386,691.6724,738.27234,828.135,836.3416,681.76495,0,672.3076,623.51227,914.79504,973.9366,552.07324,514.7561,686.883,454.9212,0,784.8951,0,0,602.0605,795.2929,644.31384,649.3004,898.98694,706.3429,1039.2638,720.1013,812.29913,695.5825,1151.3119,1439.1667,798.64136,594.4299,962.89246,
893,123.07179974016456,53.003185,,,,,,,,,,,657.8807,0,0,0,0,942.0412,0,0,0,785.879,0,0,613.06146,0,568.661,0,0,0,0,0,0,636.93005,928.323,0,0,0,0,0,0,0,669.1232,0,0,0,0,0,0,0,0,0,494.3047,0,0,0,0,0,0,0,0,0,747.5969,725.77704,0,0,0,0,0,
1662,123.07214295308965,53.701664,,,,,,,,,,,0,0,590.66364,0,0,0,0,0,879.35565,0,635.7551,0,0,835.2733,0,781.2707,0,0,0,0,0,0,0,0,0,0,0,0,0,0,714.24585,0,0,0,0,0,0,0,591.3419,0,0,0,0,0,654.4397,0,0,0,861.3985,0,0,0,0,0,0,0,0,
1089,123.07244877112268,53.17375,,,,,,,,,,,0,0,0,0,0,0,487.9402,0,1099.5367,0,0,0,0,0,0,0,0,0,0,0,0,0,0,0,0,0,0,0,0,0,0,0,0,0,0,0,0,0,0,0,0,0,0,0,0,0,0,0,894.4714,0,0,0,0,1164.931,0,0,0,
769,123.07283097071145,52.91126,,,,,,,,,,,638.5698,0,630.7545,706.8228,573.305,1022.22034,0,688.22424,0,745.3341,703.8016,0,607.32007,583.17096,0,0,1005.91437,0,0,0,0,635.26776,953.06604,0,0,591.3671,784.7708,0,0,0,0,0,1330.1732,0,0,1008.42303,1163.6848,955.4799,570.7411,0,852.8496,1180.2468,530.2916,1387.6198,750.38837,634.8905,0,0,0,694.7748,725.47235,688.3978,1548.9172,0,824.7676,0,1462.2965,
588,123.07293130003171,52.643284,,,,,,,,,,,0,0,0,0,0,948.4439,526.4544,0,933.20886,0,581.9199,0,598.58386,679.0072,0,618.9101,526.62177,0,0,0,0,0,0,749.80646,572.3652,616.1017,804.8192,806.7891,591.069,658.00684,823.91534,634.66785,0,787.5858,547.5495,513.4969,648.70026,482.41583,577.3207,665.4214,0,0,0,0,624.2903,0,782.7937,0,1149.832,0,0,0,0,977.1991,0,446.5747,0,
102,123.09254372503138,50.201664,,,,,,,,,,,0,0,0,0,0,0,0,0,1431.9451,0,0,0,0,0,0,0,0,0,0,0,0,0,0,0,0,0,0,0,0,0,0,0,0,0,0,0,0,0,0,0,0,0,0,0,0,0,0,0,1511.8578,0,0,0,0,1405.9696,0,0,0,
684,124.05982720528732,52.82273,,,,,,,,,,,0,0,0,0,0,0,0,530.1458,0,541.8231,0,0,442.08893,0,0,0,0,0,0,0,0,0,0,0,417.2651,485.36514,628.0866,568.847,462.0935,0,516.92413,0,638.0762,630.91174,0,0,472.88657,0,0,516.6806,0,575.1471,0,0,454.6731,0,627.8683,431.2419,569.05035,532.05457,525.24713,0,767.3011,0,0,0,634.0729,
1236,124.06387428275742,53.35222,,,,,,,,,,,0,0,0,0,0,0,0,494.80975,0,547.19714,0,0,0,0,0,0,0,0,554.96014,0,0,0,613.4691,0,411.07715,0,0,0,0,0,531.70905,0,0,0,0,0,0,0,0,0,0,0,0,0,443.81824,0,0,0,0,522.09216,498.69043,0,0,0,0,0,0,
1439,124.06532092234369,53.492085,,,,,,,,,,,0,0,0,0,0,0,0,0,0,0,0,0,0,465.8931,0,463.60443,0,0,619.9902,0,0,0,0,0,0,0,0,0,499.03497,462.77902,0,0,592.9029,0,0,0,425.18307,0,0,478.61557,0,0,0,0,470.34357,0,0,0,0,546.4622,0,0,698.5966,0,0,0,670.3348,
831,124.06775678819808,52.9175,,,,,,,,,,,0,0,0,0,0,650.3789,0,0,0,0,0,0,0,0,0,0,0,0,0,0,0,0,621.7931,0,0,0,0,0,0,0,0,0,727.4282,0,0,496.76987,611.4103,0,0,0,0,690.89215,0,738.2707,423.66852,0,0,0,0,0,0,0,843.4096,0,0,0,831.2825,
587,124.06824667637774,52.64316,,,,,,,,,,,0,0,0,0,0,649.1739,0,0,699.5933,0,0,0,436.61884,480.1749,0,463.94998,0,0,0,0,0,0,610.0925,545.3913,0,430.4024,590.2252,520.84045,458.5587,450.75677,591.7329,0,606.1383,535.28705,0,0,433.0523,0,0,0,0,0,0,0,0,0,0,0,834.50574,0,504.72736,0,0,700.7104,0,0,0,
87,124.070193380148,50.12167,,,,,,,,,,,0,0,0,0,0,0,0,0,1040.58,0,0,0,0,0,0,0,0,0,0,0,0,0,0,0,0,0,0,0,0,0,0,0,0,0,0,0,0,0,0,0,0,0,0,0,0,0,0,0,651.5005,0,0,0,0,985.1314,0,0,0,
153,124.07078879874152,50.483124,,,,,,,,,,,0,0,0,0,0,0,0,0,0,0,0,0,0,0,0,0,0,0,0,0,0,0,0,513.6352,424.4266,0,0,536.2468,466.80908,0,0,0,0,564.864,0,0,0,0,0,496.91077,0,0,0,0,0,0,549.03174,0,0,0,0,0,0,0,0,0,637.05,
1672,124.07128352697754,53.70375,,,,,,,,,,,0,0,0,0,0,0,0,0,0,0,0,0,0,545.3537,0,572.19354,0,0,0,0,0,0,0,0,0,0,0,0,0,0,516.45734,0,0,0,0,0,0,0,0,0,0,0,0,0,504.93723,0,0,0,0,0,0,0,0,0,0,0,0,
492,124.07418447817855,52.396667,,,,,,,,,,,0,0,0,0,0,0,0,0,0,0,0,0,0,527.89374,0,469.76953,0,0,0,0,0,0,0,0,0,0,0,0,0,0,0,0,0,0,0,0,0,0,0,0,0,0,0,0,0,0,0,0,0,523.58026,0,0,0,0,0,0,0,
12,124.07704313698059,49.6475,,,,,,,,,,,0,0,0,0,0,0,0,0,572.6499,0,0,0,0,0,0,0,0,0,0,0,0,0,0,0,415.60803,0,0,0,456.70187,0,0,0,0,0,0,0,0,0,0,0,0,0,0,0,0,0,0,0,0,0,0,0,0,607.08563,0,0,0,
537,124.08180906207576,52.48625,,,,,,,,,,,0,0,0,0,0,0,0,453.75775,0,0,0,0,527.55865,0,0,0,0,0,0,0,0,0,0,0,0,532.7967,0,528.05164,0,0,0,0,0,644.85614,0,0,0,0,0,0,0,0,0,0,0,0,678.68976,451.17947,0,0,515.38544,0,0,0,0,0,0,
80,124.08351015791236,50.06045,,,,,,,,,,,0,0,0,0,0,0,0,699.4253,0,0,0,0,674.3916,647.2435,0,682.9523,0,0,0,0,0,0,628.0526,0,630.12683,556.29584,667.52563,680.42566,541.8542,586.4338,628.32166,0,612.97516,921.9709,0,0,458.9052,0,0,607.6234,0,506.14154,0,534.42303,0,0,987.40436,548.76105,0,0,0,0,0,0,0,449.45047,637.4103,
290,124.0905674427172,51.24667,,,,,,,,,,,0,0,0,0,0,0,0,0,0,0,0,0,0,580.6476,0,545.7293,0,0,0,0,0,0,0,0,0,0,0,0,0,0,572.0801,0,0,0,0,0,0,0,0,0,0,0,0,0,0,0,0,0,0,0,0,0,0,0,0,0,0,
91,124.0948022558083,50.199997,,,,,,,,,,,0,0,0,0,0,0,0,0,1270.7329,0,0,0,0,0,0,0,0,0,0,0,0,0,0,0,0,0,574.47534,529.4109,0,444.4008,0,0,0,0,0,0,0,0,0,0,0,0,0,0,0,0,0,0,1401.428,0,0,0,0,1337.3972,0,0,0,
730,125.03576485362808,52.828205,,,,,,,,,,,1679.2233,968.88556,1291.3629,889.08435,1479.9297,1407.556,1429.5652,1718.0402,1830.5178,1408.0471,1622.0624,0,1363.6486,1346.5192,1450.4625,1314.5172,1195.9749,1021.78064,1457.4553,1456.4907,1309.4531,1353.4966,1880.6597,1509.6633,1446.4177,1834.2827,2441.9094,1546.6462,2164.6394,1172.6342,1324.0405,1504.7758,2326.1804,2471.7163,1707.05,1143.002,1553.6156,1115.6799,1410.0115,2347.6848,893.3743,1443.2605,1560.7964,1590.9402,1830.9406,991.71954,2180.9019,1624.6283,1770.9762,1442.8352,1666.2507,1386.081,2219.4443,1879.2507,1550.2122,1426.4413,2196.9768,
898,125.03716509857675,53.004005,,,,,,,,,,,0,469.63126,0,0,640.3109,706.7228,0,0,0,0,0,0,0,0,0,0,0,0,0,0,0,0,0,0,0,0,0,0,0,0,0,0,0,0,0,0,0,0,0,0,0,0,0,0,0,573.91534,0,0,0,0,670.2811,0,0,0,0,0,0,
1117,125.04615363868398,53.198334,,,,,,,,,,,0,0,0,0,0,0,0,0,0,0,0,0,0,0,0,0,717.5109,0,0,0,0,0,0,0,0,0,0,0,0,0,0,0,0,0,0,0,763.1393,659.25366,0,0,0,0,0,0,0,0,0,0,0,0,0,0,0,0,0,0,0,
2014,125.05323119691032,53.963333,,,,,,,,,,,0,0,0,0,0,0,0,0,0,0,0,0,602.69763,0,0,0,0,0,0,0,0,0,0,778.99475,0,0,0,0,0,0,0,0,0,0,0,0,0,0,0,0,0,0,0,0,0,571.46423,0,0,0,0,0,0,0,0,0,0,0,
140,125.05337271685653,50.426426,,,,,,,,,,,0,0,0,0,0,0,0,0,1125.0098,0,620.3341,0,0,0,0,0,0,0,0,0,0,0,0,0,0,0,964.65906,0,0,0,0,0,0,0,589.59265,0,0,0,0,0,0,0,0,0,719.96796,0,0,0,967.2556,0,0,0,0,1057.6927,0,0,0,
850,125.05390097456194,52.925,,,,,,,,,,,653.78033,0,0,612.90686,655.9722,724.1311,0,0,0,668.1801,639.2409,0,0,0,0,0,816.15204,0,0,0,622.7591,0,0,0,0,0,0,0,0,0,0,0,1028.4913,0,0,829.56946,936.27985,860.56226,0,0,658.8375,929.7601,0,940.4616,0,0,0,0,0,757.70056,0,696.5829,991.87775,0,0,0,1096.5917,
1030,125.05390824811823,53.124,,,,,,,,,,,641.5891,0,0,0,643.5041,0,0,0,0,659.83264,0,0,0,0,0,0,0,0,0,0,0,0,0,0,0,0,0,0,0,654.10394,0,0,0,0,0,0,0,0,0,0,0,0,0,0,0,0,0,0,0,0,0,642.41223,0,0,0,0,0,
1657,125.05479303321137,53.700832,,,,,,,,,,,0,0,0,0,0,0,0,0,0,0,694.3416,0,0,850.8127,0,827.5234,0,0,0,0,0,0,0,0,0,0,0,0,0,0,0,0,0,0,0,0,0,0,699.8068,0,0,0,0,0,739.7097,0,0,0,0,0,0,0,0,0,701.6316,0,0,
1423,125.05818252036141,53.486633,,,,,,,,,,,667.23047,545.7623,878.00586,521.54987,714.5907,763.3086,683.8408,767.4881,0,685.81396,921.7267,0,699.95,954.61523,760.9317,0,0,623.06995,861.10724,651.53186,0,742.21545,794.50995,734.3488,663.4064,665.5456,1097.8666,886.4014,1007.2517,758.0719,847.7565,720.3462,1116.9915,881.10394,617.7748,720.08105,0,671.3315,772.29095,976.0902,546.88,785.8385,668.63715,796.3115,944.2396,602.0749,844.66364,771.34424,0,765.5783,710.26447,704.4282,1099.188,0,850.2586,624.98694,1172.3446,
574,125.0601078781581,52.64166,,,,,,,,,,,0,0,588.0791,0,0,763.3305,636.41547,0,938.9559,0,0,0,627.17914,0,0,0,0,0,0,0,0,0,0,0,0,0,0,802.19257,0,0,758.6901,0,0,0,0,0,0,0,0,0,0,0,0,0,0,0,0,0,1150.9464,0,0,0,0,1061.0807,0,0,0,
173,125.06758923619293,50.485878,,,,,,,,,,,0,0,0,0,0,0,1299.2262,919.0817,0,0,0,0,0,0,0,0,716.7025,0,0,0,0,0,0,0,824.25073,0,0,855.33606,1029.9363,0,0,0,927.99115,1305.1527,0,730.75287,771.9673,0,750.7211,969.00555,0,0,0,0,0,0,1092.2227,675.2671,0,0,0,0,1053.2386,0,0,1112.7898,1203.8506,
528,125.06897090452325,52.484207,,,,,,,,,,,0,0,0,0,695.0291,0,0,865.0265,0,704.86237,0,0,930.36743,0,0,0,0,0,0,839.9235,0,666.3874,1051.0713,0,868.92316,902.0641,874.70184,823.22656,0,700.4714,0,0,0,1258.7277,777.2187,0,0,0,0,798.75287,0,0,0,0,0,0,1352.3822,875.2292,0,0,912.9474,0,0,0,0,630.7659,0,
482,125.0703815524682,52.396004,,,,,,,,,,,0,0,0,0,0,0,0,0,0,0,0,0,0,1078.151,0,1079.03,0,0,0,0,0,0,0,757.38184,0,0,0,0,0,0,1034.1821,728.4805,0,0,0,0,0,0,0,0,0,0,0,0,0,0,0,0,0,0,0,0,0,0,0,0,0,
300,125.07323373625107,51.247997,,,,,,,,,,,0,0,0,505.1713,0,0,0,0,0,0,0,0,0,1256.1167,0,1311.7555,0,0,0,0,0,0,0,746.80585,0,0,0,0,0,0,1265.0713,0,0,0,0,0,0,0,0,0,0,0,0,0,0,0,0,0,0,0,0,0,0,0,0,0,0,
24,125.08138790210731,49.650833,,,,,,,,,,,647.31055,0,0,0,0,0,0,0,1409.903,0,648.0186,0,0,0,788.35565,0,0,528.7751,0,627.45966,0,0,0,0,0,716.77344,928.17163,0,733.6796,0,0,0,0,896.2396,623.3115,0,0,0,0,795.8375,0,0,787.1733,0,827.9255,0,909.6744,0,1169.3589,0,0,0,0,1412.9386,703.1912,0,0,
103,125.08291148594189,50.201664,,,,,,,,,,,0,0,0,0,0,0,0,0,1490.4711,0,0,0,0,0,0,0,0,0,0,0,0,0,0,0,0,0,0,0,0,0,0,0,0,0,0,0,0,0,0,0,0,0,0,0,0,0,0,0,1759.9565,0,0,0,0,1573.1422,0,0,0,
74,125.08621202859463,50.05816,,,,,,,,,,,0,0,0,645.54395,0,0,1019.8418,1561.9539,1337.595,0,0,0,1562.0183,1545.7405,0,1601.8192,856.02155,0,0,1059.4204,0,0,1289.488,922.8601,1441.4017,1152.8467,1321.8777,1548.7777,1105.675,1234.9287,1411.9722,731.22034,1004.25433,2312.1753,1017.62964,779.07715,955.83325,801.53546,0,1115.6522,634.0641,1040.2324,0,1102.3772,0,0,2383.4968,1105.7754,1366.7166,812.91797,1076.8356,0,1031.8418,1312.5835,0,1166.6178,1101.2753,
733,126.0270120786218,52.829273,,,,,,,,,,,0,0,0,0,0,0,0,589.89215,677.90356,0,520.7666,0,0,557.4469,503.84244,535.6208,0,0,544.41846,0,0,494.15985,658.8771,602.4779,0,625.97516,801.70447,537.40045,682.3158,0,527.45245,560.7326,707.271,749.50836,579.26056,0,0,0,520.44165,695.2256,0,589.8493,540.3939,560.6312,611.4387,0,682.8967,0,663.38477,577.1772,565.883,571.41583,748.8967,619.3906,549.7437,503.9722,777.00586,
1194,126.02886254741667,53.320557,,,,,,,,,,,0,0,0,0,0,0,0,0,439.15137,0,0,0,0,0,0,0,0,0,482.06735,0,0,0,426.78195,444.59595,0,0,0,0,0,0,0,0,0,0,0,0,0,0,0,0,0,418.96664,0,0,0,0,435.09775,0,582.4099,0,0,0,0,438.95422,416.74927,0,0,
591,126.03935534762385,52.64375,,,,,,,,,,,0,0,0,0,0,0,0,0,500.14777,0,0,0,0,0,0,0,0,0,418.9513,0,0,0,0,0,0,0,446.03137,417.19254,0,0,0,0,0,425.2066,0,0,0,0,0,0,0,433.0301,0,0,0,0,0,0,525.3119,0,0,0,0,456.77542,0,0,0,
1359,126.04144192193185,53.469,,,,,,,,,,,0,0,0,0,0,0,0,0,0,0,0,0,0,0,0,0,0,0,471.5917,0,0,0,0,0,0,0,0,0,0,0,0,0,460.01144,0,0,0,0,0,0,436.068,0,0,0,403.92645,0,0,0,0,0,0,0,0,0,0,406.86206,0,0,
541,126.04711110077635,52.489002,,,,,,,,,,,0,0,0,0,0,0,0,0,0,0,0,0,0,0,0,0,0,0,0,0,0,0,455.84244,0,0,412.23373,434.0608,0,0,0,0,0,0,509.53906,0,0,0,0,0,0,0,0,0,0,0,0,485.28833,0,0,0,0,0,0,0,0,0,0,
1493,126.04801543508295,53.543,,,,,,,,,,,0,0,0,0,0,0,0,0,0,0,0,0,0,459.0948,0,464.00458,0,0,0,0,0,0,0,411.36383,0,0,0,0,0,0,488.78915,0,0,0,0,0,0,0,0,0,0,0,0,414.35403,0,0,0,0,0,0,0,0,0,0,0,0,0,
127,126.05894107304978,50.205,,,,,,,,,,,0,0,0,0,0,0,0,0,525.24225,0,0,0,0,0,0,0,0,0,0,0,0,0,0,0,0,0,0,0,0,0,0,0,0,0,0,0,0,0,0,0,0,0,0,0,0,0,0,0,570.5972,0,0,0,0,523.1432,0,0,0,
469,126.07339694325003,52.395,,,,,,,,,,,0,0,0,0,0,0,0,0,0,0,0,0,0,569.46844,0,638.6574,0,0,0,0,0,0,0,0,0,0,0,0,0,0,561.69794,0,0,0,0,0,0,0,0,0,0,0,0,0,0,0,0,0,0,434.19974,0,0,0,0,0,0,0,
72,126.07489552785756,50.057083,,,,,,,,,,,0,0,0,0,0,0,0,547.52466,461.55246,0,0,0,0,986.34845,0,1082.257,0,0,0,0,0,0,487.865,506.7025,0,431.66232,496.01993,492.92188,450.7653,0,913.9166,449.01013,602.29816,687.64954,0,0,0,0,0,413.79797,0,433.04578,0,519.7182,0,0,732.5564,0,485.54102,495.45212,0,0,554.542,491.61786,0,421.45374,623.56226,
293,126.08300370647834,51.246822,,,,,,,,,,,0,0,0,0,0,0,0,0,0,0,0,0,0,821.3383,0,866.2524,0,0,0,0,0,0,0,489.4155,0,0,0,0,0,0,771.8464,432.59595,480.63257,0,0,0,0,0,0,0,0,421.3099,0,482.33212,0,0,0,0,0,447.28735,0,0,501.15494,0,0,0,548.0157,
673,127.05206655462092,52.815666,,,,,,,,,,,0,0,0,0,0,0,0,509.57797,0,0,409.16968,0,0,0,0,0,0,0,0,0,0,0,480.41452,0,457.1641,405.9552,525.5832,470.92874,425.1373,0,0,0,0,515.59985,0,0,0,0,0,0,0,0,0,0,428.77704,0,582.83984,425.2357,0,0,428.94672,0,598.17786,0,510.31284,0,0,
1206,127.05502703673842,53.337337,,,,,,,,,,,0,0,0,0,0,0,0,551.33344,576.29095,0,0,0,0,0,0,0,0,0,0,0,0,0,490.2125,0,470.35895,0,513.31775,488.57077,0,0,0,0,528.7297,548.5214,0,0,0,0,0,0,0,502.5809,0,0,439.1762,0,625.6453,0,0,0,419.57043,413.4848,0,603.4361,435.4374,0,0,
409,127.05604307721704,52.126667,,,,,,,,,,,0,0,0,0,0,0,0,0,480.32037,0,0,0,0,0,454.80582,0,0,0,0,0,0,0,0,0,0,418.36612,0,0,0,0,0,0,0,0,0,0,0,0,0,0,0,0,448.9526,0,400.22098,0,0,0,0,0,0,0,0,563.59955,0,0,0,
29,127.05620209166358,49.65398,,,,,,,,,,,574.3429,0,0,0,0,0,0,590.00525,1312.188,0,516.42725,0,0,712.3004,672.34064,690.9804,0,0,0,553.9166,0,0,586.7398,598.0461,521.884,599.5521,797.5195,531.4874,660.22754,0,595.58746,660.07684,0,797.74567,558.459,0,476.69598,0,580.1196,778.4469,0,0,655.10297,499.68814,652.62244,0,858.357,548.647,1064.1562,704.83,531.4423,468.72638,0,1291.8134,554.2363,0,669.31805,
217,127.05660625008953,50.5125,,,,,,,,,,,0,0,0,0,0,0,0,0,0,0,0,0,0,0,0,0,0,0,0,0,0,0,0,0,0,0,0,0,416.02255,0,0,0,0,0,0,0,0,0,0,409.6051,0,0,0,0,0,0,576.15955,0,0,572.54755,0,0,0,0,0,0,0,
117,127.07426174207842,50.203335,,,,,,,,,,,0,0,0,0,0,0,0,0,495.5786,0,0,0,0,0,0,0,0,0,0,0,0,0,0,0,0,0,0,0,0,0,0,0,0,0,0,0,0,0,0,0,0,0,0,0,0,0,0,0,552.97253,0,0,0,0,533.6538,0,0,0,
253,127.08126748523408,50.93125,,,,,,,,,,,0,0,0,0,0,0,0,0,485.74664,0,0,0,0,0,0,573.3825,0,0,0,0,0,0,0,0,0,0,0,0,0,0,587.7104,0,0,0,0,0,0,0,0,0,0,0,403.2975,0,0,0,0,0,0,0,0,0,0,0,0,0,0,
1489,127.08280163250048,53.54182,,,,,,,,,,,0,0,0,0,0,0,0,0,0,0,440.8228,0,0,909.32104,0,945.1321,0,0,0,0,0,0,0,554.2292,0,0,0,0,0,0,918.44,0,615.3043,0,0,447.34357,475.2988,0,0,0,0,540.09875,0,510.48315,0,0,0,0,0,0,0,0,576.58453,0,0,0,0,
480,127.08344010232817,52.395885,,,,,,,,,,,0,0,0,461.31284,0,0,0,0,492.458,0,0,0,0,1608.6254,0,1600.19,558.3076,0,0,0,0,0,0,792.2184,0,0,0,0,0,0,1485.4338,781.9621,714.7676,0,0,537.99054,628.3037,524.38544,0,0,0,674.13794,0,711.17163,0,0,0,0,0,729.069,0,0,708.3089,0,0,0,720.35565,
809,127.086447348896,52.914997,,,,,,,,,,,0,0,0,0,0,0,0,0,0,0,0,0,0,0,0,0,0,0,0,0,0,0,0,0,0,0,0,0,0,0,0,0,0,0,0,0,0,0,0,0,0,516.083,0,478.48676,0,0,0,0,0,0,0,0,595.4851,0,0,0,0,
292,127.09258352674576,51.24676,,,,,,,,,,,0,0,0,628.1687,0,0,0,0,0,0,0,0,0,2604.3154,0,2616.2478,804.1801,0,0,0,0,0,0,1000.3612,0,0,0,0,0,0,2355.929,947.43317,906.474,0,0,757.4998,828.6718,665.8264,0,0,552.90814,829.7973,0,907.221,0,0,0,0,0,962.94836,0,0,892.2004,0,0,0,985.6669,
59,127.0945552742645,50.037384,,,,,,,,,,,0,0,0,739.93494,0,0,0,0,0,0,0,0,0,3599.2634,0,3560.695,1087.7859,0,0,0,0,0,0,1343.61,0,0,479.85944,487.67047,0,0,3246.2314,1380.9324,1206.0614,516.58875,0,986.62964,1137.8685,934.1912,0,0,675.2216,1061.1167,0,1205.9143,0,0,574.8915,0,0,1346.6982,0,0,1196.647,0,0,0,1353.0382,
2006,128.99208708212728,53.961998,,,,,,,,,,,0,414.8944,945.91925,0,0,0,0,0,0,0,0,0,977.0556,0,0,0,0,428.9222,0,0,0,0,0,0,0,0,0,0,0,0,0,0,0,0,0,0,0,0,0,0,0,0,0,0,0,0,0,0,0,1173.0062,0,0,0,0,0,0,0,
460,128.99751877859657,52.393574,,,,,,,,,,,0,409.29846,0,0,0,0,0,0,1210.3505,0,0,0,0,0,0,0,625.3423,0,0,0,0,0,0,0,0,0,0,0,0,0,0,0,0,0,0,0,0,0,0,0,0,0,0,0,0,0,0,844.1085,1361.2024,0,0,0,0,1264.3403,0,560.3795,0,
1633,128.9999111072279,53.69375,,,,,,,,,,,0,0,972.3573,0,0,0,0,0,0,0,904.6731,0,0,1144.014,0,1042.103,0,0,1199.9108,0,0,0,0,0,0,0,0,0,0,0,1084.1857,0,0,0,0,0,0,0,841.5832,0,0,0,0,0,1001.66296,0,0,0,0,0,0,0,0,0,0,0,0,
932,129.0015572456225,53.024998,,,,,,,,,,,953.69305,0,0,0,0,1247.9203,0,0,0,1076.0125,0,0,0,0,0,0,0,0,1181.6976,0,0,0,1288.0873,0,0,0,0,0,0,0,997.80255,0,0,0,0,0,0,0,0,0,0,0,0,0,0,0,0,0,0,0,0,0,0,0,0,0,0,
593,129.00246167234312,52.643826,,,,,,,,,,,0,446.67047,0,0,0,1251.2887,0,0,1039.9803,0,0,0,0,0,0,767.083,0,430.28015,0,0,771.8166,0,0,0,918.8571,0,1269.6544,1230.4473,0,0,0,0,0,999.47076,0,655.2844,0,0,811.0157,0,0,0,0,0,904.5636,0,1089.6737,0,1270.2593,0,0,0,0,1077.7882,0,587.8225,0,
361,129.00411436810072,51.701252,,,,,,,,,,,0,0,0,0,0,0,665.57404,0,0,0,0,0,0,0,0,0,0,0,0,0,0,0,0,0,0,0,0,0,800.8826,0,0,0,0,0,0,0,0,0,0,824.9925,0,0,0,0,0,0,0,0,0,0,0,0,0,0,0,576.42664,0,
1369,129.00520388599517,53.47384,,,,,,,,,,,0,0,1030.8777,0,799.6319,0,0,0,0,0,814.884,0,0,0,773.25336,0,0,0,1161.8693,0,825.2736,980.60443,0,0,0,0,1309.0323,0,0,0,0,0,0,1005.1677,0,0,0,0,801.7937,0,0,0,0,0,951.03986,914.0595,0,836.66034,0,0,0,0,0,0,0,0,0,
1121,129.00661496222287,53.192078,,,,,,,,,,,0,0,0,0,0,0,0,0,0,0,0,0,943.2409,874.0602,0,0,643.12585,0,0,0,0,997.09576,1276.7208,0,0,973.97644,0,0,0,0,0,0,0,0,0,643.4014,908.02844,0,856.8663,0,0,0,782.083,1004.0974,0,0,0,0,0,1117.0261,0,0,0,0,0,0,0,
822,129.00973927764892,52.91611,,,,,,,,,,,0,0,976.1167,724.60803,0,1234.8434,0,0,0,0,0,0,932.2429,0,0,0,821.55347,0,0,0,0,0,1344.6045,0,0,0,0,0,0,0,0,0,1570.5862,0,0,842.169,1149.2036,819.6617,0,0,803.87744,1401.9294,0,1219.3384,902.4439,0,1034.5786,0,0,0,1083.7446,0,1753.3073,0,0,0,1558.2203,
716,129.01023353005573,52.82548,,,,,,,,,,,1222.4103,728.9098,0,611.9016,1530.9032,0,1808.2612,1723.5305,1026.2981,1320.9365,912.4436,0,970.92316,975.80255,1122.7516,853.5077,1001.1991,674.42206,0,1336.7463,1160.3792,1427.4923,1460.715,1230.9885,1416.3184,1536.4325,1710.0902,1715.8167,1651.0546,1253.896,0,997.3158,1661.4746,2066.7869,989.14056,1035.6038,1348.1782,885.4825,919.5374,1775.0023,726.6244,1316.3704,1069.1556,1356.1406,1111.5328,959.42206,1837.5365,1433.4991,1279.9333,1167.1255,1166.0405,1173.3154,2021.7832,0,1460.7473,1482.5917,2009.6675,
181,129.01388349855253,50.48624,,,,,,,,,,,0,570.98004,0,0,1133.3965,0,2804.2256,1812.0857,1241.8827,0,912.6365,0,0,0,893.0703,864.88135,1231.8176,641.7551,0,0,903.7175,0,0,1231.3168,1709.3158,1336.6016,1696.5911,1728.879,2008.2137,0,0,1202.8885,1959.5116,2824.8835,1095.7195,1311.1761,1374.5701,947.6881,1371.0654,2179.5413,0,0,873.1174,1318.8372,1163.7323,0,2208.0867,1442.2723,0,0,0,0,2306.736,1092.8231,1131.2926,2209.56,2412.6802,
420,129.99774439960436,52.31273,,,,,,,,,,,0,0,0,0,0,0,0,0,651.6764,0,505.10852,0,0,0,0,0,0,0,0,0,0,0,0,0,471.82935,0,0,0,450.11407,0,0,0,941.2661,582.6551,0,0,0,0,0,0,0,0,0,0,0,0,588.63617,0,746.7728,0,0,0,974.779,749.9317,0,0,1005.54297,
553,129.99808038627899,52.581,,,,,,,,,,,0,0,456.67703,0,0,0,0,0,0,0,0,0,0,0,0,0,0,0,0,0,0,0,0,0,0,0,0,0,0,527.288,0,0,0,0,0,0,0,0,0,0,0,0,0,0,0,0,0,437.16705,659.3655,0,0,0,851.09314,0,0,0,0,
1108,129.99914686046847,53.191536,,,,,,,,,,,0,0,0,0,0,0,0,0,565.61914,0,0,0,0,0,0,0,0,0,586.8931,0,410.83328,0,527.73914,629.65546,0,0,0,0,0,0,0,508.83752,0,0,0,0,446.97287,0,616.7035,0,0,557.2811,0,491.89636,0,0,586.5567,0,0,587.0981,0,0,0,0,482.2782,0,0,
521,129.99925230409988,52.480717,,,,,,,,,,,0,0,483.22098,0,0,0,0,525.67896,0,0,0,0,0,0,0,0,0,0,0,0,0,0,0,0,0,0,614.6581,0,0,0,0,500.31613,0,0,0,0,0,0,0,0,0,0,0,0,0,0,0,0,661.42694,0,477.0036,487.628,0,0,0,0,0,
590,129.99995933782637,52.643574,,,,,,,,,,,0,0,0,0,0,0,0,515.46094,581.4714,0,0,0,0,0,0,0,0,0,0,0,0,0,0,0,465.5809,464.88885,650.1497,595.35175,459.01013,0,0,521.2965,851.21313,541.1952,0,0,0,0,0,0,0,0,0,0,0,0,575.7404,0,0,0,475.15692,0,0,631.3939,475.5224,0,0,
1399,130.00380809667058,53.48294,,,,,,,,,,,0,0,508.13794,0,0,0,0,0,0,478.95032,532.44525,0,0,0,0,489.2177,0,0,633.49066,0,428.71036,461.13043,0,600.90094,0,0,0,0,454.54788,0,527.9444,515.14777,0,0,0,0,0,0,567.898,0,0,0,0,0,582.8643,0,566.35046,0,0,0,0,495.98007,0,0,495.79764,0,909.6581,
762,130.00569692846358,52.909374,,,,,,,,,,,0,0,0,0,0,0,0,0,0,0,0,0,0,0,0,0,0,0,0,464.21478,0,0,0,0,0,0,0,0,0,538.90717,0,0,0,0,0,426.62405,473.60477,0,0,0,0,573.2864,0,603.4132,0,0,0,0,0,0,0,0,896.6509,0,0,0,902.80286,
685,130.00820773594822,52.822865,,,,,,,,,,,0,0,0,0,690.8418,0,740.051,718.2216,0,606.286,553.25726,0,0,0,564.38934,543.0307,0,0,0,547.7293,493.2311,638.49365,622.4586,0,660.26776,714.46356,778.21576,730.7568,759.6868,598.23145,0,0,924.1429,917.06995,0,455.57602,578.77673,0,513.54626,760.91205,0,581.8947,0,595.8493,582.8457,0,851.5456,651.0255,0,0,498.19287,0,980.1693,0,628.1739,667.12946,1003.90063,
1665,130.0168226098048,53.702297,,,,,,,,,,,0,0,737.30176,0,0,574.0098,0,0,0,0,868.5185,0,0,1318.7885,449.78458,1392.2233,0,0,655.75415,465.16443,497.02713,463.1654,577.35205,0,0,459.64957,0,0,455.00555,0,856.5489,495.83362,0,542.79114,0,416.8326,500.2674,0,662.0039,0,0,587.3978,0,595.5335,1044.5361,0,0,0,0,0,0,480.78555,951.6992,0,574.30206,0,989.898,
165,130.0184254668882,50.484997,,,,,,,,,,,0,0,0,0,486.66656,0,1191.3018,775.90356,565.9735,0,0,0,0,0,431.96176,0,0,0,0,0,0,0,0,0,777.20465,577.97186,723.32855,762.5109,894.9964,0,0,530.3616,883.9846,1123.781,0,483.19482,645.6352,0,586.4064,841.5155,0,0,0,601.1193,563.2033,0,920.0353,619.33575,0,0,0,0,991.8447,0,0,987.9546,1089.204,
324,130.04002139202777,51.371002,,,,,,,,,,,0,0,0,0,0,0,0,0,881.3995,0,499.6973,0,0,823.1579,0,957.85583,0,0,0,0,0,0,0,0,0,0,0,0,0,0,552.0637,0,0,0,0,402.7009,433.29715,0,537.63354,0,0,0,0,0,619.45703,0,0,0,0,0,0,0,0,911.2739,0,0,0,
992,130.99617800704027,53.114002,,,,,,,,,,,0,0,0,0,0,3080.807,0,0,0,0,0,0,820.7182,0,0,0,0,0,3064.4863,0,0,0,0,0,0,0,0,0,0,0,0,0,0,0,0,0,0,0,1520.3328,0,0,0,0,0,0,0,0,0,0,1224.7561,0,0,0,0,0,0,0,
547,130.99634052789835,52.52773,,,,,,,,,,,0,0,1494.728,0,835.90686,0,829.831,929.6875,1400.6616,0,2065.8406,0,0,2792.001,1026.7117,3025.487,1128.9365,696.6924,0,0,1230.1066,928.07715,1048.1873,0,839.6208,0,0,0,969.2864,0,1791.9333,0,1668.1252,1174.2281,964.41486,1105.3125,1165.7689,1103.241,2174.6826,993.168,0,0,933.0261,1225.898,2528.7522,859.4655,1116.7598,0,0,0,876.4139,0,1624.6686,1503.4113,1286.4524,0,2034.6248,
443,130.99670013942008,52.376766,,,,,,,,,,,0,0,0,0,0,1819.8379,826.7035,913.92645,1412.4099,0,0,0,796.33966,0,0,0,0,0,1825.5488,0,0,0,0,1650.9915,0,0,1386.5776,1172.5414,987.1242,991.8905,0,1482.2704,0,0,0,0,0,0,1593.2638,1140.6414,0,0,0,0,0,0,0,0,1508.2622,1644.7748,0,0,0,1422.5652,0,0,0,
330,130.9968316943474,51.37411,,,,,,,,,,,1053.497,1017.75024,4446.4634,1361.0857,2335.9695,3024.993,3382.6694,1090.4989,16656.672,1480.8147,6272.598,0,2221.729,17104.01,1968.8013,19566.463,6586.741,1322.9012,4798.563,1132.4547,4365.758,1819.4083,2593.845,2182.2974,1034.4296,1501.2566,2107.7925,2277.4246,2677.7964,1784.3213,7713.871,2629.9866,4067.4153,5753.338,2889.0942,5972.0625,4600.318,4971.884,8819.459,2862.6882,1334.8068,2684.0007,1361.2451,4863.2153,9347.15,2063.2075,4394.014,2471.3992,9423.8,1822.5051,1845.5531,835.1726,4500.1143,16205.507,4200.719,1425.3265,6099.984,
1368,130.99705068667308,53.468292,,,,,,,,,,,810.9186,567.3455,1069.0624,602.73883,849.61554,2179.709,955.5819,0,0,945.32007,1216.4446,0,1281.7411,0,943.42004,0,836.305,0,2371.5803,848.2079,1094.9225,893.9539,1128.6672,1134.5289,883.8807,934.13306,1499.7264,1306.3164,1222.1458,1065.151,0,0,1531.6208,1643.7444,842.1033,831.46747,973.2249,886.5368,1879.9634,1307.5593,688.26776,1108.4962,850.2736,1144.3616,1316.5322,766.3632,1622.015,1076.5315,0,1094.0333,898.6463,916.01636,1640.8042,0,949.80585,663.50476,1754.1582,
1656,130.99809414497983,53.700794,,,,,,,,,,,926.27625,750.3599,9862.424,1532.2546,1803.2595,4291.129,1746.3285,971.2576,3630.2334,1422.6086,14798.267,0,1896.8457,27533.102,3020.2495,29863.12,5319.621,2019.6431,6293.9297,1289.3057,4614.3857,1574.9546,3486.7097,2654.6306,941.0824,1771.1913,2532.6106,1541.7195,2564.0254,1219.9768,13602.953,3106.462,5875.7104,4495.587,3925.3325,5070.127,4879.678,4481.4556,10292.938,2778.7327,1713.4962,3343.5696,2292.7117,5720.316,19227.654,2590.2812,3645.895,2517.3584,2674.8662,2161.706,2333.4832,987.7934,6018.984,3717.681,4974.3965,803.08795,7971.0854,
568,131.0008771141742,52.640713,,,,,,,,,,,799.78687,640.33374,0,0,0,0,0,942.3158,0,0,0,0,0,0,0,0,0,553.5858,0,0,0,0,0,0,841.4168,0,0,0,0,0,0,0,0,0,0,0,0,0,0,0,0,0,0,0,0,0,0,0,1396.1315,0,0,0,0,0,0,695.71655,0,
794,131.00652928823624,52.91382,,,,,,,,,,,815.9559,532.89343,0,912.3952,0,0,0,0,0,881.0085,0,0,0,0,0,0,1420.037,0,0,0,0,0,0,0,0,0,0,0,0,0,0,0,1867.4263,0,0,1369.2272,1615.915,1339.5802,0,0,930.8581,1617.4695,0,1740.2991,0,741.14484,0,0,0,0,0,865.7378,2079.8628,0,936.94147,0,2052.898,
331,132.00629622624143,51.374138,,,,,,,,,,,0,0,596.9523,0,0,481.9925,0,0,1890.2858,0,733.53876,0,0,1931.2605,0,2212.7148,825.70874,0,702.4328,0,590.8862,0,414.73553,401.31613,0,0,0,0,0,0,995.6113,447.44458,631.6924,740.1582,432.04837,787.25006,608.3266,654.97845,1084.354,0,0,425.51486,0,670.22327,1161.544,0,579.5332,0,1115.404,0,0,0,623.43317,1881.1831,624.51294,0,854.6996,
549,132.01203419879383,52.531666,,,,,,,,,,,0,0,0,0,0,0,0,0,0,0,0,0,0,478.16052,0,504.45343,0,0,0,0,0,0,0,0,0,0,0,0,0,0,0,0,0,0,0,0,0,0,0,0,0,0,0,0,455.491,0,0,0,0,0,0,0,0,0,0,0,0,
1648,132.015371931144,53.69967,,,,,,,,,,,0,0,1264.3472,0,0,697.64105,0,0,590.45013,0,1744.3112,0,0,3072.7039,559.1053,3466.0789,665.41943,0,899.74896,0,674.99445,0,569.73883,547.2452,0,0,0,0,0,0,1612.3184,560.69824,806.9853,663.5757,630.9902,706.0559,717.2288,681.26514,1260.7152,0,0,592.13275,0,767.0196,2219.3364,0,577.8094,0,495.27625,426.9951,0,0,853.1654,623.9255,729.52924,0,1079.2671,
1024,132.01615305720102,53.121246,,,,,,,,,,,0,0,0,0,0,906.4253,0,0,0,0,0,0,0,0,0,0,0,0,935.05,0,0,0,0,0,0,0,0,0,0,0,0,0,0,0,0,0,0,0,463.53384,0,0,0,0,0,0,0,0,0,0,434.6427,0,0,0,0,0,0,0,
442,132.0186757371138,52.376663,,,,,,,,,,,0,0,0,0,0,639.37726,0,0,424.1507,0,0,0,0,0,0,0,0,0,672.391,0,0,0,0,574.01276,0,0,0,0,0,0,0,524.66626,0,0,0,0,0,0,600.4891,0,0,0,0,0,0,0,418.60574,0,427.37854,570.4632,0,0,0,0,0,0,0,
1378,132.0290510948011,53.47778,,,,,,,,,,,0,0,0,0,0,0,0,0,0,0,0,0,0,0,0,0,0,0,589.9667,0,417.63617,0,0,0,0,0,0,0,0,0,0,0,534.5835,429.64758,0,0,0,0,499.34555,0,0,0,0,0,455.31415,0,434.33606,0,0,0,0,0,517.3043,0,0,0,524.2517,
835,132.03494719976385,52.918495,,,,,,,,,,,0,0,0,0,0,0,0,0,0,0,0,0,0,0,0,0,479.08957,0,0,0,0,0,0,0,0,0,0,0,0,0,0,0,577.43805,0,0,477.75024,472.28375,428.85617,0,0,0,493.06964,0,567.8431,0,0,0,0,0,433.63028,0,0,588.2975,0,0,0,586.89343,
1835,132.96809448648284,53.865833,,,,,,,,,,,2913.8362,0,0,0,0,0,0,0,0,0,0,0,0,0,0,0,3075.0117,0,0,0,0,0,0,0,0,0,0,0,2939.74,0,0,0,0,0,0,0,3110.3499,0,0,0,0,0,0,0,0,0,0,0,3044.547,0,0,0,0,3297.7551,0,0,0,
1704,132.9745151332524,53.721333,,,,,,,,,,,3329.3574,3668.5977,2388.5793,0,3135.7637,0,2761.929,2886.6626,3501.7935,0,3044.199,1679.7812,2011.5796,4966.4307,3383.1497,0,3378.1353,2689.8203,3148.3064,0,3216.9739,2917.665,0,3262.947,2718.13,0,0,0,3072.171,0,3412.6843,3136.373,2973.9255,3219.604,2568.6855,3236.195,3230.4978,3308.9265,0,3143.5908,1904.8365,0,2833.441,3264.2737,4065.5466,2323.625,0,2981.9075,3195.7725,0,0,2861.5042,0,3445.2336,3163.3826,2811.5947,3816.2112,
1975,132.97546269691298,53.960655,,,,,,,,,,,3047.1724,0,0,0,0,0,2897.3435,0,3248.5889,0,2572.115,1616.4152,2110.047,3227.003,3190.0261,0,0,2460.1736,0,0,3200.0337,0,0,0,0,0,3329.274,3030.3472,3124.2131,2197.4568,2938.4531,0,0,3242.837,2635.736,0,0,0,0,3143.2915,1952.1268,0,2882.343,0,3222.0327,2435.441,3195.4873,0,3179.8088,3193.2942,2299.3027,2887.1965,3347.7444,3373.1501,0,2774.7717,0,
1392,132.9806862467844,53.48125,,,,,,,,,,,3049.492,2565.0808,2422.1753,1787.3867,3055.1533,2609.0134,2919.8765,2958.5403,0,2956.0608,2925.0234,0,2193.432,0,3322.931,0,3125.8955,2396.4468,3389.2236,2214.4907,0,2951.6526,3238.3655,3431.1116,2671.3743,2882.1482,3835.3027,3113.0366,3439.6416,2292.8398,2885.7842,3163.252,3210.272,3343.2224,2741.2246,0,3136.1514,3237.0405,3412.5479,3472.1821,1949.9071,3190.628,2774.6934,3182.749,3599.6636,2581.9072,3214.5244,0,0,3070.4321,2243.795,3022.894,3659.578,0,3188.0369,2849.1145,3724.6758,
817,132.99320093342496,52.915455,,,,,,,,,,,0,0,0,1922.3466,0,0,0,0,0,0,0,0,0,0,0,0,3505.9578,0,0,0,0,0,0,0,0,0,0,0,0,0,0,0,3111.43,0,0,3326.587,3573.626,3280.667,0,0,2021.5459,3543.9067,0,3701.457,0,0,0,0,0,0,0,0,3693.103,0,0,0,3760.658,
1894,133.97978561474116,53.8875,,,,,,,,,,,703.75415,567.26904,0,0,0,0,0,0,894.04706,0,0,0,0,0,731.4361,718.0461,0,0,0,0,0,0,0,0,0,0,0,0,0,0,0,0,745.0595,0,0,0,0,0,0,0,0,0,0,0,0,0,0,691.92773,0,0,0,0,0,839.16736,0,0,0,
610,133.98608608472554,52.645554,,,,,,,,,,,0,0,0,0,0,0,0,0,0,0,0,0,533.66754,0,753.1246,0,691.44165,513.642,0,0,0,0,0,0,0,0,904.3805,0,0,0,0,0,0,0,0,0,0,0,0,758.8483,0,0,0,0,0,0,0,0,856.0644,0,570.1236,0,0,796.4698,0,0,0,
1934,133.986974645404,53.9577,,,,,,,,,,,0,0,555.87415,0,752.0278,0,0,0,0,757.02515,696.7368,0,0,0,0,794.7568,0,0,0,544.60315,0,0,0,0,0,713.0942,0,0,0,0,0,0,776.5682,0,645.0703,0,0,699.94543,0,0,0,0,0,0,0,0,0,0,0,0,0,0,988.13434,0,0,633.5485,938.5642,
1707,133.98728194386382,53.726025,,,,,,,,,,,926.6767,1153.5322,0,0,829.3312,0,0,0,962.9735,0,695.11804,0,0,1326.6655,869.47174,1647.6891,801.5914,670.85223,0,0,811.696,0,0,0,668.0036,0,0,0,756.47595,0,847.70544,829.3014,777.12616,0,0,840.9294,824.03925,793.2844,1046.4629,0,513.6038,0,738.6048,892.9183,1012.80383,0,0,0,0,0,0,823.3959,989.6319,907.6584,0,672.14124,1097.0857,
1404,133.98960539306142,53.483643,,,,,,,,,,,719.71655,570.72705,583.6022,444.09317,0,0,649.6316,719.57275,0,737.1128,653.37823,0,549.28864,0,768.40533,0,688.13336,527.1497,949.74304,545.202,0,761.32465,918.2105,878.9598,660.9974,709.0536,888.09973,888.6126,752.2252,579.70026,0,0,791.5152,831.06635,625.35895,0,0,725.92255,815.55505,753.93823,0,0,688.61816,817.3344,844.36383,0,776.27264,0,0,0,567.35535,786.35895,1087.4047,0,0,0,940.12683,
1251,133.99015356198748,53.3575,,,,,,,,,,,0,0,521.4354,0,0,0,0,0,0,0,0,0,0,0,0,0,0,0,0,0,0,0,0,0,0,0,0,0,0,0,724.3449,0,0,0,0,0,0,0,0,0,0,0,0,0,0,0,0,0,0,0,598.5747,827.65283,0,0,0,0,0,
1532,133.99034252316818,53.575,,,,,,,,,,,0,0,524.8869,0,717.1285,0,0,0,0,0,0,0,0,0,0,0,0,0,0,0,0,0,0,0,0,0,0,0,0,0,0,0,0,0,0,0,0,0,0,0,0,0,681.0602,0,0,0,0,0,0,0,0,0,0,0,0,630.1769,0,
771,133.99818126426956,52.911663,,,,,,,,,,,0,0,566.441,547.5819,0,654.1994,0,0,0,0,0,0,0,754.4858,0,0,860.8539,0,0,0,0,0,862.44885,0,0,0,0,0,0,0,0,0,983.74176,0,0,844.58026,881.526,837.2138,0,0,622.1461,1121.6663,0,1000.1242,0,0,0,0,0,0,566.19714,817.5894,1121.7133,0,793.4276,0,1074.9941,
470,134.00934935447856,52.395,,,,,,,,,,,0,0,0,0,0,0,0,0,956.48413,0,0,0,0,0,0,0,0,0,0,0,0,0,0,0,661.00195,0,0,0,731.8908,0,0,0,0,0,0,0,0,0,0,759.09314,0,0,0,0,0,0,0,0,916.1932,0,0,0,0,957.3792,0,0,0,
1012,134.03262295493977,53.11973,,,,,,,,,,,0,0,563.4302,501.85812,0,3167.102,0,0,0,0,0,0,705.43445,0,0,0,0,0,0,599.51324,0,0,0,1033.2184,0,765.53516,948.44525,887.05,0,666.56323,0,861.1948,0,0,622.3681,0,0,0,1301.406,0,579.966,0,0,0,774.6796,586.9183,870.4096,0,831.1958,1174.4001,0,0,0,0,0,0,0,
1065,134.99882608621792,53.15075,,,,,,,,,,,2607.0857,0,0,0,0,0,4062.118,3157.9507,3298.671,0,0,0,0,0,3589.8477,0,2828.5894,1907.2168,0,0,3545.1902,0,0,0,2924.44,0,0,0,0,0,0,0,4864.0776,0,0,2642.0513,0,0,0,0,0,0,4340.6445,0,0,5336.9844,0,4752.426,4288.059,0,0,2920.1292,4461.4106,3407.1907,4330.4277,0,4061.384,
1984,134.99926047692887,53.961105,,,,,,,,,,,0,2125.2651,0,0,0,0,0,0,0,0,0,1218.693,0,0,2635.0867,0,2646.8765,2125.6353,0,0,0,0,0,0,2281.7727,0,0,0,0,0,0,0,2571.288,0,0,0,0,0,0,0,0,0,0,0,0,0,0,0,0,0,0,2414.9731,0,0,0,2238.2683,0,
1710,135.00061040403818,53.7275,,,,,,,,,,,2390.0288,2033.0994,0,0,0,0,0,0,0,0,0,0,0,2622.8054,0,2652.7136,0,0,0,0,0,0,0,0,0,0,0,0,0,0,0,0,0,0,0,0,0,0,0,0,0,0,0,0,0,0,0,0,0,0,0,0,0,0,0,0,0,
440,135.00115136154855,52.375782,,,,,,,,,,,0,0,3169.6921,2712.064,0,13835.868,4385.028,0,4049.7776,0,3052.4792,0,3310.8613,0,0,0,2758.2974,0,14414.056,2251.7808,0,0,0,11531.069,0,2764.9675,7193.2803,6069.761,5949.742,4914.1855,0,10061.045,0,4080.4558,0,2576.9229,3395.929,3055.4705,11754.834,5997.082,2601.6328,3769.112,0,3748.2102,3823.2732,0,4416.856,2913.413,3912.7078,11870.182,0,0,0,4103.5474,0,0,0,
1354,135.00156891202903,53.45778,,,,,,,,,,,0,0,0,1748.6875,0,4718.9307,2531.917,0,0,2534.2727,2345.598,0,2521.5918,0,2510.0115,0,0,0,5547.951,0,2901.4705,2452.2854,2691.0974,0,0,0,3150.6936,2884.7803,2981.7148,2243.8508,0,0,2620.7407,3527.6528,2124.3745,0,0,0,5269.8384,2941.2295,1846.5367,0,0,0,0,2109.612,3414.993,2823.3044,0,0,2035.5221,0,0,0,0,2231.2295,2779.4785,
821,135.01164222578547,52.916004,,,,,,,,,,,0,0,0,0,0,0,0,0,0,0,0,0,0,0,0,0,2889.4878,0,0,0,0,0,0,0,0,0,0,0,0,0,0,0,2900.1946,0,0,2768.322,2904.4004,2784.8083,0,0,1893.7849,2902.6833,0,3200.379,0,0,0,0,0,0,0,0,3114.9758,0,0,0,3095.293,
441,136.00348650353385,52.37606,,,,,,,,,,,0,0,886.73456,777.52765,0,4453.6934,1254.6123,558.8454,981.9216,0,911.52893,0,975.95685,0,0,0,615.08435,0,4441.8384,632.9706,0,0,0,3568.3381,0,647.0824,2079.1604,1704.3711,1641.4188,1429.1428,0,3052.788,0,1142.9781,0,588.4547,818.01636,702.62964,3653.2268,1706.509,748.9183,1035.4413,0,959.98596,935.55505,0,1213.0876,686.3354,928.7175,3685.4956,0,0,0,912.4851,0,0,0,
1046,136.00458128249312,53.1349,,,,,,,,,,,560.407,0,1543.2949,1700.8888,644.0458,0,616.6688,593.21344,620.2491,1135.3861,1019.90784,0,2855.185,895.9147,0,687.79047,0,0,0,1484.7588,590.47174,1101.9474,1149.9349,0,0,1331.6104,2028.9285,2072.8835,949.0333,2040.2704,1377.149,2278.679,839.2847,1410.6711,720.47894,533.9251,865.88525,735.25305,0,957.8444,1827.2256,1888.8418,668.59595,1107.4734,970.1644,760.2779,2357.305,711.76825,662.6744,4435.773,967.5757,561.4387,838.70483,638.90125,653.2213,0,715.236,
1599,136.00501716833176,53.650833,,,,,,,,,,,0,0,483.5917,0,0,965.99115,0,0,0,0,536.4086,0,486.3622,0,0,0,0,0,0,0,0,0,0,0,0,0,0,0,0,512.2177,0,0,0,0,0,0,0,0,0,0,0,0,0,0,0,0,0,0,0,685.1981,0,0,0,0,0,0,0,
1242,136.01040499897982,53.353996,,,,,,,,,,,0,0,0,0,0,0,0,545.71625,0,0,0,0,0,0,0,0,0,0,0,0,0,547.1422,632.3112,0,0,0,0,0,0,0,538.898,0,0,0,446.27853,0,0,0,0,0,0,0,0,0,0,0,0,0,0,0,0,0,0,0,0,0,0,
1706,136.01295132680858,53.725502,,,,,,,,,,,0,0,0,0,0,0,0,0,569.07684,0,0,0,0,523.79144,0,521.09546,0,0,0,0,0,0,0,737.8228,0,0,0,598.35925,0,0,0,637.8189,0,0,0,0,0,0,0,603.3308,0,0,0,0,616.9402,0,0,0,598.1566,0,0,0,0,568.94604,0,0,0,
1474,136.01533412014038,53.53125,,,,,,,,,,,517.1128,404.2491,0,0,534.9693,0,0,0,0,0,0,0,0,0,662.238,521.98236,569.7816,543.9559,0,0,0,0,0,0,0,0,0,0,574.2906,0,523.68353,0,0,0,466.27493,0,573.1154,521.49365,0,0,0,0,605.8931,0,596.1984,0,0,0,0,0,0,531.25824,0,0,638.3916,0,0,
1338,136.01638939755597,53.44318,,,,,,,,,,,0,401.0363,0,0,0,0,469.64105,0,0,0,0,0,503.76202,0,0,0,0,0,1176.1027,0,0,0,0,0,0,0,681.3877,0,0,0,0,0,0,701.6764,454.01437,0,0,0,0,0,412.51358,0,0,0,0,461.93036,681.9245,0,0,0,0,533.06964,0,0,0,0,0,
896,136.01980067673964,53.003677,,,,,,,,,,,958.7849,667.18604,0,0,726.31647,0,490.2651,627.24225,0,857.72473,536.70184,0,0,570.575,949.01636,516.97943,547.8993,615.44885,0,476.72116,855.09515,767.4443,935.2138,0,0,546.1246,689.56165,610.0043,0,0,551.02875,0,0,0,616.8267,567.76135,641.9183,524.0405,0,0,423.2514,644.153,817.56,679.41614,629.67145,687.3498,679.25696,0,0,0,737.1932,879.0098,0,0,922.63025,0,0,
2018,136.02875793761103,53.965,,,,,,,,,,,515.8428,0,0,0,0,0,0,0,0,0,0,0,0,0,523.5162,0,0,415.89767,0,0,0,0,0,0,0,0,0,0,0,0,0,0,572.271,0,0,0,0,0,0,0,0,0,0,0,0,0,0,0,0,0,0,0,0,0,0,0,0,
836,136.02902521095737,52.918846,,,,,,,,,,,0,0,0,0,0,0,0,0,0,0,0,0,0,0,0,0,604.643,0,0,0,0,0,0,0,0,0,0,0,0,502.5358,0,0,700.8918,0,442.43314,600.35406,638.73,542.914,0,0,437.15527,697.4014,0,753.8313,0,0,0,0,0,0,0,543.1386,861.78424,0,0,0,759.45374,
146,137.0095830570025,50.469193,,,,,,,,,,,998.2926,0,576.8918,667.2256,1365.7444,1103.5424,1248.3711,1832.0131,625.62866,1782.4044,677.21313,0,1727.8859,0,910.7888,0,0,0,1143.4034,1739.7345,1095.5535,1716.9922,1332.5911,2221.9968,1691.3497,2264.8806,858.3243,2213.7441,640.1399,1578.1504,564.27264,1856.6136,2135.1467,2273.8381,1053.424,0,804.99774,530.4508,861.63257,668.83295,637.95715,1048.0284,1056.7231,1038.3318,684.2779,1008.98364,2611.4531,1727.6823,805.48645,2109.3132,963.6793,1136.962,2167.467,698.2749,1238.8967,913.2739,1890.9536,
439,137.01052197871442,52.374443,,,,,,,,,,,0,0,0,0,0,767.0121,0,0,0,0,0,0,0,0,0,0,0,0,684.81757,0,0,0,0,573.84015,0,0,0,520.16376,445.88394,0,0,559.7476,0,0,0,0,0,0,616.26904,420.594,0,0,0,0,0,0,0,0,0,699.999,0,0,0,0,0,0,0,
371,137.01132458514144,51.875263,,,,,,,,,,,437.22525,0,400.6257,0,536.1301,0,0,522.1118,0,535.2491,0,0,556.06146,0,0,0,0,0,0,0,0,591.73846,0,565.5446,471.98923,0,0,0,0,0,0,0,1237.9373,582.7908,0,0,0,0,0,0,0,0,416.6826,0,0,411.7617,585.98755,0,0,551.78784,0,444.20923,1014.99084,0,527.2782,0,1017.9327,
1003,137.0231260633675,53.134212,,,,,,,,,,,0,0,0,0,0,2580.9617,0,0,507.7764,508.3063,0,0,566.6551,0,0,0,0,0,2173.9546,0,0,0,0,595.8431,0,450.82578,585.02844,541.0353,0,505.22983,443.34683,540.95355,0,0,0,0,418.62015,0,950.07715,0,0,479.15298,0,519.09875,0,0,593.11865,0,0,738.0889,0,0,0,504.4204,0,0,0,
878,137.0253564253885,52.999603,,,,,,,,,,,931.5306,572.1661,0,0,724.8807,920.53186,0,535.203,0,910.40045,507.67145,0,0,0,790.9758,0,415.10428,552.97253,769.30237,0,777.6581,790.8127,895.45306,0,503.43314,520.90686,531.44495,520.7444,0,494.28473,562.322,496.21707,0,610.50995,567.4966,0,533.0902,420.32626,756.2756,421.08728,0,572.22424,756.0896,587.9804,434.1471,701.9101,625.4178,442.90454,0,535.1121,727.3223,900.1216,0,0,832.3115,0,0,
1380,137.02829429808918,53.478893,,,,,,,,,,,0,0,0,0,0,0,0,0,0,0,401.391,0,0,0,0,0,0,0,0,0,527.35504,0,547.7231,0,0,0,498.9588,0,0,0,0,0,560.54626,0,0,0,0,0,0,424.31317,0,0,0,0,517.5371,0,0,494.2295,0,0,0,0,0,0,0,0,597.7784,
611,137.03158874874921,52.646004,,,,,,,,,,,0,0,0,0,0,0,0,0,546.73193,0,0,0,0,0,0,0,0,0,0,0,0,0,0,0,0,0,0,0,0,0,0,0,0,0,0,0,0,0,0,405.18896,0,472.14743,0,0,0,0,0,0,568.26117,0,0,0,0,550.2632,0,0,0,
847,137.0333265102674,52.92333,,,,,,,,,,,0,0,400.41583,0,0,0,0,0,0,0,0,0,445.56293,0,0,0,517.74207,0,0,459.58157,0,0,537.7107,0,0,0,0,0,0,426.45898,0,0,680.1543,0,0,0,584.9742,456.81235,0,0,431.6244,644.43085,0,647.8156,0,414.35632,0,0,0,0,0,0,803.11017,0,0,0,722.38477,
669,137.0334555098469,52.811665,,,,,,,,,,,0,0,0,0,464.55902,0,0,506.40308,0,0,0,0,0,0,0,0,0,0,0,430.46683,0,470.56424,584.4433,0,0,426.90356,512.3616,0,0,0,0,0,0,550.1419,0,0,0,0,0,450.10068,0,0,0,0,423.98465,0,0,423.58615,468.17685,0,480.26154,426.7496,621.63324,0,0,0,0,
128,137.06881513117085,50.205,,,,,,,,,,,0,0,0,0,0,0,0,0,673.68945,0,0,0,0,0,0,0,0,0,0,0,0,0,0,0,0,0,0,0,0,0,0,0,0,0,0,0,0,0,0,0,0,0,0,0,0,0,0,0,817.5342,0,0,0,0,715.6185,0,0,0,
144,138.01354338565397,50.466473,,,,,,,,,,,916.97186,0,547.49756,593.4554,0,1003.40405,0,1617.8438,594.6087,1552.1013,584.85254,0,1629.1981,0,0,0,0,0,1004.08856,1634.5829,0,1554.2697,1193.8584,1861.6571,1532.834,2076.8132,736.91565,2096.0154,522.3351,1445.0464,0,0,1970.8882,0,836.3312,0,647.0798,0,699.5521,0,559.0899,954.5701,0,883.3596,538.3992,881.57996,2391.6724,0,666.5603,0,941.151,971.3936,2012.1648,572.48676,0,682.53577,1693.2609,
372,138.01652939793834,51.87833,,,,,,,,,,,0,0,0,0,0,0,0,0,0,0,0,0,0,0,0,0,0,0,0,0,0,0,0,0,0,0,0,0,0,0,0,0,583.5567,0,0,0,0,0,0,0,0,0,0,0,0,0,0,0,0,0,0,0,478.12552,0,0,0,445.3851,
118,138.0640290058669,50.203335,,,,,,,,,,,0,0,0,0,0,0,0,0,577.2589,0,0,0,0,0,0,0,0,0,0,0,0,0,0,0,0,0,0,0,0,0,0,0,0,0,0,0,0,0,0,0,0,0,0,0,0,0,0,0,596.2037,0,0,0,0,585.08795,0,0,0,
150,139.0303711579371,50.4825,,,,,,,,,,,0,0,0,0,0,0,530.77216,469.97156,0,0,0,0,0,0,0,0,0,0,0,0,0,0,0,0,460.04642,0,0,448.01636,0,0,0,0,0,661.4521,0,0,0,0,0,445.09055,0,0,0,0,0,0,659.9771,0,0,0,0,0,0,0,0,475.72998,0,
738,139.03232005587486,52.831253,,,,,,,,,,,0,0,0,0,0,0,0,0,0,0,0,0,0,0,0,0,0,0,0,0,0,0,0,0,0,0,422.40863,0,0,0,0,0,0,436.2455,0,0,0,0,0,419.55573,0,0,0,0,0,0,444.6842,0,0,0,0,0,0,0,0,0,0,
281,139.04770708963318,51.243332,,,,,,,,,,,0,0,0,0,0,0,0,0,0,0,0,0,0,424.8179,0,461.9719,0,0,0,0,0,0,0,0,0,0,0,0,0,0,412.71103,0,0,0,0,0,0,0,0,0,0,0,0,0,0,0,0,0,0,0,0,0,0,0,0,0,0,
78,139.0577435087616,50.059643,,,,,,,,,,,0,0,0,0,0,0,0,509.0729,444.1592,0,0,0,509.34882,508.0448,0,600.0013,0,0,0,0,0,0,0,0,494.13208,0,497.87152,570.16376,0,0,504.76334,0,0,832.9023,0,0,0,0,0,0,0,0,0,0,0,0,851.43805,438.32037,493.18796,0,0,0,0,511.2661,0,0,0,
119,139.0659619232794,50.203335,,,,,,,,,,,0,0,0,0,0,0,0,0,555.9405,0,0,0,0,0,0,0,0,0,0,0,0,0,0,0,0,0,0,0,0,0,0,0,0,0,0,0,0,0,0,0,0,0,0,0,0,0,0,0,562.47955,0,0,0,0,582.18536,0,0,0,
485,141.0596675543352,52.39666,,,,,,,,,,,0,0,0,0,0,0,0,0,443.80942,0,0,0,0,907.97516,0,878.75287,0,0,0,0,0,0,0,439.77576,0,0,0,0,0,0,854.8153,0,408.53644,0,0,0,410.966,0,0,0,0,0,0,0,0,0,0,0,0,441.53775,0,0,0,0,0,0,431.29813,
307,141.06050277626207,51.24857,,,,,,,,,,,0,0,0,0,0,0,0,0,0,0,0,0,0,1376.761,0,1356.903,418.678,0,0,0,0,0,0,577.1625,0,0,0,0,0,0,1244.727,472.22653,522.95654,0,0,447.78458,444.9382,0,0,0,0,468.26086,0,489.69632,0,0,0,0,0,576.45636,0,0,472.864,0,0,0,516.0945,
1487,141.0621315698376,53.541668,,,,,,,,,,,0,0,0,0,0,0,0,0,0,0,0,0,0,477.35306,0,518.14417,0,0,0,0,0,0,0,0,0,0,0,0,0,0,484.2014,0,0,0,0,0,0,0,0,0,0,0,0,0,0,0,0,0,0,0,0,0,0,0,0,0,0,
52,141.080230598687,50.033337,,,,,,,,,,,0,0,0,0,0,0,0,0,0,0,0,0,0,1914.6626,0,1876.8097,585.9444,0,0,0,0,0,0,765.73456,0,0,0,0,0,0,1761.0004,647.39197,661.10004,0,0,520.9843,563.4171,512.68945,0,0,0,599.8987,0,646.84503,0,0,0,0,0,797.3158,0,0,607.3037,0,0,0,757.1082,
1025,143.00872554639412,53.121246,,,,,,,,,,,0,0,0,0,0,885.4211,0,0,0,0,0,0,0,0,0,0,0,0,866.51587,0,0,0,0,0,0,0,0,0,0,0,0,0,0,0,0,0,0,0,406.5616,0,0,0,0,0,0,0,0,0,0,421.17523,0,0,0,0,0,0,0,
458,143.01552098149014,52.393127,,,,,,,,,,,0,0,0,0,0,0,0,0,909.5936,0,0,0,0,0,0,0,0,0,504.79993,0,0,0,0,0,0,0,463.55573,0,493.12717,0,0,0,0,0,0,0,0,0,0,452.03726,0,0,0,0,0,0,0,407.0863,877.4972,0,0,0,0,899.14154,0,0,0,
1398,143.01697140586197,53.482666,,,,,,,,,,,0,0,0,0,0,411.82544,0,0,0,0,443.16345,0,0,0,0,0,0,0,525.2772,0,462.34064,0,432.2916,0,0,0,504.39786,434.88492,453.32953,0,0,0,503.07095,412.5224,0,0,0,0,0,474.77805,0,0,0,0,444.55246,0,0,408.5165,0,0,0,0,564.15234,0,0,0,531.6352,
359,143.0202565215383,51.692272,,,,,,,,,,,0,0,0,0,424.39883,0,524.9147,461.55835,518.25433,0,0,0,0,0,0,0,403.2014,0,0,0,0,0,0,0,0,0,581.86725,466.13763,612.9065,0,0,0,421.25662,734.2743,0,436.1674,413.39914,0,472.5018,670.50116,0,0,0,0,444.5528,0,572.7872,420.09055,0,0,0,0,481.70807,478.35208,410.96143,422.71527,511.31284,
559,143.02222422312653,52.633335,,,,,,,,,,,0,0,0,0,0,0,0,0,417.47043,0,0,0,0,0,0,0,0,0,0,0,0,0,0,0,0,0,0,0,0,0,0,0,0,418.7035,0,0,0,0,0,0,0,0,0,0,0,0,0,0,0,0,0,0,0,477.95947,0,0,0,
799,143.024456204547,52.914227,,,,,,,,,,,0,0,0,475.41876,0,405.38248,0,0,0,0,451.53613,0,0,0,0,0,702.6849,0,0,0,0,0,0,0,0,0,0,0,0,0,0,0,856.914,0,0,727.65283,725.3259,627.38837,0,0,0,789.6927,0,877.92053,413.8761,0,0,0,0,0,0,0,867.6394,0,0,0,861.6999,
318,143.0270627759801,51.295,,,,,,,,,,,0,0,0,0,0,0,0,0,462.05164,0,0,0,0,0,0,0,0,0,0,0,0,0,0,0,0,0,0,0,0,0,0,0,0,0,0,0,0,0,0,0,0,0,0,0,0,0,0,0,454.15527,0,0,0,0,473.43314,0,0,0,
693,143.03429014522183,52.82378,,,,,,,,,,,901.3648,1045.1101,0,406.9441,2282.9934,411.0095,3027.1736,2056.9612,624.2684,1266.9918,840.3498,0,433.78915,659.34064,1289.1278,748.78656,1319.8477,927.5113,476.19156,912.78687,1270.9996,1394.8617,1070.4956,629.0222,1778.97,1787.306,1667.4155,1695.404,2362.3745,682.02454,483.1981,776.9029,1333.1985,3039.1382,1269.3812,1398.3881,1471.7218,811.0837,822.7372,2649.7437,0,874.50964,962.119,1189.9967,1108.7212,482.64957,2342.782,2107.3064,453.9529,579.746,721.66064,562.4658,1707.2219,570.6319,1516.0908,2514.2026,1908.2083,
158,143.04044692947448,50.484154,,,,,,,,,,,773.90326,918.30664,0,532.4769,1532.103,432.4701,5653.132,3110.9512,1381.5966,800.9549,1079.7058,0,541.2867,900.96533,1120.2511,1047.4985,2110.6921,972.5345,800.3874,906.8722,1059.8188,847.001,1099.7437,1098.3848,2762.9187,1712.0245,2123.0308,2567.1145,3395.8218,684.7074,518.38116,1312.1609,2606.48,5237.7534,1520.4949,2161.9497,2339.2803,1260.6035,2052.1248,3517.526,0,991.52405,892.34784,1764.3243,1437.6133,0,3639.4102,2083.46,767.5253,850.9706,738.34064,496.86368,3290.7441,1255.3694,1104.5691,4569.7734,3692.1096,
548,144.02069416797443,52.529163,,,,,,,,,,,0,0,0,0,0,0,408.37985,0,0,0,0,0,0,0,0,0,0,0,0,0,0,0,0,0,0,0,0,0,0,0,0,0,0,477.39883,0,0,0,0,0,460.2344,0,0,0,0,0,0,440.43542,0,0,0,0,0,493.084,0,0,0,533.5338,
200,144.02779115496338,50.48875,,,,,,,,,,,0,0,0,0,0,0,759.9925,0,0,0,0,0,0,0,0,0,0,0,0,0,0,0,0,0,416.47598,0,0,0,0,0,0,0,0,675.38934,0,0,0,0,0,478.72998,0,0,0,0,0,0,587.32104,0,0,0,0,0,454.06638,0,0,577.3256,568.1909,
722,144.0432812718001,52.82667,,,,,,,,,,,0,0,0,0,0,0,417.65576,0,0,0,0,0,0,0,0,0,0,0,0,0,0,0,0,0,0,0,0,0,0,0,0,0,0,436.00165,0,0,0,0,0,425.9928,0,0,0,0,0,0,0,0,0,0,0,0,0,0,0,0,0,
1692,144.99322664699778,53.712498,,,,,,,,,,,0,0,0,0,0,0,0,0,431.2295,0,0,0,0,0,0,523.2455,0,0,0,0,0,0,0,0,0,0,0,0,0,0,0,0,445.28998,0,0,0,0,0,0,0,0,406.80124,0,0,456.39883,0,0,0,0,0,0,0,0,0,0,0,492.49493,
575,145.01065380155822,52.641804,,,,,,,,,,,484.70874,583.083,0,0,567.08203,0,469.0961,541.2102,673.7362,449.41843,421.58386,0,0,0,607.8297,418.19843,540.34784,488.8362,0,0,528.84375,0,527.16376,0,531.42694,0,595.09937,521.58453,560.08466,0,0,589.9444,404.09872,625.2648,0,595.2638,523.9428,481.04053,523.2972,622.60736,0,0,539.16736,576.4142,563.879,0,508.0389,601.95685,562.0533,457.04968,0,408.23373,525.6957,653.00653,597.288,553.9323,520.4397,
1400,145.01184997945157,53.483017,,,,,,,,,,,540.9251,423.81433,768.6277,0,487.00262,658.54755,594.2739,545.3148,0,536.26807,857.10657,0,0,0,600.7548,0,518.2491,415.1955,0,0,0,0,638.16675,0,507.82184,0,893.81757,670.0873,834.94867,563.3547,0,477.54233,891.33374,692.69763,0,498.11377,568.03955,426.43216,682.3233,891.6306,0,581.16473,552.9238,590.42957,920.7316,0,698.2455,708.67114,0,557.58484,0,554.0082,898.915,0,600.0118,412.5639,1055.6725,
471,145.01278625859035,52.395,,,,,,,,,,,0,0,0,0,0,0,0,0,639.00226,0,0,0,0,0,0,0,0,0,0,0,0,0,0,0,0,0,434.70905,0,0,0,0,0,0,0,0,0,0,0,0,0,0,0,0,0,0,0,0,0,631.7352,0,0,0,0,667.06274,0,0,0,
386,145.0129729446207,51.96154,,,,,,,,,,,424.2177,467.357,0,0,497.99966,0,436.07028,419.88232,0,428.63583,425.13696,0,0,0,421.01077,424.46683,457.35992,0,0,0,0,0,0,0,0,0,505.87054,407.36026,468.80255,0,0,435.19778,469.22754,499.45898,0,464.39883,0,0,404.28113,519.6875,0,412.16345,0,495.611,458.24026,0,459.80518,428.1069,0,0,0,0,541.9222,470.39523,474.62503,410.83524,637.8071,
802,145.01418345402513,52.914425,,,,,,,,,,,442.68585,0,599.4165,922.74567,453.8663,593.46124,0,460.04315,0,449.7231,654.29224,0,0,0,446.92188,415.9212,1380.661,0,564.88855,0,493.86728,0,484.8552,0,400.87283,0,506.31873,0,0,0,0,424.80975,1507.4697,0,0,1326.1954,1462.5613,1130.7633,503.3328,414.69205,923.71985,1368.1605,465.08893,1485.3446,668.66296,0,407.02518,0,0,483.89703,0,443.1971,1485.4825,0,591.36383,0,1588.084,
1027,146.97660640895694,53.12167,,,,,,,,,,,0,0,0,0,0,1739.001,0,0,0,0,0,0,0,0,0,0,0,0,1910.4822,0,0,0,0,0,0,0,0,0,0,0,0,0,0,0,0,0,0,0,1479.4629,0,0,0,0,0,0,0,0,0,0,0,0,0,0,0,0,0,0,
1689,146.9768332919537,53.7115,,,,,,,,,,,0,0,0,937.559,0,0,1292.7744,0,1507.3495,0,1188.559,0,0,1434.744,0,0,0,0,0,0,0,0,0,0,0,0,0,0,0,0,0,0,1380.2472,0,1174.9843,0,0,0,0,0,0,0,0,0,1462.8555,1156.7966,0,0,0,0,0,0,0,1481.7218,0,0,0,
1939,146.9771296753722,53.958424,,,,,,,,,,,1366.7395,1290.496,1043.1847,928.3756,1484.6747,1342.4401,1373.9376,0,0,1363.1765,0,733.6656,1066.6047,1608.1239,1536.1206,1707.881,1726.2802,1185.1677,1522.7234,0,1517.0925,1448.3008,1468.1952,1809.1873,1315.1599,1336.3877,1626.4391,1401.7212,1570.5063,1109.7983,1482.6407,1773.9918,0,1587.256,1234.984,1627.6129,1686.336,1639.1393,1494.5985,1525.556,1010.9333,1523.4047,1387.7672,1772.6064,1489.119,1210.6152,0,1486.6829,0,1618.1945,0,1355.5897,1594.1265,0,1573.8229,1362.1481,1773.0719,
510,146.9785826996201,52.436665,,,,,,,,,,,0,0,0,894.6463,0,0,0,0,0,0,0,0,0,1549.6384,0,1532.8473,1850.829,0,0,0,0,0,0,1705.6117,0,0,0,0,0,0,1341.3962,1782.9042,0,0,0,1687.0746,1519.4364,1596.6522,0,0,0,0,0,1725.2141,0,0,0,0,0,1463.8872,0,0,0,0,0,0,0,
1849,146.98069256433826,53.870003,,,,,,,,,,,0,0,0,0,0,0,0,0,2072.8845,0,0,0,0,0,0,0,0,0,0,0,0,0,0,0,0,0,0,0,0,0,0,0,0,0,0,0,0,0,0,0,0,0,0,0,0,0,0,0,0,0,1136.1648,0,0,2012.8757,1450.0016,0,0,
1397,146.9848966522823,53.482662,,,,,,,,,,,1431.9196,1293.3684,0,924.4279,1485.3433,1339.1713,1442.6731,1449.1183,0,1394.2311,1488.7709,0,1126.5975,1474.4113,1585.4146,0,1526.3723,1201.8431,0,1152.6616,0,1409.273,1607.8212,0,1351.2164,1380.2844,1805.1403,1591.3799,1722.4937,1240.0978,0,1509.1095,1719.3282,1671.8552,1315.0654,1546.1243,1455.9598,1490.3844,1624.5028,1739.782,1053.7845,1487.1484,1495.9258,1606.7407,1820.95,1189.152,1604.2017,1739.5303,0,1397.3972,1211.0546,1339.3481,1814.2258,0,1639.1792,1338.6937,1921.6423,
260,146.98670559688478,50.940002,,,,,,,,,,,0,0,0,0,0,0,0,0,0,0,0,0,0,0,0,0,1675.2168,0,0,0,0,0,0,1544.0483,0,0,0,0,0,0,0,1610.2478,0,0,0,0,0,0,0,0,0,0,0,0,0,0,0,0,0,0,0,0,0,0,0,0,0,
589,146.99189308231087,52.643433,,,,,,,,,,,1404.0614,1569.9078,0,0,1477.7195,0,1422.4397,1484.0076,1720.6616,1306.1802,0,0,1035.4374,1481.6538,1577.7584,1461.5809,1694.3119,1251.0935,0,0,1440.1808,1341.6499,0,1466.3121,1389.8163,1320.7672,1569.238,1426.1804,1564.8434,0,0,1614.6571,0,1652.898,1282.7345,1663.7303,1578.6953,1529.5021,1533.1997,1579.1527,0,0,1443.1017,0,1539.0219,0,1524.9147,1543.9032,1499.9722,0,0,0,1535.6384,1750.1301,1565.3256,1527.0824,0,
765,146.99502864583278,52.910664,,,,,,,,,,,0,0,1048.5616,1112.4103,0,1233.2504,0,0,0,0,1220.2897,0,0,0,0,0,1933.4645,0,0,0,0,0,0,0,0,0,0,0,0,0,0,0,1824.0392,0,0,1740.4191,1856.8444,1748.0431,0,0,1184.8519,1780.7614,0,1945.339,0,0,0,0,0,0,1121.6626,0,1963.7908,0,0,0,2025.1354,
1935,147.98836633776457,53.957855,,,,,,,,,,,0,0,0,0,0,437.43872,0,0,0,0,0,0,0,0,0,0,0,0,434.99738,0,0,0,0,0,0,0,0,466.15298,0,0,0,0,0,425.3158,0,0,0,0,0,413.93234,0,0,0,454.1154,0,0,0,0,0,0,0,0,0,0,0,0,515.1808,
451,147.98986604597408,52.389164,,,,,,,,,,,0,0,0,0,0,519.1916,0,0,0,0,0,0,0,0,0,0,0,0,579.7702,0,0,0,0,0,0,0,426.86172,0,0,0,0,0,0,0,0,0,0,0,483.04968,403.7123,0,0,0,0,0,0,416.3462,0,0,0,0,0,0,0,0,0,0,
1005,147.99190736555835,53.11667,,,,,,,,,,,0,0,0,0,0,780.8611,0,0,0,0,0,0,0,0,0,0,0,0,657.08075,0,0,0,0,0,0,0,0,0,0,0,0,0,0,0,0,0,0,0,456.22195,0,0,0,0,0,0,0,0,0,0,0,0,0,0,0,0,0,0,
1351,147.9955483955578,53.455715,,,,,,,,,,,0,0,0,0,0,1218.9827,0,0,447.74533,0,0,0,712.3566,0,0,0,0,0,1282.5701,0,0,0,0,0,0,0,769.0788,681.2429,614.45734,0,0,0,0,894.4214,0,0,0,0,0,617.5231,0,0,0,490.97614,0,0,817.999,0,0,0,0,0,500.48544,444.74274,0,0,479.2481,
605,148.00291275204447,52.645004,,,,,,,,,,,0,0,0,0,0,0,0,0,509.05164,0,0,0,0,0,0,0,0,0,0,0,0,0,0,0,0,0,437.3681,437.31122,423.01373,0,0,0,0,454.3596,0,0,0,0,445.423,425.4982,0,0,0,432.57144,0,0,421.62863,0,0,0,0,0,453.88364,473.43314,0,0,0,
845,148.01275854652366,52.921665,,,,,,,,,,,0,0,0,0,0,0,0,0,0,0,0,0,0,0,0,0,0,0,0,0,0,0,0,0,0,0,0,0,0,0,0,0,0,0,0,0,0,0,0,0,0,0,0,631.04706,0,0,0,0,0,0,0,0,647.33215,0,0,0,592.62866,
1834,148.9803380321041,53.863567,,,,,,,,,,,0,615.45245,0,0,0,0,0,0,947.4694,0,684.70154,0,0,0,0,0,0,0,0,0,0,0,0,0,0,0,813.64465,0,763.9954,0,0,0,0,0,0,0,0,0,0,0,0,0,719.9997,0,0,0,0,0,0,0,0,0,0,939.02515,0,0,0,
1340,148.98381053170604,53.459118,,,,,,,,,,,0,661.82904,725.70544,729.6757,770.0817,3365.35,1155.0801,927.6623,981.1769,822.1124,799.33374,0,1876.8062,0,739.1213,809.0765,881.73193,688.21185,0,822.0255,0,845.2455,1118.2867,1116.7555,788.4786,1026.9117,1828.6735,1534.5505,1394.2919,1187.7859,830.8418,1060.4148,832.54395,2126.4968,834.97876,826.4282,1014.6022,859.6865,2836.8726,1623.167,742.8274,1073.0693,815.4704,1122.8771,1034.1364,730.8418,2173.5544,0,1051.355,1144.4204,847.9235,779.38965,1016.9065,1011.5708,865.4047,733.4701,1012.65967,
1991,148.98330731354443,53.961323,,,,,,,,,,,0,617.06995,0,0,798.5675,1027.3658,0,0,0,0,686.89734,0,836.884,0,0,777.3753,766.6901,641.3795,963.8382,722.4665,802.2965,777.29877,0,883.5897,0,832.24713,924.9477,859.28345,0,656.7934,756.0013,862.87024,0,958.6587,0,0,0,774.1481,0,804.26935,0,0,0,0,794.5414,0,977.9703,804.1497,809.71234,890.1948,0,793.9745,0,0,0,697.70184,925.34784,
1603,148.98598856946631,53.657,,,,,,,,,,,0,0,0,0,0,0,0,0,0,0,0,0,0,0,735.89215,0,710.75745,0,0,0,0,0,0,0,0,0,835.7947,0,0,0,0,0,0,0,641.5175,0,0,0,0,0,0,0,708.7931,0,0,0,0,0,0,0,0,0,0,0,0,0,0,
1732,148.98632363602545,53.74417,,,,,,,,,,,0,0,0,502.97418,0,0,0,0,0,0,0,0,0,778.3351,0,751.67377,0,587.6038,0,0,0,0,0,0,682.643,0,0,0,0,0,0,0,0,0,0,0,0,0,0,0,0,0,0,0,0,0,855.1608,0,0,0,0,0,0,0,0,0,0,
1006,148.9897987690784,53.117146,,,,,,,,,,,0,0,0,0,0,1089.1385,0,0,0,0,0,0,0,0,0,0,0,0,1044.1245,0,0,0,868.1154,0,0,0,0,0,0,0,763.5593,0,0,0,0,0,0,0,854.0925,0,0,0,0,0,0,0,0,0,0,787.88983,0,0,917.29816,0,0,0,0,
892,148.99458042038893,53.003178,,,,,,,,,,,934.60443,670.6688,567.57996,0,0,910.83,0,0,0,900.42365,0,0,617.2445,0,851.53253,0,0,630.69666,0,646.30566,789.60803,858.4299,952.0412,0,0,0,0,0,0,650.0265,0,0,0,0,730.0556,0,0,0,869.796,0,564.3112,0,800.40076,0,771.8676,718.6728,0,0,0,0,809.41907,901.8418,0,0,912.62665,0,0,
666,148.99926279408987,52.80875,,,,,,,,,,,0,0,0,0,0,0,0,0,0,830.71265,0,0,0,0,0,0,0,0,0,0,0,0,0,0,0,733.25793,0,0,0,0,0,0,0,0,0,0,0,0,0,0,0,0,0,0,0,719.79895,0,0,0,0,0,0,0,821.3547,0,0,0,
1215,149.00020525846716,53.341663,,,,,,,,,,,0,0,0,0,0,0,0,772.68713,0,0,0,0,0,0,0,0,0,0,0,0,0,0,0,0,0,0,0,0,0,0,755.94836,0,0,0,0,0,0,0,0,0,0,0,0,0,0,0,0,0,0,0,0,737.58844,0,0,0,0,0,
493,149.00517212250915,52.396667,,,,,,,,,,,0,0,0,0,0,0,0,0,1014.6348,0,0,0,0,0,0,0,0,0,0,0,0,0,0,0,0,0,0,0,0,0,0,0,0,0,0,0,0,0,0,0,0,0,0,0,0,0,0,0,927.52563,0,0,0,0,995.7852,0,0,0,
764,149.01072901792347,52.91066,,,,,,,,,,,0,0,611.47205,679.5564,0,0,0,0,0,0,724.101,0,0,0,0,0,1069.7859,0,0,0,0,0,884.7211,0,0,0,0,0,0,621.4175,0,0,1068.3475,0,0,1021.796,1087.9951,1000.2285,0,0,805.09973,1107.8013,0,1148.7218,830.44,0,0,0,0,0,0,0,0,0,0,0,1245.6267,
1318,149.97524389794367,53.435997,,,,,,,,,,,0,0,0,0,0,1120.2347,0,0,0,0,0,0,614.0082,0,0,0,0,0,1074.8882,0,0,0,463.99966,0,0,0,0,521.1118,0,451.14383,0,0,0,674.05133,0,0,0,0,836.02026,0,0,0,0,0,0,0,707.6453,0,0,428.57306,0,0,0,0,0,0,0,
396,150.00405707837692,52.052654,,,,,,,,,,,0,0,1662.3577,0,0,572.25696,0,1230.2615,600.44165,0,1962.985,0,841.7692,0,517.96533,0,567.3282,0,594.2962,1071.6381,0,0,648.7898,917.17914,1143.867,1296.1036,0,764.9889,0,612.4371,0,783.61096,1447.595,1223.0323,0,570.6921,700.08105,559.51227,541.9222,0,0,751.6927,504.08893,757.7401,2236.205,0,1251.4011,1296.6519,602.53906,854.61523,503.70187,0,1425.4724,576.2795,0,900.647,1574.795,
397,151.0013898200105,52.05347,,,,,,,,,,,473.89407,0,6736.6826,1464.9124,826.5953,1702.7192,1663.0546,4484.8955,1838.7653,871.42694,7654.331,0,3185.6047,1401.0101,1530.2991,1184.4668,1714.3711,1086.0879,1818.6322,4116.9897,787.73553,855.09216,1830.8837,3070.846,4203.134,4816.072,743.0451,2357.254,731.1955,1765.0209,1283.2256,2791.1526,5387.941,4442.8096,1483.7434,1781.3481,2211.1868,1594.9075,1767.7731,649.916,1308.2073,2200.0562,1500.1438,2337.4302,8762.059,581.085,4421.5366,4797.5156,1790.5833,2942.967,1473.2667,568.6813,5313.5635,1786.167,863.86957,3316.3655,5727.633,
810,151.02729557061622,52.915,,,,,,,,,,,0,0,0,0,0,0,0,0,0,0,0,0,0,0,0,0,0,0,0,0,0,0,0,0,0,0,0,0,0,0,0,0,419.85355,0,0,0,0,0,0,0,0,409.8045,0,456.44983,0,0,0,0,0,0,0,0,508.37823,0,0,0,468.4773,
394,152.00543918463023,52.052208,,,,,,,,,,,0,0,1415.6838,0,0,0,0,989.15625,0,0,1652.4465,0,674.9804,0,0,0,0,0,0,882.20074,0,0,504.7594,665.7032,908.38837,1034.2174,0,611.11475,0,0,0,675.3308,1247.5437,975.31415,0,0,563.8836,0,481.88492,0,0,574.1429,0,553.45605,1909.0298,0,1030.607,1038.4792,512.25433,712.5662,0,0,1155.8882,0,0,734.3877,1232.0929,
316,153.00901647918502,51.275,,,,,,,,,,,0,0,0,0,0,0,0,0,0,0,0,0,0,0,487.76953,0,0,0,0,0,462.46158,0,0,0,0,0,0,0,0,0,0,0,0,0,0,0,0,0,0,0,0,0,531.6695,0,0,0,0,0,0,0,0,0,0,0,454.74927,0,0,
137,153.00960756401133,50.37875,,,,,,,,,,,0,0,0,0,0,0,0,0,0,0,0,0,0,0,505.6332,0,0,0,0,0,457.55215,0,0,0,0,0,0,0,0,0,0,0,0,0,0,0,0,0,0,0,0,0,512.94476,0,0,0,0,0,0,0,0,0,0,0,496.67145,0,0,
473,155.04617942277392,52.395,,,,,,,,,,,0,0,0,0,0,0,0,0,0,0,0,0,0,638.83325,0,589.8493,0,0,0,0,0,0,0,0,0,0,0,0,0,0,581.47534,0,0,0,0,0,0,0,0,0,0,0,0,0,0,0,0,0,0,0,0,0,0,0,0,0,0,
301,155.06964774876238,51.247997,,,,,,,,,,,0,0,0,0,0,0,0,0,0,0,0,0,0,949.43805,0,947.96173,0,0,0,0,0,0,0,0,0,0,0,0,0,0,861.4586,0,0,0,0,0,0,0,0,0,0,0,0,0,0,0,0,0,0,426.66623,0,0,0,0,0,0,407.55084,
54,155.07023992131906,50.03375,,,,,,,,,,,0,0,0,0,0,0,0,0,0,0,0,0,0,1292.9281,0,1313.3273,0,0,0,0,0,0,0,499.09055,0,0,0,0,0,0,1167.4368,0,503.80875,0,0,0,0,0,0,0,0,0,0,486.6937,0,0,0,0,0,536.6237,0,0,0,0,0,0,434.82837,
1533,155.97857666300777,53.575592,,,,,,,,,,,0,647.75745,514.7368,0,714.7669,0,668.37103,683.10034,0,0,0,0,0,0,667.221,719.13275,0,0,623.90845,525.9925,717.45605,0,643.1533,0,0,0,703.16736,653.9889,0,0,0,0,616.65643,731.25006,620.286,0,0,0,0,0,0,668.2449,656.04443,694.9886,715.5901,0,0,0,654.86664,674.7597,0,0,672.3743,773.16016,0,0,699.3491,
1937,155.9809929907829,53.95811,,,,,,,,,,,0,665.1533,0,0,720.05164,586.6061,704.9614,690.57275,827.2815,710.5253,637.5789,0,0,727.2213,725.9183,0,0,614.5721,0,0,0,739.286,718.2145,668.4819,677.4933,0,734.56323,714.37756,0,546.5374,678.0441,728.9647,632.61523,0,605.7604,750.647,678.58124,763.117,776.55054,793.22296,0,698.2069,0,0,671.9549,635.62146,744.3498,724.66425,655.4358,693.33344,545.37335,635.06244,729.43445,765.609,0,675.68616,711.44556,
1624,155.9837442877846,53.68643,,,,,,,,,,,657.0971,648.05914,0,0,0,0,666.643,695.3547,0,652.02484,0,0,0,0,699.17523,0,0,0,0,525.36774,0,662.90784,0,0,616.1399,0,0,0,0,0,653.6999,0,609.52106,687.2435,604.8768,699.4622,0,721.1582,0,0,0,0,668.3387,669.02515,0,0,0,0,0,0,530.19025,614.6201,0,0,690.46454,638.79047,0,
1339,155.98447840371801,53.443214,,,,,,,,,,,0,0,0,0,0,0,0,0,0,0,0,0,0,0,741.6329,0,0,0,630.69763,0,0,0,0,0,638.5417,0,0,635.5031,0,0,0,0,0,700.3583,0,0,0,0,0,705.4498,0,0,0,0,714.849,0,694.0451,736.7486,0,0,557.832,0,668.93884,728.1507,0,645.31805,720.32465,
1208,155.9846248607428,53.33818,,,,,,,,,,,676.1536,0,0,0,0,0,0,662.1157,709.7826,0,0,0,0,0,0,0,706.37396,0,662.9398,0,705.8408,0,0,0,0,0,0,0,0,0,0,0,0,0,601.8764,0,0,0,0,0,0,0,643.7558,697.0157,0,0,0,0,0,0,0,0,0,0,743.33936,0,732.187,
1757,155.98494627274533,53.776573,,,,,,,,,,,0,634.8457,0,0,689.9961,634.26416,0,0,0,0,0,0,0,0,0,0,0,0,0,517.9222,0,0,0,0,0,603.6008,0,0,0,511.74435,0,677.89343,0,0,591.204,707.3694,665.2109,0,0,700.1618,0,659.9438,0,0,0,0,0,0,0,681.2344,561.89636,0,650.99805,737.5332,677.61456,683.88495,707.9441,
1831,155.98520574022675,53.861767,,,,,,,,,,,647.9781,0,504.20038,0,0,0,0,0,0,0,623.63385,0,0,756.5603,681.93396,703.75745,0,0,638.5414,0,0,0,643.9624,723.90125,0,0,682.06866,664.71234,694.69464,0,0,0,638.3972,0,0,0,0,0,755.9853,0,0,637.0043,653.12946,0,0,0,0,725.3387,0,0,0,0,0,0,0,0,0,
1466,155.98525041124597,53.51682,,,,,,,,,,,658.2249,0,0,0,0,0,0,0,0,0,603.24713,0,0,697.43805,0,0,0,610.74207,0,0,0,0,0,0,0,600.8238,0,0,0,0,0,700.7434,0,0,0,0,0,0,0,722.5417,0,677.0049,0,0,0,595.96014,0,0,0,0,0,646.22687,0,0,724.6502,0,0,
1104,155.98603676014682,53.188572,,,,,,,,,,,636.5338,645.5449,0,0,0,567.70123,0,0,0,636.42725,0,0,0,0,0,0,710.101,0,0,0,0,0,0,0,0,0,0,0,0,0,0,0,0,0,0,0,0,0,708.79407,0,0,0,0,0,0,0,0,0,0,0,0,0,686.55505,0,0,0,0,
1391,156.97587812712217,53.48117,,,,,,,,,,,0,0,0,0,0,0,0,428.91174,0,0,0,0,0,0,0,0,405.75482,0,0,0,0,0,490.21054,0,0,0,537.6025,512.24615,501.11246,0,0,0,487.89505,445.1484,0,423.4923,458.70874,0,0,512.9317,0,443.321,0,454.9866,0,0,450.5662,531.76105,0,0,0,0,576.93823,0,0,0,591.06146,
604,156.98010176144672,52.645,,,,,,,,,,,0,0,0,0,0,0,0,0,411.4848,0,0,0,0,0,0,0,0,0,0,0,0,0,0,0,0,0,0,0,0,0,0,0,0,0,0,0,0,0,0,0,0,0,0,0,0,0,415.6015,0,0,0,0,0,0,427.01306,0,0,0,
1534,156.98102669881357,53.57667,,,,,,,,,,,0,0,0,0,0,0,0,0,0,0,0,0,0,0,0,0,0,0,0,0,0,0,406.63583,0,0,0,0,0,0,0,0,0,0,431.64694,0,0,0,0,0,0,0,0,0,0,0,0,443.8967,0,0,0,0,0,0,0,0,0,0,
1891,156.9852353579478,53.885,,,,,,,,,,,0,0,0,0,0,0,0,0,509.7859,0,0,0,0,0,0,0,0,0,0,0,0,0,0,0,0,0,0,0,0,0,0,0,0,0,0,0,0,0,0,0,0,0,0,0,0,0,0,0,443.06866,0,0,0,0,484.77017,0,0,0,
362,156.99096274805126,51.70167,,,,,,,,,,,0,0,0,0,0,0,0,0,0,0,0,0,0,0,0,0,0,0,0,0,0,0,0,0,0,0,0,0,406.65088,0,0,0,0,451.2393,0,0,0,0,0,419.84702,0,0,0,0,0,0,0,0,0,0,0,0,0,0,0,0,0,
698,156.99156674188455,52.82416,,,,,,,,,,,0,0,0,0,556.3491,0,609.64435,544.1654,426.43872,0,0,0,0,0,0,0,438.12717,0,0,0,423.32755,0,484.16083,0,511.7267,0,512.947,535.31384,608.73816,0,0,0,468.60214,821.2632,0,480.22754,456.68192,400.55017,0,659.2818,0,477.03336,0,458.81628,0,0,610.4802,589.7156,0,0,0,0,509.17816,0,0,576.4616,565.8264,
804,156.99505571408585,52.9145,,,,,,,,,,,0,0,0,0,0,0,0,0,0,0,0,0,0,0,0,0,581.60315,0,0,0,0,0,0,0,0,0,0,413.17197,0,0,0,0,662.6051,0,0,602.9124,636.8336,576.97485,0,0,0,603.73944,0,642.0154,0,0,0,0,0,0,0,0,694.3939,0,0,0,708.7496,
454,157.01237504397974,52.391666,,,,,,,,,,,0,0,0,0,0,0,0,0,582.9886,0,0,0,0,0,0,0,0,0,0,0,0,0,0,0,0,0,0,0,0,0,0,0,0,0,0,0,0,0,0,0,0,0,0,0,0,0,0,0,517.86237,0,0,0,0,575.493,0,0,0,
172,157.03980177832685,50.485783,,,,,,,,,,,0,0,0,0,0,0,1076.2213,711.1056,463.08957,0,0,0,0,0,0,0,506.23895,0,0,0,0,0,0,0,602.7973,0,522.0232,583.474,677.7143,0,0,0,639.8895,979.0454,0,491.90323,479.62897,0,0,682.1837,0,0,0,428.81857,0,0,820.6172,507.4871,0,0,0,0,712.3488,0,0,819.4894,825.22296,
1396,158.00012339613284,53.4825,,,,,,,,,,,0,0,0,0,0,0,0,0,0,0,0,0,0,0,0,0,0,0,0,0,0,0,0,0,0,0,0,0,0,0,0,0,435.89178,0,0,0,0,0,0,0,0,0,0,407.24878,0,0,0,0,0,0,0,0,443.6028,0,0,0,506.42203,
825,158.01929912554547,52.916668,,,,,,,,,,,0,0,0,0,0,0,0,0,0,0,0,0,0,0,0,0,615.9058,0,0,0,0,0,0,0,0,0,0,0,0,0,0,0,615.74634,0,0,544.85223,577.0085,523.6652,0,0,0,556.884,0,606.81464,0,0,0,0,0,0,0,0,585.3851,0,0,0,614.29095,
1401,159.01292852038932,53.483322,,,,,,,,,,,0,0,600.1808,0,0,519.1314,512.29584,0,0,0,707.0641,0,0,0,0,0,0,0,726.35077,0,0,0,0,0,0,0,727.12225,639.22656,758.3083,0,0,0,793.45276,614.9732,0,417.92285,463.63486,0,581.88654,722.46027,0,543.2455,502.57043,499.52075,821.01306,0,565.2785,0,0,0,0,0,892.21704,0,0,0,932.97284,
796,159.0268240062482,52.91393,,,,,,,,,,,0,0,0,596.97974,0,408.9003,0,0,0,0,442.98203,0,0,0,0,0,923.17883,0,0,0,0,0,0,0,0,0,0,0,0,0,0,0,1015.67505,0,0,914.5195,999.66296,757.2396,0,0,561.1697,894.4024,0,1085.0824,440.99966,0,0,0,0,0,0,0,1068.1504,0,0,0,1083.811,
823,160.03483937273273,52.91611,,,,,,,,,,,0,0,0,0,0,0,0,0,0,0,0,0,0,0,0,0,615.6613,0,0,0,0,0,0,0,0,0,0,0,0,0,0,0,636.0402,0,0,606.68225,601.8725,513.0703,0,0,0,590.38934,0,704.8836,0,0,0,0,0,0,0,0,661.3187,0,0,0,677.52765,
1087,160.97089866501224,53.172005,,,,,,,,,,,0,0,0,0,0,0,0,0,455.06668,0,0,0,0,0,0,0,0,0,0,0,0,0,0,0,0,0,0,0,0,0,0,0,0,407.61588,0,0,0,0,0,0,0,401.1674,0,0,0,0,0,0,0,0,0,0,417.94214,449.1994,0,0,0,
447,160.97453036701722,52.37893,,,,,,,,,,,0,0,0,0,0,913.23376,0,0,478.4861,0,0,0,0,0,0,0,0,0,875.90845,0,0,0,0,787.3348,0,0,574.2592,492.55673,489.66034,0,0,717.97516,0,0,0,0,0,0,760.72473,486.35535,0,0,0,0,0,0,459.43347,402.30893,0,800.9585,0,0,0,489.22784,0,0,0,
1020,160.9747166464761,53.120003,,,,,,,,,,,0,0,0,0,0,1058.0526,0,0,0,0,0,0,0,0,0,0,0,0,1035.356,0,0,0,418.91534,0,0,0,0,0,0,0,0,0,0,0,0,0,0,0,543.7074,0,0,0,0,0,0,0,0,0,0,458.6453,0,0,0,0,0,0,0,
1363,160.97790856407738,53.465683,,,,,,,,,,,0,0,484.89178,0,0,1305.2612,0,0,428.78195,0,589.09314,0,747.3952,0,0,0,491.4884,0,1494.1082,0,0,0,545.21704,479.99118,0,0,815.6917,686.2363,741.6996,0,0,479.0487,588.02057,958.0765,0,501.9052,529.69727,455.30728,1110.3014,756.2713,0,540.17847,0,563.06604,645.28345,0,947.37396,0,0,482.17358,0,0,632.2435,471.63223,534.97906,0,711.4691,
929,160.97813404702006,53.016666,,,,,,,,,,,0,0,0,0,0,0,0,0,0,0,0,0,0,0,0,0,0,0,0,0,0,0,420.10526,0,0,0,0,0,0,0,0,0,0,0,0,0,0,0,0,0,0,0,0,0,0,0,0,0,0,0,0,0,0,0,417.68552,0,403.2687,
565,160.9855837246272,52.64,,,,,,,,,,,0,0,0,0,0,0,0,0,451.25696,0,0,0,0,0,0,0,0,0,0,0,0,0,417.93463,0,0,0,423.1824,0,415.8346,0,0,0,0,495.14972,0,0,0,0,0,436.25824,0,0,0,0,0,0,459.58157,403.2625,0,418.69925,0,0,0,432.84537,419.24942,0,0,
767,160.9981130787673,52.910805,,,,,,,,,,,0,0,426.14612,631.2792,0,509.8944,0,0,0,0,512.42303,0,0,0,0,0,1026.7686,0,493.41486,0,459.1628,0,425.07193,439.3874,0,0,443.1324,413.85748,0,0,0,0,1052.1141,0,0,907.9846,1121.9788,850.74567,483.26447,0,647.8604,958.2449,0,1160.0647,538.50934,0,412.3622,0,0,477.8627,0,0,1124.6472,0,487.09937,0,1130.2098,
432,161.97272570998084,52.368332,,,,,,,,,,,0,0,0,0,0,904.4946,0,0,0,0,0,0,0,0,0,0,0,0,854.7068,0,0,0,0,673.6921,0,0,0,0,0,0,0,582.797,0,0,0,0,0,0,686.6921,0,0,0,0,0,0,0,0,0,0,757.45404,0,0,0,0,0,0,0,
1612,162.91363842610187,53.668335,,,,,,,,,,,0,0,0,408.27853,0,0,0,0,0,0,0,0,0,665.5754,0,0,0,0,0,0,0,0,0,0,0,0,701.45605,0,0,0,0,0,0,0,0,0,0,0,0,0,0,0,0,0,0,0,0,0,0,0,0,0,0,0,0,0,0,
1876,162.91438426197877,53.879543,,,,,,,,,,,0,562.87805,0,0,0,0,0,0,734.1314,0,0,0,0,0,0,0,0,517.7522,0,0,0,0,699.4884,671.4064,614.748,0,0,0,0,0,655.7859,0,0,0,0,675.91956,0,682.6489,0,0,0,0,0,0,0,0,0,661.1713,0,0,0,0,0,0,0,599.5914,0,
1793,162.91767073784644,53.81071,,,,,,,,,,,0,0,0,0,674.21704,0,0,0,0,0,0,0,0,0,0,664.67377,687.88855,0,0,0,0,0,0,0,0,0,0,0,0,518.02026,0,669.8879,622.6312,0,0,0,0,0,0,0,0,0,0,0,0,567.2867,0,0,0,0,0,0,0,0,0,0,0,
1730,162.9199844152068,53.742134,,,,,,,,,,,0,0,0,427.23636,0,0,0,0,680.68945,0,0,0,0,654.353,0,0,0,521.8768,697.1625,0,0,0,0,0,0,0,0,0,669.9987,0,629.98627,0,0,0,0,0,0,0,700.2246,0,463.73227,0,0,0,0,0,0,667.5629,703.7483,676.7823,0,0,0,706.1981,714.6476,0,0,
1233,162.92287384411878,53.35,,,,,,,,,,,665.5678,0,0,0,0,0,0,0,0,0,591.34393,0,0,0,667.9363,0,0,0,0,0,0,646.61426,738.90063,0,593.4475,0,0,0,0,0,0,0,0,0,0,0,0,0,0,660.9856,0,0,0,0,0,0,0,0,0,0,0,0,0,0,725.7231,0,0,
2001,162.92355994792968,53.961674,,,,,,,,,,,0,0,0,0,0,0,0,679.73846,0,0,0,0,0,0,720.6891,0,0,546.74896,0,0,0,0,0,703.831,619.21216,0,0,691.0853,680.30664,504.94083,0,704.8957,0,0,575.38477,676.5718,0,0,0,710.95557,0,0,0,0,686.3619,0,0,0,0,0,0,0,0,726.78094,0,0,748.18207,
1528,162.92810461068902,53.572998,,,,,,,,,,,0,0,0,0,0,0,0,0,0,0,567.6682,0,0,657.4299,0,0,0,547.71954,0,0,0,0,0,0,0,0,0,0,0,0,0,0,0,0,0,0,0,0,0,0,0,0,616.168,0,0,0,709.32007,0,0,0,0,0,0,0,0,0,0,
1408,162.9320517100662,53.484127,,,,,,,,,,,670.1386,575.29486,0,426.93854,731.33636,0,705.8536,702.84375,0,689.5688,605.01996,0,0,715.3109,772.53906,707.2563,684.75415,572.7823,0,0,0,683.30566,0,711.02454,622.1422,658.36383,844.2092,709.73816,807.87384,562.5103,0,706.7931,710.8722,848.41516,620.83167,688.13434,752.05853,692.62897,840.22327,768.0788,465.2671,729.7372,0,811.8307,794.30664,603.14056,714.8911,866.4289,659.4969,675.4874,593.951,668.51324,740.5348,693.1697,753.9706,649.8876,790.8836,
971,162.93661479792007,53.107002,,,,,,,,,,,0,0,0,0,0,664.8261,637.26154,647.5796,0,0,0,0,0,0,0,0,0,0,0,0,0,0,0,0,0,0,0,0,0,0,0,0,0,0,0,0,0,0,0,0,0,0,0,0,0,0,0,0,0,656.45306,0,0,696.50934,0,0,0,0,
909,162.9588993720457,53.005417,,,,,,,,,,,0,548.37463,0,0,672.7692,697.27655,0,0,0,670.86725,0,0,0,0,687.3962,0,0,0,0,0,0,0,760.21906,0,0,0,0,685.1317,0,0,0,0,0,0,0,0,0,0,0,0,0,0,0,0,0,614.3076,0,0,643.94867,0,553.78754,617.9023,0,0,745.6012,0,0,
833,162.96001742213025,52.917664,,,,,,,,,,,650.815,554.34454,0,712.21246,662.8843,670.0085,0,0,0,669.66034,676.89246,0,0,661.58417,0,702.5603,1148.5264,0,682.8483,0,707.50604,637.32886,711.1092,0,0,0,0,0,0,500.2043,632.8019,0,1141.4489,0,556.3743,1177.3328,1283.894,1051.0098,706.3187,0,717.6162,1139.5447,0,1307.5911,816.63385,567.91534,0,0,0,0,581.6054,669.7228,1311.3027,0,709.5449,0,1411.4783,
400,163.97817273078567,52.054996,,,,,,,,,,,0,0,0,0,0,0,0,406.14548,0,0,565.2452,0,0,0,0,0,0,0,0,0,0,0,0,0,0,0,0,0,0,0,0,0,0,0,0,0,0,0,0,0,0,0,0,0,586.53906,0,0,0,0,0,0,0,0,0,0,0,0,
885,164.00534268028343,53.002094,,,,,,,,,,,3989.3154,3030.9202,1334.0105,874.4145,2831.9775,3142.0862,906.3874,1395.6332,0,3133.9163,1423.7397,0,984.1693,1120.6149,3939.6064,1002.68976,1061.5903,2795.4072,3119.673,1082.9075,3359.249,2948.658,3204.0723,828.1677,1222.2603,1239.1599,896.5538,1144.0645,815.3348,942.0075,1013.91174,817.9333,0,1468.513,2517.2827,1089.9781,1195.5864,936.14154,3045.6907,845.90424,829.6806,1195.4479,3738.8196,1306.3318,1540.2092,3009.4126,1336.7103,1128.1465,0,860.94604,2605.6877,4022.2534,0,0,3918.7832,1096.323,0,
1886,164.95576819864166,53.881664,,,,,,,,,,,0,0,0,0,0,0,0,0,0,0,0,0,0,0,0,0,686.08044,0,0,0,0,0,0,0,581.30176,0,0,0,0,0,0,0,0,0,0,0,0,0,0,0,0,0,0,0,0,0,0,655.36975,0,0,0,0,0,0,0,0,0,
1173,164.96654152444088,53.293747,,,,,,,,,,,0,0,459.69467,0,0,0,0,0,643.5943,0,0,0,0,0,0,0,0,0,0,0,0,0,0,0,0,0,0,0,0,0,0,0,0,0,0,0,0,0,0,0,0,0,0,0,0,0,0,0,604.09186,0,0,0,0,636.4544,0,0,0,
1797,164.9670044974978,53.819645,,,,,,,,,,,0,580.36676,0,419.86664,0,574.9843,0,0,651.932,0,558.05786,0,0,0,0,0,0,593.41156,0,0,0,0,0,0,0,0,723.9614,0,748.8722,0,0,0,0,711.93396,0,0,0,671.53577,709.169,0,0,0,0,0,0,0,0,0,608.76825,0,528.5479,0,0,0,0,0,658.3632,
1980,164.96730905909797,53.96092,,,,,,,,,,,0,0,477.66492,430.4907,0,622.6169,0,0,667.92255,0,0,0,580.75745,0,0,0,0,0,704.37134,0,721.7257,0,0,634.01666,0,617.35504,762.01013,664.09186,763.2439,532.9856,0,692.7669,0,779.53613,0,0,0,691.37854,708.33936,724.4881,438.9964,634.40533,0,686.1288,0,0,744.26056,0,0,753.9317,0,0,629.2769,643.87775,0,598.08203,707.61096,
1629,164.9677608971454,53.713333,,,,,,,,,,,0,0,0,0,0,0,0,0,0,0,0,0,0,629.3148,0,0,703.15497,0,0,0,0,0,649.96173,0,0,578.07745,698.33246,0,712.6309,0,0,0,589.11835,0,0,0,715.0647,0,0,0,0,614.3083,0,0,748.93365,0,0,0,0,0,0,0,0,656.99445,0,591.44037,0,
1500,164.9685654450704,53.54531,,,,,,,,,,,666.35925,0,0,423.2429,0,0,0,0,696.58386,638.95917,0,0,0,655.0278,700.0075,671.6368,0,579.00586,0,491.4969,757.86304,0,0,0,592.7293,627.9918,0,0,699.3037,0,0,0,0,0,606.17426,0,0,0,0,0,0,0,651.7561,0,0,567.5907,0,0,0,0,0,0,0,0,0,0,0,
1575,164.97140320053268,53.62625,,,,,,,,,,,0,0,0,434.36057,0,0,0,0,0,0,0,0,0,0,0,0,0,0,0,0,0,0,0,0,0,0,0,596.0762,0,0,0,0,0,0,0,0,0,678.95715,0,0,0,0,0,0,0,0,0,0,0,0,520.8977,0,0,0,0,0,0,
1085,164.9764383068545,53.17,,,,,,,,,,,0,696.0906,0,0,770.879,0,0,0,0,0,614.42664,0,0,0,942.59204,665.493,700.0781,813.86304,0,0,0,0,0,0,0,0,0,0,0,0,0,650.5162,0,0,0,718.03986,0,0,789.8947,0,0,0,775.4171,0,710.30664,0,0,0,0,0,0,0,0,0,793.22815,0,0,
1356,164.97736656349127,53.465,,,,,,,,,,,0,0,0,0,0,0,0,626.6221,0,0,0,0,0,0,0,0,0,0,0,0,0,0,655.8663,0,0,0,0,0,0,0,0,0,0,0,0,679.01245,0,0,0,0,0,0,0,0,0,0,0,681.6505,0,0,0,0,0,0,0,0,0,
1011,164.97946869486236,53.118824,,,,,,,,,,,753.2903,0,463.88623,0,0,651.8836,0,0,0,641.42334,0,0,0,0,747.8519,0,0,606.46814,717.41156,525.7509,833.815,0,655.47174,0,0,0,0,0,0,0,0,0,0,0,0,0,671.02484,0,738.6456,0,447.43445,603.50604,0,0,0,583.746,0,0,0,0,0,707.2972,0,0,0,590.94147,0,
774,164.99610156493907,52.912,,,,,,,,,,,0,0,0,0,0,0,0,0,0,0,0,0,0,0,0,0,0,0,0,0,0,0,0,0,0,0,0,0,0,0,0,0,678.2929,0,0,0,660.967,0,0,0,0,0,0,666.93884,0,0,0,0,0,0,0,0,647.94867,0,0,0,702.17096,
882,164.9968022168002,53.001606,,,,,,,,,,,9276.6875,7383.316,3063.9092,1928.474,6906.7236,7216.876,2210.238,3469.8503,694.8071,7386.991,3390.1624,0,2333.469,2578.9,9391.294,2543.5789,2822.0002,6772.6436,7345.386,2447.621,8259.475,7100.5815,7288.9663,2020.8163,2968.21,2782.354,1961.8938,2719.5972,1942.7051,2243.544,2436.7126,1930.2523,964.5989,3431.1768,6061.597,2740.201,3036.38,2315.4795,7564.6235,2065.7822,1905.695,2797.3608,9151.991,3089.7493,3893.3005,7282.639,3310.8726,2809.073,669.97516,2070.2297,6107.0654,9387.119,1018.1919,741.45636,9522.302,2811.3086,1033.168,
886,165.9963311457515,53.002224,,,,,,,,,,,1310.2328,1092.6895,0,0,1045.9454,1095.9088,0,538.9444,0,1058.6711,581.34393,0,0,0,1301.699,0,486.12225,931.135,1068.9546,0,1185.9153,988.304,1049.172,0,516.5479,0,0,0,0,0,0,0,0,595.83984,931.65546,0,497.4459,0,1019.41907,0,0,522.95557,1259.444,0,625.1576,995.50146,547.45966,0,0,0,952.8679,1295.3589,0,0,1355.4243,0,0,
494,169.02734926986363,52.396667,,,,,,,,,,,0,0,0,0,0,0,0,0,0,0,0,0,0,459.29617,0,438.61523,0,0,0,0,0,0,0,0,0,0,0,0,0,0,422.74405,0,0,0,0,0,0,0,0,0,0,0,0,0,0,0,0,0,0,0,0,0,0,0,0,0,0,
291,169.06239661074258,51.24667,,,,,,,,,,,0,0,0,0,0,0,0,0,0,0,0,0,0,662.02094,0,690.18304,0,0,0,0,0,0,0,0,0,0,0,0,0,0,665.5708,0,0,0,0,0,0,0,0,0,0,0,0,0,0,0,0,0,0,0,0,0,0,0,0,0,0,
53,169.07926572650686,50.033337,,,,,,,,,,,0,0,0,0,0,0,0,0,0,0,0,0,0,910.30334,0,971.9699,0,0,0,0,0,0,0,0,0,0,0,0,0,0,829.78424,0,0,0,0,0,0,0,0,0,0,0,0,0,0,0,0,0,0,0,0,0,0,0,0,0,0,
837,171.0118481487725,52.91917,,,,,,,,,,,0,0,0,0,0,0,0,0,0,0,0,0,0,0,0,0,496.254,0,0,0,0,0,0,0,0,0,0,0,0,0,0,0,538.7068,0,0,0,0,0,0,0,0,549.6953,0,536.7921,0,0,0,0,0,0,0,0,568.019,0,0,0,607.65546,
187,171.03157254460564,50.487003,,,,,,,,,,,0,0,0,0,0,0,538.97845,0,0,0,0,0,0,0,0,0,0,0,0,0,0,0,0,0,0,0,0,0,0,0,0,0,404.44525,573.4171,0,0,0,0,0,0,0,0,0,0,0,0,0,0,0,0,0,0,0,0,0,453.31384,496.1726,
434,172.98707858726527,52.369995,,,,,,,,,,,0,0,0,0,0,616.2638,0,0,0,0,0,0,0,0,0,0,0,0,644.22424,0,0,0,0,554.25104,0,0,0,0,0,0,0,457.71396,0,0,0,0,0,0,583.3779,0,0,0,0,0,0,0,0,0,0,577.984,0,0,0,0,0,0,0,
811,173.0106396387521,52.915,,,,,,,,,,,0,0,0,0,0,0,0,0,0,0,0,0,0,0,0,0,562.10394,0,0,0,0,0,0,0,0,0,0,0,0,0,0,0,603.96796,0,0,539.1095,591.4099,0,0,0,0,570.8068,0,648.4593,0,0,0,0,0,0,0,0,640.28015,0,0,0,693.5897,
1994,176.91899782691948,53.961475,,,,,,,,,,,0,876.60706,0,605.4397,976.28046,815.13043,943.6793,945.6652,0,0,0,534.60675,691.1932,0,0,986.54034,1050.8153,799.9732,0,719.33997,0,918.0706,986.6587,0,884.7084,854.816,0,0,0,0,884.8271,958.4805,0,0,0,1045.6462,988.48706,1007.21545,0,992.5067,0,0,0,1011.21185,993.21576,773.4459,0,0,0,0,0,927.31024,0,0,0,0,1028.6718,
1501,176.91927816724265,53.547085,,,,,,,,,,,933.4175,0,0,0,0,0,0,0,0,898.49133,0,496.2259,0,958.78394,0,0,0,0,0,0,0,0,0,0,0,0,0,899.3161,964.28864,0,871.6241,0,829.06866,0,0,0,0,0,0,972.27,0,0,0,982.9745,0,0,0,0,0,0,0,0,0,0,959.1236,0,1033.185,
1843,176.9194178596675,53.8695,,,,,,,,,,,0,0,0,0,0,0,0,0,1043.5966,0,815.6685,0,0,0,983.2926,0,0,0,0,713.4289,0,0,0,0,0,0,0,0,0,0,876.40045,0,0,0,805.884,942.99805,0,0,0,0,0,0,0,962.30927,0,757.10754,0,0,0,0,743.94543,0,0,0,0,0,0,
1740,176.9208334436525,53.754417,,,,,,,,,,,928.32855,914.1765,0,569.92676,965.2246,0,0,0,996.4168,0,0,0,0,1032.5034,0,1108.4769,982.898,777.1239,0,0,1001.54364,897.21545,0,0,836.4168,0,0,0,0,0,880.4315,986.2684,899.6221,0,0,973.6358,931.5495,938.19775,1041.7545,0,0,0,0,0,967.7486,0,0,940.40375,951.0602,0,0,0,996.3184,962.88135,0,920.92285,1087.238,
1634,176.92372591099843,53.693752,,,,,,,,,,,0,0,0,570.90717,0,0,868.9546,0,0,0,795.1984,513.6535,0,0,961.85974,0,0,0,0,0,0,0,0,0,0,0,0,0,0,680.77704,0,0,0,0,0,0,0,0,0,937.7888,0,0,0,0,0,0,0,0,0,0,0,860.52075,0,0,0,0,0,
1592,176.92624558630487,53.642498,,,,,,,,,,,0,0,0,0,0,782.0232,0,0,0,0,0,0,0,0,0,0,0,0,0,0,0,0,0,0,0,868.3315,0,0,0,0,0,0,0,0,0,0,0,0,0,0,0,0,0,0,0,0,938.28503,0,0,0,730.1641,0,0,0,0,0,0,
1275,176.9276202186771,53.390003,,,,,,,,,,,0,0,0,0,0,0,0,0,0,0,0,0,0,951.36255,0,0,0,0,0,0,0,0,0,0,0,0,0,897.33673,0,0,882.5901,0,0,0,0,0,0,0,0,0,616.9886,0,0,0,0,764.70184,0,0,0,0,0,0,0,0,0,0,0,
1366,176.92821480584237,53.47158,,,,,,,,,,,0,0,687.52075,0,0,841.99115,929.12195,905.6685,0,0,798.0033,0,680.5636,0,0,0,0,0,0,0,997.62994,904.6061,930.3259,0,0,850.6767,1016.51294,0,0,692.949,0,0,0,1026.1364,0,0,968.15625,0,1091.2704,0,0,0,933.98627,975.58777,0,0,942.7169,0,0,0,0,0,958.64594,0,0,0,0,
894,176.93354666020886,53.00333,,,,,,,,,,,970.50244,855.44293,676.82935,0,971.3344,855.0765,0,0,0,0,0,0,0,0,1058.5387,0,0,758.5253,0,0,1001.9052,907.357,975.356,0,0,871.2226,0,0,0,0,0,0,0,0,0,0,0,0,0,940.0183,0,909.05164,937.7558,0,0,818.29095,0,0,0,0,792.7414,962.38806,0,0,1048.2449,0,0,
982,176.93741543435954,53.111668,,,,,,,,,,,0,0,0,0,0,824.1775,0,0,0,0,0,0,0,0,0,0,0,0,957.2223,0,0,0,0,0,0,0,0,0,0,0,0,0,0,987.91205,0,0,0,0,0,0,0,0,0,0,0,0,0,0,0,0,0,0,0,0,0,0,0,
803,176.95194240858027,52.914444,,,,,,,,,,,0,0,0,597.4031,0,0,0,0,0,0,0,0,0,0,0,0,998.6244,0,0,0,0,0,0,0,0,0,0,0,0,0,0,0,863.5407,0,0,937.47534,977.03925,0,0,0,682.88654,982.20856,0,1001.6842,0,0,0,0,0,0,0,0,1021.4763,0,0,0,0,
1332,177.96425768746977,53.440002,,,,,,,,,,,0,0,0,0,0,554.8428,0,0,0,0,0,0,0,0,0,0,0,0,573.6924,0,0,0,0,0,0,0,0,0,0,0,0,0,0,0,0,0,0,0,551.6917,0,0,0,0,0,0,0,0,0,0,0,0,0,0,0,0,0,0,
787,177.98487050515462,52.913334,,,,,,,,,,,0,0,0,0,0,0,0,0,0,0,0,0,0,0,0,0,554.169,0,0,0,0,0,0,0,0,0,0,0,0,0,0,0,602.33936,0,0,548.644,571.0726,540.3759,0,0,0,560.5672,0,590.0343,0,0,0,0,0,0,0,0,626.51227,0,0,0,644.7604,
305,183.04246304581238,51.248333,,,,,,,,,,,0,0,0,0,0,0,0,0,0,0,0,0,0,525.18896,0,564.75055,0,0,0,0,0,0,0,0,0,0,0,0,0,0,490.69662,0,0,0,0,0,0,0,0,0,0,0,0,0,0,0,0,0,0,0,0,0,0,0,0,0,0,
50,183.07199665944077,50.031666,,,,,,,,,,,0,0,0,0,0,0,0,0,0,0,0,0,0,754.5296,0,841.64465,0,0,0,0,0,0,0,0,0,0,0,0,0,0,640.6456,0,0,0,0,0,0,0,0,0,0,0,0,0,0,0,0,0,0,0,0,0,0,0,0,0,0,
712,185.01121253832216,52.82527,,,,,,,,,,,0,0,0,0,594.5701,0,707.458,565.541,0,0,0,0,0,0,0,0,0,0,0,0,0,0,0,0,507.38345,542.6538,509.77542,491.7143,584.92615,0,0,0,499.39197,817.54333,0,0,448.31055,0,0,684.1736,0,0,0,421.68912,0,0,679.5613,555.7107,0,0,0,0,595.3387,0,536.72015,596.62506,565.76855,
1441,185.01249039505103,53.4925,,,,,,,,,,,0,0,0,0,0,0,0,0,0,0,0,0,0,0,0,0,0,0,0,0,0,0,0,0,0,0,453.46454,0,0,0,0,0,427.9951,0,0,0,0,0,0,0,0,0,0,0,0,0,0,0,0,0,0,0,423.97253,0,0,0,406.7656,
819,185.01331016830386,52.915627,,,,,,,,,,,0,0,0,0,0,0,0,0,0,0,0,0,0,0,0,0,450.39456,0,0,0,0,0,0,0,0,0,0,0,0,0,0,0,599.4701,0,0,482.18567,540.73816,0,0,0,0,560.94116,0,547.0451,0,0,0,0,0,0,0,0,664.2174,0,0,0,532.82184,
167,185.0276278480149,50.485493,,,,,,,,,,,0,0,0,0,0,0,1235.8506,658.2308,0,0,0,0,0,0,0,0,457.1507,0,0,0,0,0,0,0,633.9709,430.62732,575.4426,656.4972,767.0154,0,0,0,626.82477,1099.2258,0,492.626,456.3707,0,515.4551,791.272,0,0,0,456.27396,0,0,854.0644,520.7297,0,0,0,0,895.03107,0,0,948.9052,917.61066,
1836,190.90145161108958,53.866997,,,,,,,,,,,0,2308.817,0,0,2508.796,0,0,0,0,0,0,0,0,2511.6619,0,0,0,0,0,0,0,0,0,0,0,0,0,0,0,0,0,0,0,0,0,0,0,0,2494.2234,0,0,0,0,0,0,0,0,0,2345.114,0,0,0,0,0,0,0,0,
1981,190.90370216269645,53.960987,,,,,,,,,,,2477.672,2349.3347,0,1585.4475,0,0,2492.5547,2476.6882,0,2291.953,0,1511.3616,0,2754.1946,2606.7185,0,0,2314.7234,2510.795,0,2657.9512,2466.6267,2420.33,2593.5522,2346.2063,2310.2559,2555.8938,2256.343,0,1741.7725,2419.514,0,0,2624.991,2264.242,2665.9595,2502.3503,0,2661.7832,2582.4746,1700.4011,0,0,2650.8232,2690.6665,2076.6313,2583.243,2673.221,2385.8804,2366.1687,1945.3511,2164.6267,0,2653.6584,2578.3938,2448.8633,0,
1739,190.90504463269966,53.76909,,,,,,,,,,,0,0,0,0,0,0,0,0,0,0,0,0,1664.1611,0,2516.3723,0,0,0,0,0,0,2429.4106,0,0,2284.7146,0,0,0,0,1710.9333,0,0,0,0,0,2546.0752,0,0,0,2467.5137,0,0,0,0,0,1970.7244,0,0,0,2337.2847,0,0,0,0,2464.1406,2419.8271,0,
1602,190.90698080718195,53.656,,,,,,,,,,,0,0,0,0,0,0,0,0,0,2222.0547,0,0,1657.7839,0,0,2549.2344,0,0,0,0,0,0,0,0,0,0,0,0,0,0,0,0,0,0,0,0,0,0,2524.5132,0,0,0,0,0,0,1989.1317,0,0,0,0,0,0,0,0,0,0,0,
393,190.95405968053004,52.05178,,,,,,,,,,,0,0,2640.196,0,0,0,0,2561.3657,0,0,3022.8604,0,1766.9291,0,0,0,0,0,0,2010.7214,0,0,0,0,2298.302,2576.3674,0,0,0,0,0,0,2593.3652,2647.9373,0,0,0,0,0,0,0,0,0,0,3667.9663,0,2670.6267,2607.7065,0,0,0,0,2634.7031,0,0,0,2931.974,
1187,191.9067974818943,53.315002,,,,,,,,,,,0,0,0,0,0,0,0,0,0,0,0,0,0,0,0,0,0,0,0,0,611.1206,0,0,584.0389,0,0,0,0,0,0,0,0,0,0,0,0,0,0,0,0,0,0,0,0,0,0,0,0,0,0,0,0,0,0,578.1536,0,0,
1437,191.91358982437282,53.49083,,,,,,,,,,,558.2331,0,0,0,0,0,0,0,0,536.5832,0,0,0,0,0,0,0,0,572.57733,0,613.77673,550.29877,0,0,0,0,0,0,585.25006,0,0,0,0,0,0,0,0,0,648.9657,0,0,0,555.41486,0,0,0,593.60675,0,0,586.4858,0,0,0,0,0,546.8356,625.31384,
1531,191.9143976547416,53.57417,,,,,,,,,,,0,0,0,0,613.8987,0,0,0,0,0,0,0,0,586.99347,0,0,0,0,0,0,0,0,0,0,0,530.3099,0,544.1239,0,0,0,0,0,0,0,0,0,0,0,0,0,0,0,0,0,0,578.05396,0,568.0873,0,0,0,0,0,0,0,0,
1722,191.91950789580417,53.73921,,,,,,,,,,,569.4825,0,0,0,619.26514,0,0,570.6015,0,0,0,0,0,584.93494,0,610.85516,0,0,0,0,0,0,562.9879,587.85944,0,0,611.3995,0,606.4358,0,0,604.09906,0,0,0,605.3465,0,596.26184,0,604.71265,0,551.5518,0,580.4103,0,0,0,602.3184,588.7901,0,0,0,539.1383,0,579.5299,0,0,
1593,191.91906663244222,53.642498,,,,,,,,,,,0,0,0,0,0,0,0,0,605.1553,0,0,0,0,0,0,0,0,0,573.65155,0,0,0,545.7061,593.86334,0,0,580.3047,0,0,0,603.136,593.41876,518.8807,607.14746,510.01077,575.57434,578.0386,651.0379,0,0,0,0,0,598.4521,0,0,0,0,0,578.85974,0,0,0,627.5495,0,0,0,
1818,191.91925180452105,53.848053,,,,,,,,,,,0,0,0,0,0,0,567.4822,0,633.526,0,0,0,0,0,0,0,595.0942,0,572.594,0,0,576.5018,559.7192,0,601.6865,0,607.79175,0,0,0,0,0,511.594,599.1569,0,0,576.3423,0,620.50964,0,0,0,0,594.779,594.4822,0,0,0,0,574.322,0,0,541.5698,0,581.29193,554.59595,0,
1990,191.92013063705483,53.96128,,,,,,,,,,,611.6365,0,0,0,625.49756,0,613.3459,557.61,626.63257,582.6018,560.1948,0,0,631.2292,610.73486,630.6257,598.10266,0,0,0,630.90717,569.9964,0,0,571.2811,554.3266,602.5649,551.06964,0,0,561.85516,599.0562,561.8231,606.7888,541.9954,634.4505,599.9402,0,0,643.0863,0,0,570.8261,0,0,0,642.35925,630.4397,0,0,0,0,544.4894,0,603.7447,0,611.13434,
1122,191.92248570539297,53.20125,,,,,,,,,,,0,0,0,0,0,0,0,0,0,0,0,0,0,0,0,0,0,0,0,0,603.50116,561.82837,561.33606,0,0,0,0,0,0,0,0,0,0,0,0,0,0,0,0,593.64594,0,0,0,0,0,0,0,0,0,0,0,0,0,0,0,0,0,
1282,191.92388892444106,53.401108,,,,,,,,,,,0,0,0,0,0,0,0,555.25336,0,554.748,507.0729,0,0,0,0,0,582.5835,0,0,0,0,0,0,0,0,0,0,0,0,0,0,592.7705,0,0,0,0,0,0,0,0,0,0,0,0,611.34064,0,576.02747,0,574.71136,0,0,0,531.05524,0,0,0,0,
426,191.927327112023,52.366432,,,,,,,,,,,0,0,0,0,0,733.98724,0,0,0,0,0,0,0,0,0,0,0,0,767.95557,0,0,0,0,724.94867,0,0,0,545.85,0,0,0,669.7509,0,0,0,0,0,0,712.3158,0,0,0,0,0,0,0,0,0,0,726.459,0,0,0,0,0,0,0,
1588,192.90993081495262,53.63889,,,,,,,,,,,0,972.05884,0,0,1102.1233,0,1060.661,0,0,0,922.55444,0,0,0,0,1151.5155,0,0,0,0,0,0,0,0,0,0,0,0,1105.5691,0,1066.3965,0,0,0,0,0,0,0,0,0,0,1000.372,0,0,0,0,0,1128.4576,0,0,0,0,0,0,0,0,0,
1827,192.9109606827545,53.859505,,,,,,,,,,,0,997.47534,743.7424,0,0,0,0,0,0,0,0,646.33636,0,0,1149.0916,0,0,0,0,0,0,1036.7146,0,0,0,0,0,0,0,803.6404,0,0,0,0,0,1130.676,1090.4904,0,0,0,0,0,0,0,0,0,0,0,0,1077.9758,0,0,0,0,0,1082.4688,0,
1504,192.91312078844823,53.548927,,,,,,,,,,,0,0,0,0,0,0,0,0,0,0,0,635.71265,777.9513,1066.8065,0,0,0,0,0,800.2004,0,1046.1683,0,0,0,0,0,0,0,0,0,1084.8695,0,0,932.6646,0,0,0,0,0,694.06146,0,1016.0801,0,0,0,0,0,0,1055.2188,812.42725,0,1005.5528,0,1104.3838,0,1132.2772,
1972,192.9132175506522,53.960335,,,,,,,,,,,1081.9974,0,747.19617,719.52045,1172.6061,894.1138,1188.7964,1078.0729,1154.2675,0,1012.9297,676.19714,784.3171,0,0,1205.9706,1206.3152,0,1161.9883,818.9745,0,1102.6865,1053.6495,0,1107.5535,0,1108.4495,1071.6842,1146.6744,925.3995,0,1144.0624,1024.8591,1196.5786,987.18304,1174.5924,1148.7865,1202.9673,1257.7087,1151.9749,765.50964,0,0,1135.9474,1145.6875,893.0784,0,1188.8284,0,1057.1311,841.9238,987.03986,1049.961,1193.4648,1184.9235,0,1160.4377,
1216,192.91406469756922,53.341663,,,,,,,,,,,0,0,0,0,0,0,0,0,0,0,0,0,0,1083.2811,0,0,0,0,1066.768,0,0,0,0,0,0,0,1074.1337,0,0,0,0,0,0,0,0,0,0,0,0,0,0,0,0,0,0,0,0,0,0,0,0,0,0,0,0,0,0,
1770,192.91420766595468,53.789227,,,,,,,,,,,1100.6064,0,0,0,0,0,0,0,0,1021.2524,934.6211,644.831,0,0,0,0,1193.5963,976.67993,0,0,0,0,0,0,0,999.5322,1123.5184,0,0,0,0,0,0,0,929.36676,0,0,0,1112.3723,0,723.48285,0,1004.50934,0,0,0,0,0,0,0,825.7561,0,0,0,0,0,0,
1699,192.91507646292663,53.717728,,,,,,,,,,,0,0,747.9065,700.1082,0,883.64465,0,1054.1428,0,0,0,0,0,1122.0157,0,0,1142.7417,0,1050.5583,0,0,0,0,0,0,0,0,1009.26575,1135.7598,0,0,1136.895,968.3658,1124.8091,0,1105.496,1103.5106,0,1134.5704,0,0,0,0,1095.659,1088.3099,0,0,0,1048.7296,0,0,990.71985,0,0,1093.6123,1066.5466,1151.6986,
1579,194.9346947330492,53.62864,,,,,,,,,,,0,0,0,0,0,466.79764,533.2697,0,0,0,0,0,0,552.2589,0,573.30273,0,0,0,0,0,0,594.58057,0,0,0,0,0,0,0,507.35208,0,0,565.15985,0,0,534.7973,0,0,0,0,506.33344,0,0,0,0,584.28766,0,0,0,0,0,0,0,581.0111,0,0,
1938,194.93648131981658,53.95813,,,,,,,,,,,584.96893,0,0,0,582.0075,495.22195,581.25073,0,634.5796,0,0,0,0,0,572.3645,622.7496,573.96436,0,588.2867,0,0,551.2102,554.7708,596.6172,0,0,583.5198,0,586.28406,0,541.2638,0,0,644.3197,0,0,570.16345,540.714,0,0,0,524.64954,518.4018,0,569.8607,0,593.5861,0,0,0,0,0,0,607.8346,0,0,614.74567,
1496,194.9394362257096,53.54375,,,,,,,,,,,0,0,0,0,0,0,0,0,0,0,0,0,0,0,0,0,0,0,0,0,0,521.2452,0,0,0,0,0,0,0,0,555.4181,549.52405,0,0,0,0,0,0,0,0,0,0,0,0,0,0,0,0,0,0,0,0,0,0,578.9366,0,0,
1762,194.94137824117448,53.780243,,,,,,,,,,,0,0,0,0,574.1641,0,0,0,0,0,0,0,0,0,0,0,598.00916,0,525.87054,0,0,541.812,541.64795,546.16345,0,0,0,0,601.50867,0,515.09216,570.6058,0,586.0265,0,0,562.10266,587.5201,0,581.5858,0,0,554.3805,0,0,0,549.6038,547.42596,551.3766,540.4354,0,0,0,586.2936,550.74274,0,0,
1148,194.94145508049144,53.253998,,,,,,,,,,,0,0,0,0,0,0,549.43774,0,0,0,0,0,0,0,0,560.5682,0,0,0,0,0,507.60086,0,0,0,0,0,0,0,0,0,0,0,0,0,0,0,0,0,0,0,0,0,0,0,0,554.8722,0,0,539.86957,0,0,0,0,0,0,0,
977,194.94237827395543,53.11,,,,,,,,,,,520.02814,0,0,0,0,0,0,0,0,0,0,0,0,0,0,0,0,0,0,0,0,0,0,0,0,0,0,0,0,0,0,557.6394,0,0,0,0,0,0,0,0,0,0,511.82706,0,0,0,0,0,0,0,0,0,0,0,553.5737,0,0,
1265,194.9429107756918,53.36875,,,,,,,,,,,0,0,0,0,550.7058,483.0569,0,0,0,0,0,0,0,0,0,0,0,0,0,0,0,0,0,0,0,0,0,0,0,0,0,0,0,0,0,550.08105,0,0,0,600.8408,0,0,0,0,0,0,0,0,0,0,0,0,0,0,0,0,0,
1362,194.9464200107711,53.469997,,,,,,,,,,,0,0,0,0,0,0,0,0,0,0,0,0,0,0,0,0,557.2975,0,530.3766,0,0,0,0,0,0,0,0,0,0,0,516.1285,0,0,0,0,0,0,0,0,0,0,0,517.1952,559.44,553.7404,0,0,0,531.9317,0,0,0,0,0,566.17883,0,608.4498,
1841,194.94643174369895,53.868,,,,,,,,,,,0,0,0,0,0,0,527.66394,531.7362,0,0,0,0,0,566.75354,553.5348,0,0,0,0,0,0,0,549.16016,629.9804,0,0,557.086,0,0,0,0,596.256,0,0,0,0,0,0,0,0,0,0,0,600.2141,0,0,0,0,566.70123,0,0,0,0,0,0,0,0,
1974,196.97002942362414,53.960457,,,,,,,,,,,0,663.7185,0,0,695.6123,565.5665,0,668.37366,706.35077,0,650.06274,0,0,694.80255,700.60315,693.75354,700.20953,597.8794,0,516.9637,0,627.5698,700.0389,655.9258,639.1131,0,0,0,673.5231,0,0,707.1713,633.01245,0,575.95,0,696.05133,0,684.59265,672.94543,0,676.54004,628.9019,0,712.7365,0,0,0,650.73065,704.5907,525.6901,0,0,0,683.8307,674.07684,780.8166,
1551,196.9757659617826,53.5725,,,,,,,,,,,0,0,490.186,0,0,0,0,0,0,0,0,0,0,709.4135,0,722.3998,690.51324,0,0,0,708.73126,0,0,648.5296,0,584.82086,682.9892,0,0,0,0,0,0,654.85095,561.6545,0,0,0,0,0,0,0,0,0,0,0,0,0,0,0,0,0,0,0,0,0,0,
1744,196.9730843835025,53.760555,,,,,,,,,,,0,0,480.6316,0,0,0,0,0,0,619.949,0,0,0,0,637.3753,0,0,0,0,0,0,631.56946,0,0,0,0,0,0,0,0,0,0,0,0,0,650.985,0,0,0,0,0,632.90326,0,0,683.89246,553.7241,640.0745,0,0,0,0,0,0,0,0,0,0,
1610,196.97330989106968,53.66625,,,,,,,,,,,0,0,495.80942,0,0,0,0,0,0,0,0,0,0,0,0,0,0,0,0,0,0,615.7633,0,0,0,0,0,627.06506,0,0,0,0,639.85583,0,0,637.8699,675.69727,0,0,0,0,0,608.338,675.7741,0,537.69434,0,0,0,622.0458,0,608.9526,0,0,0,0,700.39197,
1840,196.97434315841085,53.86792,,,,,,,,,,,0,0,0,0,0,579.15265,609.1697,0,681.03204,0,575.29913,0,0,0,0,0,665.62964,0,0,522.62897,0,0,0,0,0,0,0,0,0,0,0,0,0,660.26117,562.21246,0,0,679.2936,0,0,0,0,608.5345,0,0,0,0,0,630.7375,0,0,0,0,0,665.2795,0,0,
1290,196.97612561455745,53.411667,,,,,,,,,,,0,0,0,0,0,0,619.4855,0,0,0,0,0,0,0,0,0,0,0,733.7028,0,0,0,0,0,0,0,0,0,0,0,0,0,0,0,0,0,0,0,0,0,0,0,0,0,0,568.6126,0,0,0,0,0,0,0,0,0,0,0,
1201,196.97709545550128,53.332497,,,,,,,,,,,0,0,0,0,660.218,0,0,0,642.9088,0,0,0,0,0,0,0,0,0,0,508.2236,0,0,0,0,0,0,0,0,0,0,0,0,0,0,552.69366,639.06537,0,0,0,0,0,0,0,0,0,0,653.0026,0,661.7692,0,0,594.8895,0,0,0,0,0,
1405,196.97981459788863,53.4837,,,,,,,,,,,625.6133,578.09186,517.50995,0,705.933,568.1762,622.0062,635.1893,0,615.90063,591.6149,0,0,0,649.7329,0,0,572.62506,0,0,726.99805,0,625.23016,0,0,0,0,642.7336,653.9637,0,653.5986,650.21674,656.6623,697.4469,0,680.52563,0,0,703.135,683.05426,0,647.5119,0,681.6348,695.9706,0,0,0,0,663.541,511.66296,598.66327,650.3223,0,661.19257,0,738.5675,
1118,196.98008713823253,53.199448,,,,,,,,,,,0,0,0,0,0,0,607.1948,0,645.7136,0,0,0,0,0,641.53516,0,0,0,0,0,0,0,0,0,0,0,0,617.2743,0,0,0,638.6581,0,0,550.764,0,639.35144,0,0,0,0,627.09216,0,0,0,0,0,0,0,0,0,0,0,0,0,602.60803,0,
495,197.01320042296265,52.396667,,,,,,,,,,,0,0,0,0,0,0,0,0,0,0,0,0,0,689.7594,0,667.55804,0,0,0,0,0,0,0,0,0,0,0,0,0,0,700.98627,0,0,0,0,0,0,0,0,0,0,0,0,0,0,0,0,0,0,0,0,0,0,0,0,0,0,
306,197.04534218803724,51.248333,,,,,,,,,,,0,0,0,0,0,0,0,0,0,0,0,0,0,754.26086,0,739.26575,0,0,0,0,0,0,0,0,0,0,0,0,0,0,697.65314,0,0,0,0,0,0,0,0,0,0,0,0,0,0,0,0,0,0,0,0,0,0,0,0,0,0,
49,197.0780166942112,50.03,,,,,,,,,,,0,0,0,0,0,0,0,0,0,0,0,0,0,743.2027,0,800.59265,0,0,0,0,0,0,0,0,0,0,0,0,0,0,714.76984,0,0,0,0,0,0,0,0,0,0,0,0,0,0,0,0,0,0,0,0,0,0,0,0,0,0,
824,199.0180192600155,52.916252,,,,,,,,,,,0,0,0,0,0,0,0,0,0,0,0,0,0,0,0,0,468.22687,0,0,0,0,0,0,0,0,0,0,0,0,0,0,0,574.729,0,0,494.61948,560.7231,405.64203,0,0,0,0,0,573.41125,0,0,0,0,0,0,0,0,560.45276,0,0,0,610.4998,
163,199.02990941271077,50.48464,,,,,,,,,,,0,0,0,0,490.305,0,1942.8127,1110.1243,538.9274,0,0,0,0,0,0,0,684.9104,0,0,0,0,0,0,0,919.5335,608.4894,761.68976,859.5891,1223.7822,0,0,469.12323,915.7444,1750.0438,530.6384,725.6881,774.323,451.59073,690.19714,1272.7777,0,0,0,598.46027,535.1278,0,1316.7996,749.9023,0,0,0,0,1118.2135,517.322,426.29846,1631.0817,1245.1484,
711,199.0313848887308,52.82523,,,,,,,,,,,0,0,0,0,785.864,0,961.5077,695.60736,0,0,0,0,0,0,0,0,0,0,0,0,0,529.5682,0,0,556.14386,600.2256,559.1622,605.28503,773.6319,0,0,0,489.5227,998.40076,422.51587,475.04086,489.62274,0,0,833.2053,0,0,0,430.08368,0,0,772.5835,657.5446,0,0,0,0,629.16016,0,499.94836,793.71265,646.01996,
1321,202.96677116392223,53.436665,,,,,,,,,,,0,0,0,0,0,657.91565,0,0,0,0,0,0,0,0,0,0,0,0,665.0798,0,0,0,0,0,0,0,0,0,0,0,0,0,0,0,0,0,0,0,598.50116,0,0,0,0,0,0,0,0,0,0,0,0,0,0,0,0,0,0,
1724,204.91943204342658,53.73375,,,,,,,,,,,0,0,0,0,0,0,0,0,0,404.86075,0,0,0,0,0,423.11636,0,0,0,0,0,0,0,0,0,0,0,0,0,0,0,0,0,0,0,0,0,416.19254,437.59235,0,0,0,0,0,0,0,0,0,0,0,0,0,0,0,0,0,0,
1467,204.920571625048,53.521427,,,,,,,,,,,421.68747,0,0,0,0,0,428.1896,0,0,0,0,0,0,0,0,0,0,0,426.2769,0,442.0716,412.06375,423.80975,0,0,0,0,0,0,0,0,0,0,0,0,0,0,0,0,0,0,420.30698,0,0,0,0,0,0,0,0,0,0,0,0,0,0,0,
1914,204.9245329050414,53.94333,,,,,,,,,,,0,401.4168,0,0,452.49658,0,0,415.46942,0,413.55673,0,0,0,0,446.91043,478.21118,412.93658,0,434.7571,0,442.30173,432.3537,0,0,0,413.87317,0,0,0,0,0,0,0,0,0,0,413.41058,423.36612,0,451.30206,0,414.1396,0,445.07126,444.54758,0,0,463.13077,0,0,0,0,0,0,0,0,0,
1779,204.9256169689009,53.802002,,,,,,,,,,,0,0,0,0,434.79437,0,422.50375,0,0,422.6744,0,0,0,0,0,0,425.87872,0,0,0,0,0,0,0,0,0,0,0,0,0,0,0,0,0,0,0,0,0,0,0,0,0,400.05786,0,0,0,0,0,0,0,0,0,0,0,0,0,0,
1042,204.9258523700677,53.131668,,,,,,,,,,,0,0,0,0,0,0,437.11768,421.085,0,434.82217,0,0,0,0,0,0,0,0,0,0,0,0,0,0,0,0,0,0,0,0,0,0,0,0,0,0,0,0,0,0,0,0,0,0,0,0,0,0,0,0,0,0,0,0,0,0,0,
1326,204.92612634369485,53.439163,,,,,,,,,,,0,0,0,0,0,0,0,0,0,0,0,0,0,0,0,0,0,0,431.0095,0,0,0,0,0,0,0,0,0,0,0,405.0255,412.35242,0,0,0,0,0,0,437.57373,0,0,0,0,426.77216,0,0,445.5953,0,0,0,0,0,0,0,0,0,0,
1140,204.93051172025966,53.24,,,,,,,,,,,0,0,0,0,0,0,0,0,0,0,0,0,0,0,0,0,0,0,0,0,0,0,0,0,0,0,0,0,0,0,0,0,0,0,0,430.0242,0,0,0,0,0,0,0,0,448.18668,0,431.44983,0,0,0,0,0,0,0,0,0,0,
1605,204.93200893482907,53.658997,,,,,,,,,,,430.1445,0,0,0,437.28604,0,0,412.78946,0,0,0,0,0,0,0,0,0,0,433.509,0,0,0,0,0,0,0,0,409.12683,0,0,404.67212,415.90976,0,444.08206,0,0,0,0,0,0,0,0,400.797,0,0,0,0,0,0,0,0,0,0,0,0,401.43903,0,
768,204.95944501561894,52.911,,,,,,,,,,,0,0,0,0,0,0,0,0,0,0,0,0,0,0,0,0,472.73032,0,0,0,0,0,0,0,0,0,0,0,0,0,0,0,0,0,0,499.7728,0,411.91306,0,0,0,481.898,0,481.21085,0,0,0,0,0,0,0,0,0,0,0,0,0,
883,204.964458120792,53.00186,,,,,,,,,,,1434.1252,1171.999,592.4714,0,1070.0847,1165.8342,541.5453,680.97644,0,1178.3501,698.20593,0,530.8444,0,1468.5858,593.2749,628.51294,1008.8339,1201.5603,543.474,1310.2073,1222.4358,1178.8516,0,663.6904,593.6927,0,610.8081,0,0,558.08795,544.3269,0,711.71954,1051.3376,589.8637,667.23535,551.33997,1172.7002,536.5381,0,624.5714,1404.4783,670.9023,707.33276,1135.4979,681.1422,603.85095,0,592.29913,1022.90686,1450.4413,0,0,1470.6228,621.57794,0,
1969,206.92669973810942,53.959995,,,,,,,,,,,0,15484.552,0,0,0,0,0,0,0,14249.237,13961.376,0,0,0,0,16671.887,0,0,0,0,16594.262,15637.515,14603.834,0,0,0,0,0,0,0,0,0,0,0,0,0,0,0,0,0,0,0,0,0,0,13236.476,0,0,0,0,0,0,0,0,0,0,0,
1713,207.9251215244672,53.728127,,,,,,,,,,,0,0,0,0,0,0,3241.8127,3166.2122,0,0,0,0,0,0,0,0,0,0,0,0,3361.9438,0,0,0,0,0,0,2942.323,0,2373.9014,2963.3115,0,0,0,2843.8254,0,0,0,0,0,0,0,0,0,0,0,0,0,0,0,2492.4863,0,0,0,0,0,0,
1992,207.92540846678443,53.961376,,,,,,,,,,,0,3324.4265,2433.7205,2282.3337,0,0,3329.2961,3356.2488,0,3134.3474,0,2100.3188,0,3472.8677,3461.1755,3470.6694,0,3198.358,3188.5278,2527.9663,3465.704,3295.9797,3105.5706,0,3165.4197,3055.7307,3359.707,3131.2302,3524.565,2444.7947,3123.1072,3549.9304,0,0,3038.8464,0,3478.7146,3527.2712,3528.1655,3568.3557,2308.7346,0,3267.0088,3468.2874,0,0,3353.8496,0,0,3221.4592,2623.004,0,3105.7097,0,0,0,0,
1815,207.9322303248411,53.83692,,,,,,,,,,,0,0,0,2134.456,0,0,0,0,3306.6584,0,2817.0315,0,2300.6035,0,0,0,0,0,0,0,0,3117.681,0,0,0,0,0,2908.1638,0,0,0,3301.9404,0,0,2854.7966,0,3242.936,0,0,3344.7346,2272.9863,0,0,0,0,2714.323,0,0,0,0,2492.254,0,0,0,0,0,0,
1586,207.9328387846906,53.635002,,,,,,,,,,,0,0,2342.7036,0,0,0,0,0,3329.3132,0,0,2079.6892,0,3320.6702,0,0,0,0,0,0,0,0,0,0,0,0,0,0,0,0,0,0,0,0,0,0,3223.9875,0,0,0,0,0,0,0,0,0,0,0,0,0,0,0,0,0,3271.8591,3171.301,0,
1684,208.92088578580535,53.70875,,,,,,,,,,,0,0,0,0,0,0,0,0,0,0,0,0,0,0,0,2253.1794,0,0,2055.945,0,0,0,0,0,0,1977.3524,0,0,0,0,0,0,0,0,0,0,0,0,2270.8628,2225.594,0,0,0,2244.5137,2204.7688,1806.8284,0,0,0,0,0,0,0,0,0,0,0,
1458,208.92175153380262,53.506668,,,,,,,,,,,0,0,0,0,0,0,0,0,0,0,0,0,0,0,0,0,0,0,2079.4658,0,0,0,0,0,0,0,0,0,0,0,0,0,0,0,0,0,0,0,0,0,1495.7783,0,0,0,0,0,0,0,0,0,0,0,0,0,2198.6692,0,0,
1973,208.92577477991983,53.96045,,,,,,,,,,,2209.3347,2191.967,0,0,2298.4512,0,2250.891,2235.5996,0,0,1992.9889,1389.2227,1645.1426,2293.2576,0,2353.524,2330.1897,2055.6426,2199.8647,1707.8516,2346.0095,0,2091.5596,2290.272,2147.7793,2078.0813,2317.8647,2091.1455,2294.9343,1662.93,2126.8306,2358.5266,1927.3234,0,2006.172,2419.056,2324.9216,0,0,2285.4346,1604.3914,2114.8533,0,2255.467,2362.3145,1888.8046,2284.562,2329.7134,2141.7358,2118.468,1803.6456,1992.763,0,2373.6782,0,2224.6973,2319.6646,
1594,208.92622785453497,53.644176,,,,,,,,,,,0,0,0,0,0,0,0,0,2238.8745,1999.8784,0,1356.2069,0,2221.811,0,2272.7434,0,2032.811,0,0,0,2108.516,2005.9084,0,0,0,0,0,0,0,0,0,0,2195.457,0,0,0,2293.913,0,0,0,0,0,0,0,0,0,0,0,0,0,0,0,0,0,2120.5977,2201.6748,
1855,208.93120362504803,53.850834,,,,,,,,,,,2131.8845,2065.3308,1581.3577,0,0,0,0,2123.942,0,0,0,0,0,0,0,2254.201,0,1988.5531,0,0,0,0,0,0,0,0,0,0,2274.8542,0,0,0,0,0,0,0,2162.0037,0,0,0,1502.5142,1971.7499,0,0,0,0,0,2274.3796,0,0,0,0,0,0,0,2168.3635,0,
1515,208.930980053468,53.56,,,,,,,,,,,0,0,0,0,0,0,0,2137.1099,0,0,0,0,0,0,0,0,0,0,0,0,0,0,0,0,0,0,0,0,0,0,0,0,0,0,0,0,0,0,0,0,0,0,0,0,0,0,2158.593,0,0,2064.5469,0,0,0,0,0,0,0,
1758,208.9323709049915,53.77688,,,,,,,,,,,0,0,0,1451.1052,0,0,0,0,0,0,1929.1677,0,0,0,0,0,2257.3782,0,0,0,2217.6616,0,0,0,2036.0941,0,2183.2393,0,0,0,0,0,1922.1886,0,0,0,0,0,0,0,0,0,0,0,0,1804.3207,0,0,0,0,0,0,0,0,0,0,0,
51,211.0371084802623,50.031666,,,,,,,,,,,0,0,0,0,0,0,0,0,0,0,0,0,0,483.3573,0,501.71625,0,0,0,0,0,0,0,0,0,0,0,0,0,0,431.62112,0,0,0,0,0,0,0,0,0,0,0,0,0,0,0,0,0,0,0,0,0,0,0,0,0,0,
1431,212.99125766209326,53.48833,,,,,,,,,,,0,0,0,0,0,0,0,0,0,0,0,0,0,0,0,0,0,0,0,0,0,0,0,0,0,0,0,0,0,0,0,0,428.3194,0,0,0,0,0,0,0,0,0,0,0,0,0,0,0,0,0,0,0,457.15298,0,0,0,456.6185,
197,213.00665515571734,50.48834,,,,,,,,,,,0,0,0,0,0,0,651.4822,0,0,0,0,0,0,0,0,0,0,0,0,0,0,0,0,0,0,0,0,0,437.3184,0,0,0,0,670.1932,0,0,0,0,0,0,0,0,0,0,0,0,0,0,0,0,0,0,418.42007,0,0,557.80383,514.9029,
792,213.02347565535277,52.91363,,,,,,,,,,,0,0,0,648.9327,0,0,0,0,0,0,0,0,0,0,0,0,960.1301,0,0,0,0,0,0,0,0,0,0,0,0,0,0,0,1054.5254,0,0,821.595,964.2216,723.38574,0,0,580.08466,945.8754,0,1010.34717,0,0,0,0,0,0,0,0,1009.9098,0,0,0,1090.8375,
429,217.93187965217996,52.367496,,,,,,,,,,,0,0,0,0,0,998.63025,0,0,0,0,0,0,0,0,0,0,0,0,959.6499,0,0,0,0,813.2844,0,0,0,0,0,0,0,669.48645,0,0,0,0,0,0,768.2661,0,0,0,0,0,0,0,0,0,0,844.7849,0,0,0,0,0,0,0,
423,218.93684901379825,52.361668,,,,,,,,,,,0,0,0,0,0,594.3681,0,0,0,0,0,0,0,0,0,0,0,0,509.96863,0,0,0,0,0,0,0,0,0,0,0,0,0,0,0,0,0,0,0,0,0,0,0,0,0,0,0,0,0,0,531.23175,0,0,0,0,0,0,0,
1420,220.96050286482225,53.513214,,,,,,,,,,,0,0,0,0,567.1775,0,0,0,515.762,0,0,0,0,570.3151,0,562.0533,0,0,0,0,531.3498,0,0,0,491.53384,0,0,0,0,0,0,0,0,0,0,0,0,507.54855,0,551.33344,0,0,528.2586,576.94507,0,0,0,0,528.97284,571.67145,0,489.65118,0,0,556.4028,0,0,
1259,220.95254697949022,53.361668,,,,,,,,,,,0,439.186,0,0,0,0,0,0,0,0,477.07977,0,0,0,0,0,0,0,0,0,535.55865,0,0,0,0,0,0,0,0,0,0,0,0,0,0,0,0,0,0,0,0,0,0,0,0,0,0,0,0,0,0,0,0,0,0,0,0,
1916,220.96077882016158,53.944443,,,,,,,,,,,664.14905,496.4583,0,546.95715,643.9853,541.1464,0,575.03204,610.13403,573.3344,566.65906,0,0,837.9127,607.1085,899.1582,997.3573,0,666.0294,0,620.9431,747.6587,582.6757,1037.2645,588.61554,574.46747,717.79926,558.8336,622.17816,0,756.59265,1068.9696,572.8339,636.0363,0,935.07385,877.7826,791.0441,595.3851,0,535.0608,836.33966,588.01636,976.21606,621.5986,0,642.6084,645.9307,603.9634,926.58844,0,601.3959,646.8124,607.1118,626.4799,0,777.80286,
1685,220.96091964415007,53.70875,,,,,,,,,,,508.25793,0,0,0,534.3766,0,0,0,0,529.12225,462.07584,0,0,540.7028,0,0,0,0,566.0709,0,528.20465,0,0,0,0,0,0,517.7251,0,0,0,0,0,0,0,0,0,0,0,0,0,0,0,0,533.99414,0,542.4142,526.288,0,0,0,0,0,0,0,0,573.7901,
1794,220.96113639479452,53.81334,,,,,,,,,,,0,0,0,0,0,0,0,0,0,0,0,0,0,0,0,0,0,0,549.25464,0,0,0,0,0,483.19385,0,0,0,520.32495,0,0,0,509.9719,0,0,0,0,0,0,0,0,0,526.9742,0,0,0,0,0,0,0,0,0,541.62146,0,0,0,0,
1583,220.96491472652428,53.633003,,,,,,,,,,,0,0,0,0,0,497.7509,0,538.1919,0,0,0,0,0,0,512.7512,0,0,0,0,0,0,0,0,0,0,0,0,0,0,0,0,0,0,0,0,0,0,0,0,0,0,0,0,0,0,0,0,505.90356,0,0,0,484.6136,0,0,0,0,0,
511,220.9653987638862,52.43739,,,,,,,,,,,573.1321,497.93625,0,555.93756,658.7261,0,0,530.3691,587.6061,0,0,0,0,899.6234,630.7643,1034.1036,1121.3279,0,693.1007,0,589.4325,653.7434,0,1119.4563,497.66428,613.85876,537.34845,563.87744,610.9052,0,831.6277,1321.7051,577.03235,617.8467,0,1055.9768,954.88196,907.7901,569.49164,600.6169,551.778,882.1288,563.22687,1193.1576,574.951,0,594.0036,592.0366,541.50244,1002.1154,0,509.77118,688.0258,544.593,605.37854,0,754.0817,
257,220.97060962980086,50.933,,,,,,,,,,,0,0,0,565.27234,610.6018,0,0,0,0,0,0,0,0,1001.526,0,1106.361,1267.7074,0,0,0,541.3236,626.40436,0,1192.3436,0,0,0,0,0,0,763.0709,1280.2965,0,0,0,1063.7816,1023.2599,1036.8173,0,0,525.04443,786.53284,0,1123.9421,0,0,0,502.9513,0,987.70154,0,0,635.0896,0,0,0,694.3799,
801,231.02280307592406,52.914284,,,,,,,,,,,0,0,0,0,0,0,0,0,0,0,0,0,0,0,0,0,522.04285,0,0,0,0,0,0,0,0,0,0,0,0,0,0,0,614.5871,0,0,0,522.9938,0,0,0,0,604.0186,0,584.7784,0,0,0,0,0,0,0,0,551.7545,0,0,0,526.74274,
1172,238.99860012308042,53.291668,,,,,,,,,,,0,0,0,0,0,0,0,0,0,0,0,0,0,0,0,0,0,0,0,0,0,0,0,0,0,0,0,0,0,0,0,0,0,0,0,0,0,0,0,0,0,0,0,0,0,0,417.59497,0,533.35565,0,0,0,0,429.19482,0,0,0,
218,239.03995373159518,50.54555,,,,,,,,,,,0,0,0,0,0,0,0,449.90878,498.95358,0,427.5093,0,0,0,0,0,0,0,0,0,0,0,0,0,431.7048,0,0,0,0,0,0,0,0,0,0,0,0,0,0,0,0,0,0,0,0,0,506.1677,0,570.7143,414.66788,0,0,0,559.49133,476.1579,0,0,
268,239.04588844759942,51.159737,,,,,,,,,,,0,0,0,0,0,0,0,755.7231,911.79535,556.54034,735.1419,0,0,0,0,0,0,0,0,0,565.57996,0,623.2105,661.57306,729.71985,0,0,0,0,0,0,524.9771,0,638.7136,0,0,0,0,0,0,0,0,503.5822,0,568.76825,632.0261,865.8529,0,1179.4888,713.03204,506.56293,0,0,965.07324,714.0752,0,0,
735,241.01366345019846,52.829998,,,,,,,,,,,0,0,0,0,0,0,449.97253,0,0,0,0,0,0,0,0,0,0,0,0,0,0,0,0,0,0,0,0,0,407.20267,0,0,0,0,547.4557,0,0,0,0,0,469.21283,0,0,0,0,0,0,417.56882,0,0,0,0,0,0,0,0,0,0,
193,241.03781897193585,50.487858,,,,,,,,,,,0,0,0,0,0,0,762.58026,0,0,0,0,0,0,0,0,0,0,0,0,0,0,0,0,0,0,0,0,0,445.65546,0,0,0,0,689.7532,0,0,0,0,0,494.12292,0,0,0,0,0,0,521.8297,0,0,0,0,0,0,0,0,598.7741,575.4763,
1591,248.86465467145135,53.63999,,,,,,,,,,,0,0,0,689.0193,0,892.97644,1085.305,0,0,0,0,0,748.00684,0,0,0,0,1020.85876,0,799.1664,0,0,0,1083.097,0,0,0,0,1128.9111,0,1021.8339,1074.5508,0,0,970.2406,0,0,0,0,1141.3121,0,963.4655,0,1097.6969,0,889.559,0,0,0,1053.3433,0,938.35046,0,0,1133.6375,1035.1259,0,
1296,248.86811283971514,53.402504,,,,,,,,,,,0,0,781.6231,0,0,867.86206,0,0,0,0,0,0,769.2344,0,0,0,0,0,0,794.57336,0,1037.7509,0,0,0,0,1102.8114,0,0,0,0,0,0,0,0,0,0,1099.9778,0,0,0,0,0,0,0,0,0,0,0,0,0,0,1013.6986,0,0,0,0,
1945,248.86643507971425,53.95962,,,,,,,,,,,0,1075.1909,0,722.78687,1136.2311,992.2756,1059.692,1111.3916,0,0,950.36255,709.61456,784.3688,1160.7904,1116.9741,1153.6296,1135.7734,0,1101.8685,865.4175,0,1111.8862,1081.6816,0,1025.1896,0,1135.9281,1104.4858,1130.6371,0,1028.0197,1181.6289,1021.3315,1148.456,984.6195,1197.7699,0,1218.1,1197.3848,0,0,993.222,1053.7294,1145.6653,1142.4017,0,1124.2373,0,0,1075.9735,904.54987,1015.9137,1003.14087,1247.8317,0,1089.4021,1144.187,
1735,248.8669494803055,53.745476,,,,,,,,,,,0,1015.7408,0,736.5701,0,0,0,1046.2396,1117.1592,988.1592,925.0373,0,732.4358,1093.7454,0,1084.611,1160.0736,0,0,0,0,0,0,0,0,984.0977,0,1006.256,0,0,0,0,970.252,1134.3345,0,0,0,0,0,0,0,957.4171,1046.0056,0,0,0,0,0,1017.5299,1044.7097,0,0,977.9333,1107.6969,0,1071.6855,0,
1784,248.867052416417,53.805004,,,,,,,,,,,0,0,773.2883,0,0,0,0,0,0,0,949.8758,630.085,0,0,0,0,0,0,0,0,0,0,0,0,0,0,0,0,0,0,0,0,0,0,0,0,0,0,0,0,0,0,0,0,0,0,0,0,0,0,0,0,0,0,0,0,0,
1424,248.86769244187715,53.48682,,,,,,,,,,,0,0,752.90094,0,0,872.2638,1105.7986,0,1127.8909,0,0,0,0,0,0,0,0,963.16675,0,0,0,0,0,0,0,0,1062.8502,974.86566,0,0,0,0,0,0,0,0,0,0,0,0,0,0,0,0,0,883.6587,0,1118.1052,1023.8722,0,0,0,0,0,1101.0216,0,0,
1832,248.86891422345727,53.862503,,,,,,,,,,,1070.7427,0,0,690.1965,0,875.4593,1087.1337,0,1133.5149,0,0,0,760.24744,0,0,0,0,984.4436,1033.5936,0,0,0,1052.0828,0,0,985.9526,0,0,0,0,1047.9539,0,939.29517,0,0,1128.8323,0,1185.0859,0,0,728.14844,0,0,0,1090.0715,885.4181,0,0,0,0,0,0,992.30176,0,0,0,0,
1529,248.87233286568426,53.573334,,,,,,,,,,,1035.6329,0,0,0,0,0,0,0,0,0,0,642.7692,0,0,0,0,0,0,0,0,0,0,0,0,0,0,0,0,0,0,0,0,0,0,0,0,1077.5479,1082.9111,0,0,0,0,0,0,0,896.6505,1100.5038,0,0,0,0,0,0,0,0,0,0,
1571,250.86207447585383,53.620625,,,,,,,,,,,500.71167,0,0,0,0,0,506.32266,0,523.3998,0,0,0,0,0,0,0,537.30536,0,504.49786,0,0,0,0,0,0,0,0,0,0,0,0,0,0,0,0,0,0,536.09644,0,0,0,0,0,0,0,0,0,0,0,0,0,0,481.29456,0,0,0,525.2073,
1150,250.86653039405928,53.258003,,,,,,,,,,,0,0,0,0,0,0,522.08826,0,0,0,0,0,0,0,0,0,522.7679,0,0,0,0,0,0,0,0,0,0,0,0,0,0,0,0,0,0,0,0,0,543.7375,0,0,0,0,0,0,0,0,0,0,0,0,0,0,517.9853,518.9993,0,0,
1683,250.86734054077337,53.706875,,,,,,,,,,,0,0,0,0,0,0,0,0,548.8578,0,0,0,0,0,0,0,0,0,0,0,0,0,0,517.7038,0,0,0,0,0,0,0,0,0,571.6698,0,529.87415,0,0,579.53973,0,0,0,0,562.1661,0,0,0,0,0,532.62177,0,0,0,0,528.85846,0,0,
1754,250.86817436148533,53.77333,,,,,,,,,,,489.0075,0,0,0,0,0,507.0657,0,0,0,0,0,0,0,0,0,0,0,0,0,530.8418,0,0,0,0,0,0,0,0,0,521.1497,539.07947,0,580.70905,0,526.8346,508.58514,0,0,0,0,0,0,0,0,0,0,0,0,0,0,0,0,0,0,0,531.18896,
1874,250.8704048744992,53.877087,,,,,,,,,,,495.6064,0,0,0,0,0,506.10623,514.5865,0,0,0,0,0,539.26514,0,587.94116,556.6002,0,0,0,0,0,0,0,0,0,0,0,0,0,0,0,0,585.746,0,0,518.60736,0,548.5152,0,0,0,0,0,0,0,0,0,0,501.76135,0,0,496.84015,0,0,0,522.7473,
2012,250.87844634116556,53.962658,,,,,,,,,,,539.2962,0,0,0,0,0,0,554.28705,581.1314,0,0,0,0,0,0,0,0,0,549.1703,0,562.6921,0,0,559.6381,0,0,540.4747,0,0,0,522.6852,551.4825,0,0,0,0,0,556.4959,567.527,0,0,0,0,551.6097,0,0,588.7182,0,0,552.0369,0,0,546.88916,0,562.99774,0,532.14905,
1226,250.87999318660763,53.34833,,,,,,,,,,,0,0,0,0,0,0,0,0,0,0,0,0,0,0,0,0,0,0,0,0,0,0,0,0,0,0,549.82446,0,0,0,0,0,0,0,0,0,0,0,0,0,0,0,0,550.2105,0,0,0,0,0,0,0,0,495.83884,0,0,0,0,
1074,250.88117556971847,53.155,,,,,,,,,,,0,0,0,0,0,0,0,0,0,0,0,0,0,0,0,0,0,0,0,0,0,0,0,0,0,0,0,0,0,0,483.82544,0,0,0,0,0,0,0,0,0,0,0,0,0,0,0,522.16833,0,0,0,0,0,478.9755,0,521.55707,0,0,
1464,250.88765513220525,53.515827,,,,,,,,,,,493.55215,0,0,0,0,0,0,0,0,0,0,0,0,0,0,0,0,0,501.99182,0,540.5368,0,0,516.6195,0,0,0,0,0,0,0,0,0,0,0,0,0,0,0,0,0,0,0,0,0,0,0,0,0,514.8343,0,0,0,0,0,0,518.46124,
1288,250.8931924518657,53.408337,,,,,,,,,,,0,0,0,0,0,0,0,0,0,0,0,0,0,534.0526,0,0,0,0,499.26053,0,0,0,0,0,0,0,0,0,0,0,0,0,0,0,0,0,501.56915,0,0,0,0,0,0,0,0,0,0,0,0,0,0,0,0,0,0,0,0,
1723,252.8961790616647,53.733337,,,,,,,,,,,0,0,0,0,0,0,0,0,0,0,0,2197.6965,0,0,0,0,0,0,0,0,0,0,0,0,0,3189.3733,0,0,0,0,0,0,0,0,0,0,0,0,0,0,0,0,0,3638.9438,0,0,0,0,0,0,0,0,0,0,0,0,0,
1622,252.8970198234247,53.68333,,,,,,,,,,,0,0,0,0,0,0,0,0,0,0,0,0,0,0,0,3660.1223,0,0,0,0,0,0,3277.7205,0,0,0,0,0,0,0,0,0,0,0,0,0,0,0,0,0,0,0,0,0,0,2915.4697,0,0,0,0,0,0,0,0,0,0,0,
1976,252.89777931153387,53.960644,,,,,,,,,,,3554.7986,0,2725.1226,2374.185,3737.3533,2953.9836,3645.761,3747.3672,0,3375.213,3193.9219,2250.3557,0,0,3845.305,3892.6333,0,3389.4924,3489.9795,0,3899.023,3630.4822,3403.7012,3810.6106,0,3389.2793,3703.2327,3501.739,3839.0132,0,0,3862.6653,0,3784.1062,3248.8804,3838.9111,3803.43,0,3844.5315,3908.426,0,3399.5728,3472.7039,3808.523,4001.4714,0,3652.4658,0,0,0,2885.5823,0,3481.1677,0,0,3579.6912,3810.7742,
1780,252.89913084496817,53.802143,,,,,,,,,,,0,0,0,0,0,0,0,0,0,0,0,0,0,0,0,0,0,0,0,0,0,3358.8416,3327.696,0,0,0,0,0,0,0,0,0,0,0,0,3745.7505,0,0,0,0,0,0,0,0,3715.453,0,0,0,3398.7456,0,0,3231.8533,3334.3594,0,0,0,0,
1896,253.8779716608027,53.889164,,,,,,,,,,,0,0,0,0,0,0,0,0,0,0,0,0,0,0,999.55054,0,0,0,0,0,0,0,0,0,0,922.25073,0,0,0,0,0,0,0,0,0,0,0,0,1005.4328,1029.2913,703.57043,0,0,0,0,0,0,0,0,0,766.1229,0,0,0,0,0,0,
1563,253.8806340395141,53.610905,,,,,,,,,,,0,0,0,0,0,0,970.6927,0,0,0,0,0,685.43414,0,0,977.29126,0,0,0,744.46716,0,912.4923,0,0,0,0,0,0,0,737.4168,0,0,0,0,848.7094,0,0,0,0,1016.595,0,0,0,0,985.0784,0,1016.66064,0,0,0,0,853.44037,0,0,0,0,0,
1802,253.88206607914597,53.825836,,,,,,,,,,,0,907.4874,736.0183,0,0,0,975.67474,0,0,892.2975,0,660.50836,0,0,0,0,1040.8572,0,0,0,0,0,0,1011.4779,904.47205,0,0,0,0,0,0,0,898.6051,0,898.94574,0,0,0,0,0,0,0,0,0,0,0,0,1012.8951,922.56683,0,0,0,0,0,0,0,0,
1630,253.8843063370776,53.692493,,,,,,,,,,,934.94836,0,0,0,0,801.2017,0,0,1009.05493,0,850.9539,0,0,0,0,0,1069.7228,0,950.37366,749.0098,1005.4214,905.84143,905.3998,0,923.4861,878.1703,0,929.4769,0,0,0,0,0,1027.4502,0,0,0,985.4446,0,0,0,0,943.51715,0,979.48285,0,981.1053,0,0,974.71594,764.2713,0,0,0,985.6551,0,1020.1909,
1936,253.884511444751,53.95807,,,,,,,,,,,962.16833,950.07324,0,687.83624,0,846.8908,993.9526,1008.79865,1017.15497,0,961.4894,636.29553,710.1589,0,1017.04346,1114.5656,1072.8859,990.2749,959.19385,815.222,1056.1056,1006.7947,978.88855,1006.74896,0,0,1057.3828,971.3168,1019.6388,761.9173,965.1124,0,930.7597,1072.0837,879.7862,1049.1631,997.3184,0,1087.8336,0,0,933.38184,970.69403,1012.6777,1113.4822,852.42206,1024.6865,1042.8582,966.0824,953.3351,776.26514,912.8826,954.748,1060.54,1015.323,999.9098,1077.9811,
1200,253.88493317498856,53.331665,,,,,,,,,,,0,0,0,643.4923,0,0,0,0,0,0,0,0,0,0,0,0,0,0,0,753.4802,0,0,0,0,0,0,0,0,0,725.58154,0,0,867.77313,0,0,0,0,0,0,0,0,0,0,981.91205,0,0,0,0,0,0,0,0,0,984.14124,0,0,0,
1752,253.88591299524916,53.772137,,,,,,,,,,,0,0,0,0,0,0,0,0,1026.6858,0,0,596.0327,710.4694,990.4446,973.35175,0,0,0,919.3635,0,0,0,0,0,0,0,991.12256,0,0,0,907.0196,985.8761,0,986.3423,0,1031.9934,929.5907,0,0,0,0,0,0,0,0,0,0,0,0,944.9745,0,869.6777,0,0,0,0,0,
1460,253.88626174134546,53.50738,,,,,,,,,,,0,0,0,658.12976,0,785.03925,954.04706,0,995.61194,0,855.1481,0,0,0,997.20496,0,0,0,0,0,1014.33936,0,0,0,0,890.21936,0,892.015,1058.6816,0,880.85156,0,0,1005.2821,0,0,941.85913,0,1040.4584,999.7996,0,0,914.067,0,0,819.8117,0,1033.3037,0,0,0,0,972.42365,997.5682,0,0,1015.8189,
1334,253.88889691048016,53.441,,,,,,,,,,,0,0,701.1697,0,0,0,0,0,0,884.1095,0,0,0,0,0,0,0,0,0,0,1004.8287,0,0,0,894.7813,0,0,0,0,0,0,0,0,0,0,0,0,0,0,0,0,891.66266,0,0,0,0,0,0,0,0,0,0,0,0,0,0,0,
1809,254.8790199470707,53.833332,,,,,,,,,,,0,0,0,0,0,0,0,0,0,623.8944,0,0,0,0,0,0,0,597.88165,0,0,0,0,0,0,0,0,0,0,0,0,0,666.322,0,0,0,0,0,0,0,0,0,0,0,0,0,0,0,0,0,0,0,0,0,0,0,0,0,
1919,254.8907405436542,53.952736,,,,,,,,,,,0,612.55963,489.99216,0,725.75775,0,0,637.45636,675.5855,634.9925,0,0,490.03336,0,0,683.5139,0,634.7787,638.62604,545.053,706.73065,640.7333,676.37036,0,0,0,793.17426,0,745.1082,0,633.9405,678.136,0,0,610.9631,734.7179,0,0,676.97485,810.1494,479.45145,616.4632,0,0,713.86694,605.29126,690.7264,0,664.55835,0,0,608.2298,0,675.2674,673.6538,0,0,
1653,254.89021060510694,53.7,,,,,,,,,,,0,0,0,0,0,0,0,0,0,0,0,0,0,665.8166,0,685.3331,0,0,0,0,0,0,0,0,0,0,0,0,0,0,0,0,0,0,0,0,0,0,0,0,0,0,0,0,0,0,0,0,633.5479,0,0,0,0,0,0,0,0,
1261,254.8925105929901,53.3625,,,,,,,,,,,0,0,0,0,0,0,0,0,0,0,0,0,0,652.0111,0,0,0,0,0,0,0,0,637.39264,644.5332,0,0,0,0,0,0,0,659.1317,0,0,0,0,0,0,0,0,0,0,0,0,0,0,0,0,0,0,0,0,0,0,0,0,0,
1745,254.89255720388329,53.765446,,,,,,,,,,,0,0,0,0,0,0,0,0,689.47595,0,588.75385,0,0,0,0,0,686.3838,0,0,0,0,619.73456,0,0,0,0,690.1919,0,0,0,0,0,0,0,0,0,662.7558,678.6365,0,0,0,0,0,0,695.84406,571.49005,0,0,707.10297,655.68225,0,0,0,0,0,0,0,
1539,254.90286899848607,53.582855,,,,,,,,,,,0,0,0,470.2053,0,0,647.97845,0,0,0,598.1589,0,0,0,0,0,0,0,0,0,680.81104,0,0,0,0,0,0,0,0,0,0,0,0,712.36676,0,0,0,0,682.3079,0,0,0,0,686.81854,0,0,0,0,0,0,0,0,0,0,0,0,0,
1388,254.92827247824178,53.480762,,,,,,,,,,,0,719.4498,866.19745,563.65576,788.38477,733.38574,769.1543,796.07715,681.018,722.39325,1021.2056,0,0,635.56586,812.2713,667.91895,786.7787,693.594,819.25336,604.16376,853.63324,677.1285,732.70184,726.9441,734.1929,713.22064,1055.3553,822.5724,1024.3867,739.61163,636.8993,736.17456,1060.8447,836.5335,727.65674,784.17,776.0154,770.59235,877.1589,1050.9683,529.1965,686.001,737.65216,806.87445,1077.2455,711.0369,851.9219,797.9039,0,715.864,619.29846,738.8787,1091.1324,675.2069,796.8768,690.3276,1089.7845,
798,254.93518851876001,52.914085,,,,,,,,,,,0,0,533.4881,746.6695,0,592.21936,0,0,0,0,672.8225,0,0,0,665.3753,678.0484,1091.6162,0,662.9673,0,0,0,0,630.3423,0,598.30927,0,614.75354,0,0,603.6149,669.4825,974.80225,0,0,1119.6398,1118.1827,960.2105,0,0,738.8071,1032.17,622.85156,1206.6351,734.2759,574.4243,0,0,0,0,0,586.473,1080.1654,0,658.221,0,1165.5476,
615,254.93987520342,52.64833,,,,,,,,,,,0,629.5783,0,0,0,0,0,0,0,0,0,0,0,0,0,0,0,584.3008,0,0,0,0,0,0,0,0,0,0,0,0,0,0,0,0,0,0,0,0,0,0,0,0,0,0,0,0,0,0,0,0,0,0,0,695.62665,0,0,0,
709,254.94447017786183,52.825,,,,,,,,,,,0,0,0,0,830.28046,0,840.40375,760.4351,0,657.0742,0,0,0,0,0,0,706.14124,0,0,540.69763,754.98334,688.3089,0,0,647.8647,704.6744,696.3223,679.1085,879.2596,508.99902,0,0,635.83527,993.324,665.5688,707.7182,0,0,0,846.94543,0,0,0,0,0,0,829.9585,772.4766,0,0,534.35046,0,715.81854,0,0,776.5381,770.11475,
177,255.0448944479244,50.486065,,,,,,,,,,,0,0,0,0,0,0,1551.2279,901.8748,0,0,0,0,0,0,0,0,0,0,0,0,0,0,0,0,816.9199,0,0,760.4469,937.07947,0,0,0,783.4214,1242.0635,0,0,0,0,694.05164,1027.0647,0,0,0,0,0,0,991.2403,686.0033,0,0,0,0,905.42206,0,0,1176.8823,1101.437,
239,257.0390854779278,50.90333,,,,,,,,,,,0,0,0,0,0,0,0,0,0,0,0,0,0,0,0,0,553.7738,0,0,0,0,0,0,0,0,0,0,0,0,0,0,0,0,0,0,492.92154,624.83325,0,0,0,0,0,0,0,0,0,0,0,0,0,0,0,0,0,0,0,0,
1822,264.890314977724,53.852,,,,,,,,,,,0,0,0,864.28015,0,0,0,0,0,0,1086.9373,785.97284,0,0,0,0,0,0,0,0,0,0,0,0,0,0,1307.4962,0,0,0,0,0,1093.5391,0,0,0,1248.4446,1354.894,0,0,844.289,0,0,0,0,1073.6025,0,1329.8453,0,0,0,0,0,0,0,0,0,
1776,264.8905459923929,53.79833,,,,,,,,,,,0,1164.5459,893.7565,0,0,0,0,0,1284.3187,0,0,0,0,0,0,0,1309.038,1133.1804,0,0,1319.9702,0,0,0,0,0,0,0,1329.6721,0,0,1318.9546,0,0,0,1306.1128,0,0,0,0,0,0,0,0,0,0,1251.6842,0,0,0,965.80975,1113.0588,0,0,0,0,0,
1580,264.8929358136063,53.629375,,,,,,,,,,,0,0,0,0,0,0,0,0,0,0,1115.2991,0,0,0,1313.5825,0,1333.6025,0,1253.7692,0,0,0,0,0,0,0,0,0,0,933.6659,0,0,0,0,0,0,0,0,0,0,0,0,0,0,0,0,0,1335.4769,0,1252.9634,0,0,1166.2161,0,0,0,0,
1988,264.8930427443036,53.96117,,,,,,,,,,,1331.4946,1256.9788,0,0,1375.9513,0,1301.2164,1352.8025,0,1223.1023,1143.2769,0,953.9693,0,1369.284,1428.7822,1370.5135,1186.7656,1299.6417,0,1316.97,1265.695,1222.4064,0,1237.8597,1216.0035,0,1243.1752,1352.4442,1005.8758,1242.8052,1358.0503,1163.3945,0,0,1401.0366,1330.5969,1395.9373,1353.1481,0,984.5613,1210.9333,0,0,0,1102.663,1378.0448,0,1256.7604,1285.6057,1004.03595,0,1205.46,1407.3207,1396.1605,0,0,
1375,264.89429459458404,53.47625,,,,,,,,,,,0,0,0,824.6659,0,0,0,1241.9326,0,0,0,0,0,0,0,0,1360.1543,0,0,0,0,0,0,0,0,0,0,0,0,0,0,0,0,0,0,0,0,0,0,0,0,0,0,0,0,0,0,0,0,0,0,0,1155.46,0,0,0,0,
1512,264.8948838601521,53.556427,,,,,,,,,,,0,1169.0271,0,0,0,0,1261.1945,0,0,0,0,0,0,1296.3442,0,1317.8928,0,0,0,0,0,0,0,0,0,0,0,0,0,0,1193.2299,0,1071.8572,1311.5973,0,0,0,0,0,1289.711,0,0,0,1301.7152,0,0,0,1367.0298,1189.428,0,0,0,1183.7793,1309.2252,0,1283.7479,0,
1301,264.8961952530665,53.389088,,,,,,,,,,,0,0,884.3831,0,0,0,0,0,0,0,0,0,883.06274,0,1302.0157,0,1338.8434,1131.0621,1212.4387,0,0,0,0,0,0,0,0,0,0,0,0,0,0,1297.8179,0,1278.5214,0,0,0,0,0,1149.6394,0,0,0,0,0,0,0,1260.4377,0,1123.3844,0,0,0,0,0,
1719,264.8970197055197,53.73119,,,,,,,,,,,0,0,0,0,1295.3246,0,0,0,0,0,1086.6855,0,870.2252,0,0,0,0,1116.9415,0,0,1345.4436,1223.405,0,0,1195.0869,0,0,1152.5145,0,948.29,1216.8777,0,1087.4789,1294.9069,1085.8317,0,0,1344.4868,0,1325.6365,0,0,1183.1732,0,0,0,1251.0598,1324.9569,0,0,971.32916,0,0,1351.7218,0,0,1286.2301,
1628,266.88840561657133,53.71824,,,,,,,,,,,0,1313.7499,0,0,0,1216.9683,1423.5433,0,0,0,1272.5011,893.36285,0,1522.2599,1512.423,0,0,0,1406.7355,0,0,1429.9624,0,1440.9124,0,0,1477.2217,1354.2985,1473.8915,0,1343.2203,0,0,0,1346.6172,0,0,0,0,0,0,1313.2334,0,0,0,0,0,0,0,0,1122.2844,0,0,0,0,0,0,
1940,266.8904724499873,53.958633,,,,,,,,,,,1484.6191,0,0,1043.2488,1611.8065,1338.6211,1558.9117,1489.6123,0,1453.6937,1380.7843,0,1163.2776,1569.339,1549.1451,1561.9774,0,1365.3256,1525.8278,1124.5247,0,0,1439.1484,1539.4417,0,1369.9852,1496.3436,0,0,1239.0399,1391.7699,1581.4528,0,1540.5989,1374.24,0,1496.3177,1558.3743,0,1611.9363,1046.2906,1374.3943,1468.882,1542.7087,0,0,1572.6711,0,0,1610.6176,0,0,0,1563.4113,1485.5391,1514.3181,1583.036,
1792,266.89081039209,53.810364,,,,,,,,,,,1407.4521,0,1078.7571,0,0,0,0,0,0,0,0,0,0,0,0,0,0,1309.8075,0,0,0,0,0,0,1342.8094,0,0,0,1515.8235,0,0,0,1303.4586,1488.6394,0,0,1414.6718,0,0,1561.0886,0,0,0,0,0,0,0,0,1389.1079,0,0,0,1388.4838,1532.3567,1492.759,0,1524.0736,
1582,266.89216472849944,53.632275,,,,,,,,,,,0,1317.647,0,0,0,0,0,1430.5973,1482.3864,1323.2739,0,850.85126,0,0,0,0,0,0,0,0,0,0,0,0,0,0,0,0,0,0,0,1450.5352,0,1525.511,0,0,0,0,0,0,1014.1729,0,0,0,0,1197.969,0,0,1403.712,1379.5328,0,0,0,0,0,0,0,
1884,266.8961168150224,53.88,,,,,,,,,,,0,0,0,0,0,0,0,0,0,0,0,895.81464,0,0,0,0,0,0,0,0,0,0,0,0,0,0,0,0,0,0,0,0,0,0,0,0,0,0,0,0,0,0,0,0,0,0,0,1470.7306,0,0,1116.556,0,0,0,0,0,0,
1433,266.89674819364893,53.488846,,,,,,,,,,,0,0,1089.966,0,0,1172.9558,0,1451.3256,1495.4504,1340.693,1326.0157,857.6921,0,0,0,0,1513.2046,0,0,1155.0454,0,0,1336.6047,1483.815,0,1365.9532,0,1330.7244,1525.9006,0,0,0,0,0,0,1518.9811,0,0,1491.7832,0,999.1664,0,0,0,1483.217,1219.2046,0,1461.4191,0,1357.3834,0,1333.1677,1429.5695,1469.4584,1549.2279,0,1543.8627,
1277,266.90195656158255,53.391663,,,,,,,,,,,0,0,0,0,0,0,1425.4341,0,0,0,0,0,0,0,0,0,0,0,0,0,0,0,0,0,0,0,0,0,0,1083.3033,0,0,0,0,0,0,0,0,0,0,994.45404,0,0,0,0,0,0,0,0,0,0,0,0,0,0,0,0,
961,267.8825394610047,53.095,,,,,,,,,,,0,0,0,0,0,0,0,0,0,534.58057,0,0,0,0,0,0,0,0,0,0,0,0,0,0,0,0,0,0,0,0,0,0,0,590.6793,0,0,0,0,0,0,0,0,0,0,0,0,0,0,0,0,0,0,0,0,0,0,601.4371,
1900,267.88955982860114,53.891,,,,,,,,,,,0,0,0,0,0,0,604.66266,0,0,0,501.23636,0,0,0,596.0297,0,586.3331,515.2445,0,0,0,0,0,0,0,0,576.4668,0,0,0,558.8081,0,0,0,0,617.981,0,0,0,0,0,0,0,0,618.5338,0,0,0,0,0,0,0,0,0,588.5855,0,0,
1557,267.89488405941535,53.605354,,,,,,,,,,,0,531.04645,0,0,0,489.45343,0,0,0,0,533.2785,0,0,0,0,0,0,0,558.05457,0,0,0,0,0,0,0,0,0,0,0,546.8581,0,0,592.9559,0,0,543.7555,570.0977,0,0,0,0,564.46814,582.5936,590.21576,0,0,0,563.21674,0,0,506.4119,529.0196,0,0,0,0,
1717,267.89595528038893,53.7295,,,,,,,,,,,0,0,0,0,592.1232,0,0,557.5538,615.0827,0,0,0,0,0,0,0,0,506.33932,571.5832,0,0,0,589.7601,0,0,0,594.9255,560.26807,588.1556,0,556.2847,615.2066,528.8339,0,0,0,0,0,0,0,0,0,0,595.9359,621.0082,0,578.8761,585.8032,542.2452,568.87384,0,0,0,618.2406,0,544.1017,0,
1287,267.89613264499076,53.407997,,,,,,,,,,,0,0,0,0,0,0,575.52563,0,576.70184,512.2256,530.57635,0,0,0,0,0,0,0,0,0,0,0,538.3276,0,0,0,0,0,0,0,0,0,0,0,0,0,0,0,0,0,0,0,0,0,0,0,0,0,0,0,0,0,0,0,0,0,0,
1613,267.89736359025534,53.668335,,,,,,,,,,,0,0,0,0,0,488.8215,0,0,0,0,0,0,0,569.5224,0,0,0,0,0,0,600.2491,0,0,0,0,0,0,0,0,0,0,0,0,626.0193,0,0,0,0,598.48315,0,0,0,0,0,0,0,0,0,0,552.1497,0,0,0,0,0,0,0,
1190,267.8978749092292,53.31667,,,,,,,,,,,0,0,0,0,0,0,0,546.712,0,0,0,0,401.40765,0,0,0,0,0,0,0,0,0,0,0,0,0,0,0,0,0,0,0,560.7849,0,0,0,0,0,0,0,0,0,0,0,0,0,0,0,0,0,0,0,0,0,0,0,0,
1800,267.9005429214522,53.824997,,,,,,,,,,,0,0,0,0,0,0,558.9395,550.4622,0,0,503.99673,0,0,0,0,0,0,0,0,0,0,0,549.4086,553.3351,0,0,0,0,0,0,0,603.87805,517.76953,0,0,578.1422,0,0,602.8323,576.14545,0,0,0,0,0,0,0,0,0,0,0,571.5018,0,0,0,0,0,
1457,267.90172087332877,53.50618,,,,,,,,,,,549.187,0,0,0,588.1059,0,0,547.9588,0,0,0,0,0,0,0,583.97845,564.6692,532.24976,0,0,563.85,0,0,0,0,0,0,0,615.7931,0,0,0,569.29584,0,0,0,0,0,0,617.0569,0,0,539.813,0,0,0,598.9886,0,526.1736,0,0,0,554.7032,612.2073,582.4619,537.52075,0,
1930,267.90332618454795,53.956654,,,,,,,,,,,0,0,0,0,0,806.4766,586.6309,613.5175,608.0291,0,0,0,0,0,0,608.0219,579.08203,549.96405,816.14777,0,611.4096,599.63385,607.97546,682.95917,0,0,581.5495,641.3599,645.45306,0,0,652.8336,567.6581,722.5914,0,0,592.949,0,655.1164,627.88196,0,566.4511,610.16315,594.2151,0,0,821.03174,600.3916,587.7352,745.4253,0,533.55804,541.76886,625.8833,0,582.1657,635.43805,
1113,267.91087576085806,53.194996,,,,,,,,,,,0,0,0,0,0,0,0,0,0,0,0,0,0,0,0,0,0,0,557.48676,0,0,0,0,0,0,0,0,0,0,0,0,0,0,0,0,0,0,565.3534,0,0,0,0,0,0,0,0,0,0,0,0,0,0,0,604.5338,0,0,0,
1189,268.89801525665206,53.315624,,,,,,,,,,,0,0,0,0,0,0,637.98956,0,0,629.34784,0,0,0,0,625.66327,0,0,547.1589,0,0,0,607.3008,0,0,0,0,653.2556,0,0,0,0,634.29913,0,0,0,0,0,0,0,0,0,0,0,0,0,0,0,0,0,0,0,0,657.96533,0,0,0,0,
1877,268.9001323693611,53.879616,,,,,,,,,,,0,617.01245,0,0,0,0,0,0,0,0,0,0,0,665.02844,0,649.5384,0,0,0,0,0,606.84143,0,606.87286,0,0,0,0,0,0,0,0,0,0,551.1909,0,0,662.8581,0,0,0,591.23145,0,0,0,553.4662,0,657.8977,0,0,0,576.1713,0,0,0,615.44196,669.8339,
1569,268.9016022023786,53.62,,,,,,,,,,,0,584.1657,0,0,0,0,0,0,0,0,544.05035,0,0,0,624.3988,0,660.1958,0,633.55475,0,0,0,0,620.05426,575.255,0,660.73883,0,0,0,0,0,579.8287,0,607.5861,0,625.93854,686.0984,0,648.49396,0,0,0,0,0,0,0,0,618.5897,0,0,566.0866,0,0,0,635.74927,0,
1703,268.9022454905753,53.720276,,,,,,,,,,,0,608.3802,0,0,0,0,639.4292,0,668.4704,0,0,0,0,0,0,691.94543,0,588.59204,613.0634,506.92972,0,0,596.1589,0,0,584.43414,642.0765,0,0,0,0,0,0,655.29584,0,0,0,0,0,650.32135,0,581.4619,622.4443,0,650.59564,531.4322,0,0,0,622.8804,0,0,647.56323,0,0,0,0,
1781,268.9041050708924,53.80357,,,,,,,,,,,0,0,0,0,0,531.06635,0,0,0,587.2419,0,0,0,0,0,0,0,0,0,522.3132,0,0,0,0,0,0,0,0,0,0,0,0,596.2053,0,0,626.9055,0,0,0,0,0,0,0,0,636.9516,0,0,0,0,0,0,0,0,0,0,644.18994,0,
1100,268.90421075865294,53.186428,,,,,,,,,,,0,0,0,0,0,0,0,0,733.4472,0,537.3004,0,0,0,0,0,0,0,0,0,0,0,0,0,0,0,0,0,0,0,0,0,575.69073,0,0,631.526,636.5378,0,0,0,0,0,0,0,0,0,0,0,0,0,0,561.1445,0,720.051,0,0,0,
1944,268.90531581437006,53.959362,,,,,,,,,,,634.6728,644.6391,0,0,726.8519,581.75385,680.7473,653.05164,658.53876,638.82117,624.55505,0,0,0,678.93823,0,682.5672,614.4482,0,526.0673,688.2285,623.2485,607.67865,675.81433,640.14484,586.7143,737.7754,660.62994,0,0,633.7476,675.3197,621.84143,699.78656,0,665.44653,651.93756,0,690.33215,696.8954,0,626.204,646.662,681.8604,0,0,710.4289,664.9467,0,703.9804,0,592.67474,623.6669,0,714.96893,673.52075,707.6185,
1454,268.90963801066175,53.502693,,,,,,,,,,,0,0,0,0,674.5969,0,647.81824,0,0,588.0487,0,0,0,646.1883,0,645.932,0,0,650.49005,0,0,0,0,0,0,0,0,0,670.594,0,0,0,600.8016,0,0,0,0,0,0,0,0,0,616.05133,631.849,0,546.6953,660.4655,0,0,616.48773,0,0,0,0,0,0,0,
991,268.90977993893915,53.11333,,,,,,,,,,,0,0,0,0,0,575.1628,0,0,0,0,0,0,0,0,0,0,0,0,673.5966,0,0,0,0,0,0,0,0,0,0,0,581.084,0,0,0,0,0,0,0,0,0,0,0,0,0,0,0,0,0,0,0,0,0,0,0,0,0,0,
1300,268.91561734615084,53.422997,,,,,,,,,,,0,0,0,0,0,0,0,0,0,0,0,0,0,0,0,0,0,588.85583,0,499.53156,0,0,0,0,0,0,642.85486,0,0,0,574.09283,0,0,0,0,0,0,0,0,0,0,0,0,0,0,0,0,0,0,0,0,575.8859,0,0,0,0,0,
717,268.93973777254564,52.8255,,,,,,,,,,,0,0,0,0,636.6293,0,0,0,0,0,0,0,0,0,0,0,0,0,0,0,0,0,0,0,591.86664,0,0,0,692.338,0,0,0,0,718.7581,576.7257,0,0,0,0,670.14514,0,0,0,0,0,0,0,667.65283,0,0,0,0,619.5914,0,666.6721,622.2864,0,
203,269.0655330049806,50.489002,,,,,,,,,,,0,0,0,0,0,0,853.559,0,0,0,0,0,0,0,0,0,0,0,0,0,0,0,0,0,0,0,0,0,0,0,0,0,0,845.9542,0,0,0,0,0,678.2285,0,0,0,0,0,0,0,0,0,0,0,0,0,0,0,695.4894,675.1383,
1416,270.99018827271556,53.485,,,,,,,,,,,0,0,0,0,0,0,0,0,0,0,465.83002,0,0,0,0,0,0,0,0,0,0,0,0,0,0,0,506.17294,0,491.63583,0,0,0,572.272,0,0,0,0,0,0,0,0,0,0,0,0,0,0,0,0,0,0,0,539.9758,0,0,0,582.358,
826,273.02584273550633,52.916668,,,,,,,,,,,0,0,0,0,0,0,0,0,0,0,0,0,0,0,0,0,514.3939,0,0,0,0,0,0,0,0,0,0,0,0,0,0,0,533.64435,0,0,0,543.37823,0,0,0,0,0,0,575.0788,0,0,0,0,0,0,0,0,477.6672,0,0,0,525.9856,
781,275.0970850731517,52.912724,,,,,,,,,,,0,0,0,644.6724,0,0,0,0,0,0,0,0,0,0,0,0,999.3763,0,0,0,0,0,0,0,0,0,0,0,0,0,0,0,952.8555,0,0,948.8107,1049.2135,831.14844,0,0,661.9111,938.8987,0,1159.9513,0,0,0,0,0,0,0,0,925.6463,0,0,0,1118.5015,
1971,280.91014181643385,53.960217,,,,,,,,,,,0,0,5777.4004,5287.379,0,6422.255,7895.9995,7572.625,0,7074.871,0,4950.4575,5604.939,8037.3813,0,0,0,0,0,6009.9697,0,0,0,0,7184.369,0,7946.055,0,8111.951,5866.9136,0,8253.77,0,8080.244,7056.3545,0,7831.782,8364.91,8356.2,0,0,7124.8657,7493.8057,0,0,0,0,0,0,0,0,0,0,8045.57,0,0,0,
1985,281.9110304934329,53.961105,,,,,,,,,,,0,2251.6646,1672.2269,1486.2318,2354.8533,1885.3828,0,0,2370.2817,2040.0078,1937.3544,0,1611.4309,2362.9546,2383.1882,0,2536.0315,2083.255,2225.7463,1751.8911,2411.1333,2236.5833,2121.2505,2326.2915,2167.5808,2067.5757,2320.889,2151.0,2308.6172,1704.9608,2200.5864,2367.4304,1969.6696,2319.759,2100.072,2399.3643,2295.1592,2492.81,2338.2964,0,1692.8685,2094.8162,0,2413.2385,2389.246,1842.1144,2393.6738,2330.3188,2184.2273,2249.846,1758.848,2014.1893,2037.3495,0,2341.8438,2180.2327,2358.1738,
1767,281.91130871976753,53.786873,,,,,,,,,,,0,0,0,0,0,0,0,2110.1501,0,0,0,0,1514.2141,0,0,0,0,0,0,0,0,0,0,0,2013.0778,0,0,1964.8137,2230.8499,0,0,0,1959.2377,2219.4592,0,0,0,0,0,0,0,1944.8644,0,0,0,0,0,0,0,0,0,0,0,0,0,0,0,
1540,281.9114813906307,53.583332,,,,,,,,,,,0,0,0,0,0,0,0,0,0,0,0,0,0,0,0,0,0,0,0,0,0,0,0,0,0,0,0,0,0,0,0,0,0,0,0,0,0,0,0,2234.8013,0,0,0,0,0,0,0,0,0,0,0,1927.6718,0,0,0,2086.458,0,
1823,281.91191927227726,53.853752,,,,,,,,,,,0,0,0,0,0,0,0,0,0,0,1926.6182,0,0,0,0,0,0,0,0,0,0,0,0,0,0,2003.2377,0,0,0,0,0,0,0,0,0,0,0,0,0,0,0,0,0,0,2226.921,0,0,0,0,0,0,0,0,0,2210.1604,0,0,
1693,281.914355682285,53.71318,,,,,,,,,,,0,0,0,1444.949,0,0,0,0,2266.5515,0,0,1370.6158,0,0,0,0,0,0,0,0,0,0,0,0,0,0,0,0,0,1666.9412,2009.1837,0,1909.0575,0,0,0,2122.981,0,0,0,0,0,0,0,0,0,2156.6853,2278.206,0,2086.6843,0,0,0,0,0,2111.1462,0,
1597,281.91480626442535,53.645,,,,,,,,,,,0,0,0,0,0,0,0,0,0,0,0,0,0,0,0,0,0,0,0,0,0,0,0,0,0,0,0,2027.4835,0,0,0,0,0,0,0,2317.6985,0,0,0,0,0,0,0,0,0,1794.0739,0,0,0,0,0,0,0,0,0,2109.9158,0,
1448,281.91627634272913,53.49563,,,,,,,,,,,0,0,0,0,0,0,2233.603,0,0,2014.4031,1896.1553,0,0,0,0,0,0,0,0,0,0,0,0,0,0,0,2220.4263,0,2240.024,0,0,0,0,0,0,0,0,0,0,0,0,0,0,0,2293.3018,0,0,0,0,0,0,0,1981.8545,0,0,0,2275.627,
1986,282.915888515749,53.96114,,,,,,,,,,,1468.6378,0,0,0,1571.9497,0,0,1525.6025,1621.4688,1407.9252,0,963.9111,1066.7551,1575.592,1563.8405,1569.6205,1580.352,0,1572.6838,1284.4625,1644.5901,1528.6505,1458.5989,1584.8925,1496.7682,1419.5375,1649.7395,1473.2096,1708.5688,1199.7719,0,1573.919,1397.9523,0,1428.0916,1589.8333,1580.828,1605.437,1574.7937,1688.706,1109.795,1444.6208,1465.6548,1608.6653,0,0,1598.662,0,1466.1932,1541.3737,0,0,0,0,0,1542.691,0,
1708,282.91717231600273,53.72719,,,,,,,,,,,1424.9899,0,0,993.6401,0,1215.0608,0,1456.863,0,0,0,0,1049.8732,1533.7976,0,0,1534.8555,1341.961,0,0,0,0,0,0,0,0,0,0,0,1118.4031,0,1509.3285,0,0,0,0,0,1506.1163,0,0,0,0,0,1522.405,0,0,0,0,1434.1213,0,0,0,1383.0867,0,0,1495.4786,1545.7362,
1893,282.9188261061471,53.886497,,,,,,,,,,,0,0,0,1043.3883,0,0,0,0,0,0,0,942.0376,0,0,1585.2625,0,0,1347.9353,0,0,0,0,0,0,0,0,0,0,0,0,1393.7738,0,0,0,0,0,0,0,0,0,0,1339.678,0,0,1515.9055,0,0,0,0,0,1202.3386,0,1436.8169,0,0,0,1573.7214,
1804,282.91962268589384,53.828003,,,,,,,,,,,0,0,0,0,0,0,1485.5018,0,1532.3524,0,0,0,0,0,0,0,0,0,0,0,0,1495.7783,0,0,0,0,0,1384.0654,0,0,0,0,0,0,0,0,1488.7349,0,0,0,1036.1903,0,1438.3429,0,0,0,1517.2899,0,0,0,1219.8685,0,0,1570.999,0,0,0,
1455,282.92214466696225,53.50425,,,,,,,,,,,0,1385.6696,1074.0604,0,0,1210.4541,0,0,0,0,0,0,0,1505.1771,0,0,0,1339.7692,0,1174.5414,1506.4237,0,0,1498.765,0,0,0,0,0,1110.4777,0,0,1287.1833,0,0,0,0,0,0,0,1033.7904,1360.9987,1471.2147,0,1548.6339,1258.8726,1474.6846,0,0,0,0,1307.3295,1397.7666,0,0,1482.253,1530.1442,
1601,282.9226146775683,53.652855,,,,,,,,,,,0,0,0,1004.0307,0,0,0,0,1524.2749,0,0,0,0,0,0,0,0,0,0,0,0,0,1349.035,1446.8928,0,0,0,0,0,1097.3217,0,1480.8533,0,0,0,0,0,0,0,0,0,0,0,0,0,0,0,0,0,0,1174.6624,0,0,0,0,0,0,
1545,282.92373716901983,53.588333,,,,,,,,,,,0,0,0,0,1507.2952,0,0,0,0,1365.2922,0,922.0376,0,0,0,0,0,0,1420.0536,0,0,0,0,0,0,0,0,1327.9244,0,0,0,0,0,0,0,0,1476.6963,0,1522.2079,0,1054.4927,0,0,0,0,0,0,0,1440.4816,0,0,0,0,0,0,0,0,
723,282.94569954126723,52.826664,,,,,,,,,,,0,0,0,0,0,0,1579.1595,1486.2697,0,0,0,0,0,0,0,0,0,0,0,0,0,0,0,0,0,0,0,0,0,0,0,0,0,1624.6342,0,0,0,0,0,0,0,0,0,0,0,0,1536.3037,1559.1101,0,0,0,0,0,0,0,1523.0968,0,
724,297.02987879367964,52.826664,,,,,,,,,,,0,0,0,0,0,0,430.93036,0,0,0,0,0,0,0,0,0,0,0,0,0,0,0,0,0,0,0,0,0,0,0,0,0,0,504.76233,0,0,0,0,0,0,0,0,0,0,0,0,0,0,0,0,0,0,0,0,0,420.28702,0,
184,297.06997681525735,50.486668,,,,,,,,,,,0,0,0,0,0,0,638.17163,0,0,0,0,0,0,0,0,0,0,0,0,0,0,0,0,0,0,0,0,0,0,0,0,0,0,571.9954,0,0,0,0,0,0,0,0,0,0,0,0,0,0,0,0,0,0,0,0,0,552.04645,0,
776,301.08996122955176,52.91214,,,,,,,,,,,0,0,450.3684,835.373,0,0,0,0,0,0,557.20135,0,0,0,0,0,1205.8777,0,0,0,0,0,0,0,0,0,0,0,0,0,0,0,1325.1151,0,0,1292.8967,1311.6168,1040.1243,0,0,812.50146,1180.014,0,1435.269,485.6123,0,0,0,0,0,0,0,1248.557,0,0,0,1469.6466,
160,311.0832743702546,50.484158,,,,,,,,,,,0,0,0,0,485.6636,0,1727.4543,937.2409,473.4763,0,0,0,0,0,0,0,633.67535,0,0,0,0,0,0,0,841.8431,508.23602,621.69666,747.2821,1059.0667,0,0,0,793.083,1555.866,481.695,679.7208,701.9163,0,614.5711,1070.6489,0,0,0,528.14087,456.58417,0,1138.4648,709.8872,0,0,0,0,955.2491,0,0,1342.4874,1129.624,
1922,323.95754714103293,53.95125,,,,,,,,,,,0,0,0,0,0,1008.0742,0,0,0,0,0,0,867.41254,0,0,0,0,0,734.8712,0,0,0,0,0,0,0,0,0,0,0,0,0,0,0,0,0,0,0,0,0,0,0,0,0,0,0,705.3207,0,0,0,0,0,0,0,0,0,0,
1929,324.8638401106003,53.95583,,,,,,,,,,,0,0,0,0,0,0,0,0,0,0,0,0,0,0,0,0,0,0,0,0,0,0,0,0,427.89178,0,0,426.4884,444.36417,0,0,0,0,498.73553,0,0,0,0,0,0,0,0,0,0,0,0,548.6094,0,0,0,0,0,0,0,0,402.7787,0,
1748,324.8702648085328,53.768337,,,,,,,,,,,0,0,0,0,0,0,0,0,0,0,0,0,0,0,0,0,0,0,0,0,0,0,0,0,404.12357,0,0,0,0,0,0,0,0,0,0,0,0,0,0,0,0,0,0,0,0,0,0,0,0,0,0,0,412.93103,0,0,0,445.36908,
1503,324.8734026401534,53.547997,,,,,,,,,,,0,0,0,0,0,0,409.7195,411.5283,0,0,0,0,0,0,0,0,0,0,0,0,0,0,0,0,0,0,0,0,453.814,0,0,0,0,448.60477,0,0,0,0,0,0,0,0,0,0,0,0,0,0,0,0,0,0,0,0,0,0,447.84634,
731,324.92417429763293,52.828503,,,,,,,,,,,0,0,0,0,0,0,503.101,475.94803,0,0,0,0,0,0,0,0,0,0,0,0,0,0,0,0,0,0,0,405.43674,446.14874,0,0,0,0,478.8189,0,0,0,0,0,514.2638,0,0,0,0,0,0,471.2733,0,0,0,0,0,424.74503,0,0,441.6502,483.3063,
192,325.0930604848056,50.48773,,,,,,,,,,,0,0,0,0,0,0,884.52795,573.25696,0,0,0,0,0,0,0,0,0,0,0,0,0,0,0,0,489.72833,0,0,423.34225,586.82837,0,0,0,0,791.8483,0,0,0,0,0,592.26184,0,0,0,0,0,0,617.99774,0,0,0,0,0,552.9706,0,0,699.1733,627.5479,
1450,326.87202331373226,53.49875,,,,,,,,,,,0,0,0,0,0,1530.2681,0,0,0,0,0,0,0,0,0,0,0,0,0,0,0,0,1783.3282,0,0,1745.3135,0,1741.8921,0,0,0,0,0,0,0,0,0,0,0,0,0,0,0,0,0,0,0,0,0,0,0,0,0,0,0,0,0,
1640,326.8732010116317,53.696667,,,,,,,,,,,0,0,0,0,0,0,0,0,0,0,0,0,0,0,0,0,0,0,0,0,0,0,0,0,0,0,0,0,0,0,1777.9712,0,1742.002,0,0,0,0,0,0,0,0,0,0,0,0,0,0,0,0,0,0,0,1813.4044,0,0,0,0,
1852,326.87707602496835,53.87115,,,,,,,,,,,1878.2782,1820.7499,0,0,0,0,0,1924.8558,0,0,0,0,0,0,2026.5397,0,0,0,0,0,1987.9591,0,0,1986.5385,0,1798.0988,0,0,0,0,0,0,0,0,1691.1644,0,0,0,2043.7728,0,1360.8248,0,0,0,2071.2122,0,0,0,1906.3047,0,1495.5057,0,0,0,0,0,0,
2003,326.8771909990547,53.96182,,,,,,,,,,,0,2057.804,0,0,0,1595.7296,2035.0045,0,2176.8555,1807.7902,1753.1173,1175.4296,0,2134.598,0,2169.8696,2235.7717,1822.4482,1913.5365,0,2126.4175,1934.3478,0,2046.7653,1986.5934,1868.288,2031.4146,0,2183.2307,0,1867.1553,2143.5063,1894.983,0,1769.1975,2196.4946,2141.7307,0,2085.789,2145.8293,0,1911.4802,1919.729,2110.5469,0,1683.2086,0,2041.0978,1968.7375,1934.6117,1578.2517,1854.237,1973.5901,2201.5552,2097.8428,1960.3799,2151.78,
1587,326.8782004871266,53.635006,,,,,,,,,,,0,0,0,0,1991.9673,1545.2059,1933.1432,1892.9346,0,0,0,0,0,0,0,0,2076.4417,0,0,0,2001.9285,0,0,0,0,0,0,0,0,0,0,0,1741.8381,0,0,0,0,0,0,0,0,0,0,0,0,0,1909.8601,2048.5706,1891.491,0,0,1744.0471,0,0,0,0,0,
1759,326.8786192227989,53.777645,,,,,,,,,,,0,0,0,0,0,0,1979.0107,0,2070.2954,1735.558,0,1125.0137,0,2001.8441,0,0,2079.5793,1770.5305,1854.2675,0,0,1900.3481,1800.5718,0,0,1764.0961,0,0,0,0,0,0,0,0,0,0,0,0,0,2058.644,1308.898,0,0,2062.992,0,1651.2704,0,0,1841.5479,0,0,1766.5839,0,0,0,0,0,
1525,327.86900799751993,53.57,,,,,,,,,,,0,0,0,0,0,0,0,651.45245,0,0,0,0,0,682.17554,0,0,0,0,0,0,0,0,0,0,0,0,0,0,0,0,0,0,0,0,0,0,0,0,0,0,0,0,0,721.5593,0,0,0,0,0,0,0,0,629.6368,0,684.8297,0,0,
1443,327.8744153313165,53.494495,,,,,,,,,,,0,0,0,0,0,0,0,0,0,0,0,0,0,0,0,0,0,0,0,0,0,631.8846,626.019,0,0,611.05066,694.5976,0,0,0,0,675.9774,0,693.0602,0,702.19025,707.26807,0,0,0,0,0,0,0,0,0,0,698.2916,0,0,0,0,0,736.00684,0,0,0,
1183,327.8761146218464,53.313,,,,,,,,,,,0,0,0,0,0,0,0,0,0,0,0,0,0,0,0,0,0,0,0,0,0,0,0,0,0,600.8107,0,0,0,0,640.6793,0,0,0,0,0,0,0,0,698.6845,0,0,645.4887,0,0,0,696.0726,0,0,0,0,0,0,0,0,0,0,
1983,327.876853582064,53.96099,,,,,,,,,,,661.93036,616.4966,0,0,751.5299,581.2818,702.73456,0,0,0,0,0,0,0,732.8611,756.52563,756.09644,631.6129,707.30206,575.66754,738.1164,679.2703,678.92255,755.51294,692.1772,670.62506,0,0,793.1213,0,0,723.11346,0,716.45013,0,0,733.0419,752.74896,0,0,0,663.89703,681.41907,0,735.0487,593.594,0,0,675.1275,663.1033,0,0,0,750.2409,0,681.7872,0,
1584,327.877661009584,53.634407,,,,,,,,,,,0,628.41846,0,0,699.4658,561.1896,684.6123,0,0,602.90125,603.41907,0,0,0,0,704.4253,0,0,636.00555,0,0,0,0,635.72375,0,588.6927,0,627.25006,0,0,0,692.813,0,699.97156,590.09906,0,0,0,0,700.4819,0,0,0,0,675.16705,0,0,0,0,0,0,609.9186,0,0,0,0,0,
1721,327.87887808429866,53.731564,,,,,,,,,,,0,0,0,0,0,561.5561,0,646.0438,703.3122,612.5593,0,0,0,0,0,699.27985,0,0,0,0,0,0,623.94604,651.27167,0,0,719.44916,691.0647,0,0,0,0,618.09674,0,609.407,0,0,0,0,731.6525,0,0,644.7561,0,0,596.2962,0,0,671.2442,0,0,0,628.168,0,0,0,0,
1785,327.8794989218064,53.805,,,,,,,,,,,661.6136,0,0,0,0,0,0,0,0,0,0,0,0,0,0,0,0,644.5414,0,531.6437,0,0,0,0,0,610.4848,0,0,0,0,0,0,0,711.2864,600.1625,0,0,0,0,0,0,0,648.6868,0,698.6241,0,675.2455,0,0,639.02814,0,0,0,0,0,0,0,
1842,327.88345325784843,53.86846,,,,,,,,,,,0,661.0098,0,0,683.81824,587.4325,678.36646,0,793.353,609.1697,0,0,0,694.5485,0,0,0,0,641.6149,0,729.86304,660.05066,639.57733,688.3867,0,0,0,652.2553,0,0,645.218,0,610.1769,0,606.16705,693.5865,0,0,0,731.48706,0,613.4838,0,709.9853,0,576.78394,0,687.11017,651.8231,0,568.2936,617.05884,0,814.56586,0,0,0,
1285,327.88462476476053,53.405415,,,,,,,,,,,0,0,0,0,0,0,0,0,0,0,0,0,0,0,0,698.20825,0,606.6061,645.559,544.59595,0,0,640.3511,0,0,0,0,0,711.27234,0,0,0,0,701.69794,0,0,0,0,0,0,0,0,0,705.78296,704.92676,0,0,712.22064,0,0,0,0,617.54236,0,0,652.6875,0,
1925,328.87178637148764,53.95348,,,,,,,,,,,0,531.73584,0,0,561.117,0,0,543.85516,0,0,0,0,0,559.05756,0,569.5041,0,0,0,0,598.712,0,511.457,557.6348,0,534.0935,590.01733,0,582.745,0,0,563.56067,0,0,0,0,0,581.4593,607.26807,0,0,0,529.7708,594.4737,570.20825,0,0,557.8192,558.54034,564.22064,0,0,528.6198,0,0,549.65186,575.4318,
1473,328.87352581785257,53.53,,,,,,,,,,,0,0,0,0,532.2396,0,0,0,0,505.16052,0,0,0,0,551.4838,574.4011,0,0,0,0,578.36615,0,506.02255,0,0,0,579.40735,0,568.19775,0,0,0,0,553.764,0,0,0,0,561.9631,0,0,0,0,0,0,0,535.1141,0,0,0,0,0,512.77966,0,569.8016,537.36285,0,
1291,328.87428178090823,53.412003,,,,,,,,,,,0,0,0,0,0,0,524.53284,532.0157,0,0,0,0,0,0,0,0,0,0,490.9722,0,0,0,0,525.7901,0,487.90488,583.0075,0,0,0,0,518.52075,0,0,0,0,543.5682,566.0899,0,0,0,0,0,0,548.6312,0,0,538.0778,527.67737,0,0,0,0,564.8951,533.98694,0,612.9016,
1558,328.87856260696543,53.60667,,,,,,,,,,,0,0,0,0,0,0,0,0,0,494.14188,0,0,0,0,0,0,0,0,0,0,0,0,522.36975,0,0,478.76462,0,0,0,0,0,561.22327,0,0,0,0,0,0,0,598.97186,0,0,532.9101,0,0,0,0,0,0,0,0,0,0,0,0,0,0,
1727,328.8800880892675,53.736538,,,,,,,,,,,0,0,0,0,556.1896,0,554.5868,0,0,553.3753,0,0,0,567.6348,540.26874,564.83,0,0,523.7784,0,0,0,0,548.7244,0,0,0,0,0,0,498.9529,0,0,0,0,0,0,0,576.2749,0,0,0,0,0,0,0,545.52106,604.0889,0,0,0,0,0,0,0,0,587.27295,
1614,328.8807903383611,53.668335,,,,,,,,,,,0,526.54266,0,0,0,0,0,0,0,0,0,0,0,0,534.9915,0,0,0,0,0,0,0,0,0,0,0,0,0,0,0,542.0938,0,0,0,0,0,545.1697,0,0,0,0,0,0,551.81854,538.0343,0,0,0,514.2004,0,0,0,0,575.56525,535.9997,0,0,
1166,328.88274983013565,53.288334,,,,,,,,,,,0,0,0,0,0,0,0,0,559.3158,0,0,0,0,0,0,0,547.61816,0,0,0,553.9778,0,0,542.3125,0,0,0,0,0,0,0,0,0,0,0,0,0,0,0,0,0,0,0,0,535.30634,0,538.9771,0,0,0,0,0,0,0,0,0,0,
1791,328.88350796356906,53.81,,,,,,,,,,,0,0,0,0,0,0,0,0,0,0,0,0,0,531.4809,0,0,559.0477,0,0,0,557.1618,0,0,0,0,0,0,0,0,0,0,0,0,0,0,0,0,0,0,0,0,0,0,0,0,0,0,0,0,0,0,0,0,0,0,0,0,
1856,328.89414059658026,53.871765,,,,,,,,,,,0,0,0,0,0,0,537.3913,0,1321.694,511.93527,0,0,0,0,559.1801,0,596.4946,0,515.782,0,0,0,0,0,0,0,571.5642,0,582.728,0,506.02975,535.8048,0,565.14905,0,0,556.81006,0,0,608.0049,0,0,0,0,0,0,586.06213,0,718.29224,0,0,0,0,1261.1099,0,528.5917,0,
1941,330.9096322715998,53.95871,,,,,,,,,,,1021.7522,0,789.96075,750.85254,1135.7117,0,1095.6659,0,0,993.6394,952.3655,0,811.9974,0,1125.4633,1101.376,1105.5842,998.50574,1034.5162,0,0,0,1012.62274,1083.2955,1022.9147,1015.69073,1059.5264,1046.4191,1158.9784,0,997.11475,1096.9883,0,1139.5669,959.2249,1178.746,0,1185.2468,1173.8748,1177.698,833.3753,1018.8454,0,1117.4272,1153.4645,0,1075.6891,1124.1141,1050.7247,1085.8983,0,0,1003.91895,0,0,1088.3733,1137.3658,
1192,330.9103263475448,53.31875,,,,,,,,,,,0,0,0,0,0,0,1040.0765,0,0,0,0,0,0,0,0,0,0,0,0,0,0,0,0,0,0,0,0,0,0,0,0,0,0,0,0,1090.2798,1039.0298,0,0,0,0,0,0,0,0,0,0,0,0,0,0,0,986.0222,0,0,0,0,
1700,330.910458467538,53.718006,,,,,,,,,,,0,0,0,0,0,0,0,1073.9242,0,960.70807,0,0,0,0,0,0,0,0,0,0,0,1022.76526,989.7594,0,0,0,0,0,0,0,0,0,0,0,0,0,0,0,0,0,0,0,1036.3772,0,0,0,0,0,0,0,0,0,0,0,0,0,0,
1475,330.9111741982494,53.541252,,,,,,,,,,,0,0,784.6293,0,0,0,1064.2867,0,0,991.44037,0,0,766.53284,0,1071.8323,0,1158.6727,0,0,814.18274,0,0,0,0,0,0,1049.7865,953.4534,0,787.37396,949.77673,0,0,1076.964,0,1113.2164,0,0,0,0,741.2292,0,0,0,0,886.6038,1072.8058,1105.3789,0,974.9879,813.42664,0,0,0,1047.6055,0,0,
1764,330.9128453255708,53.781876,,,,,,,,,,,982.01764,0,760.864,0,0,0,1067.2219,1026.8617,1134.3073,0,0,0,750.27985,0,1109.0657,1066.2844,1107.0013,951.39294,0,0,1100.1605,1050.0664,0,1062.0226,0,0,1032.5244,977.85455,0,811.83984,987.6008,0,0,1076.2883,997.3462,1125.8068,1040.5558,0,0,0,0,0,0,0,0,0,0,0,0,0,0,953.2739,0,1090.677,0,1054.2991,0,
1600,330.91401174903336,53.651566,,,,,,,,,,,980.1481,1062.0095,0,0,0,0,1046.5233,1024.8654,0,0,0,661.4358,0,1103.4452,0,0,0,0,1013.3279,0,0,0,0,0,0,0,0,0,0,0,947.49786,1045.6705,960.47076,0,928.39,0,0,0,1099.8293,0,0,0,0,1095.6208,0,897.86206,0,0,0,0,0,0,0,0,1052.032,0,1079.862,
1814,330.91566425774465,53.869526,,,,,,,,,,,0,1009.286,0,740.10394,0,0,1091.0045,0,1091.3861,974.27167,0,677.75775,743.71594,0,1066.3583,0,0,978.1167,0,809.7558,0,0,0,0,1008.5152,0,1039.609,0,0,0,943.4658,0,0,0,972.7519,0,0,1085.541,0,0,0,0,0,0,1062.185,888.5917,1037.0719,0,0,0,860.93036,1010.338,0,1119.7397,0,0,0,
1280,330.9177310591259,53.39954,,,,,,,,,,,0,0,781.6705,0,0,0,0,0,0,0,0,0,0,0,0,0,1092.149,974.3769,1012.49164,0,0,0,965.6306,0,0,0,0,0,0,0,0,0,0,0,0,0,0,0,0,0,741.38184,0,1012.981,1103.6809,1081.694,0,1041.5126,1174.0265,0,0,0,0,0,0,0,0,0,
713,339.0617929843654,52.82527,,,,,,,,,,,0,0,0,0,650.0559,0,814.92413,677.6247,0,495.43445,0,0,0,0,0,0,0,0,0,0,0,470.8349,0,0,514.6417,553.57996,499.68747,454.36777,661.29877,0,0,0,0,882.034,0,422.08337,0,0,0,696.98694,0,0,0,0,0,0,652.3155,595.19257,0,0,0,0,615.1775,0,491.2759,636.8483,610.3658,
27,339.1071419631166,49.65167,,,,,,,,,,,0,0,0,0,0,0,0,0,650.5479,0,0,0,0,0,0,0,0,0,0,0,0,0,0,0,0,0,0,0,0,0,0,0,0,0,0,0,0,0,0,0,0,0,0,0,0,0,0,0,472.0255,0,0,0,0,655.5116,0,0,0,
1908,340.87709515334,53.95477,,,,,,,,,,,0,1307.3861,0,967.1229,1438.5527,1116.5057,1375.4417,1370.2106,0,1261.1487,1209.6522,831.67737,0,1455.3357,0,1420.1036,1622.5574,1276.2952,1347.7594,1095.8467,1497.4025,1308.404,1334.9379,1491.9088,1263.5492,1244.867,1398.5927,1259.4485,0,1073.6705,1325.1484,1504.6394,0,1473.3203,0,1475.2484,1431.018,1509.3518,1385.6316,1449.2118,1031.7454,1310.0696,1316.6254,1464.1775,1412.0464,1140.6606,0,1395.9137,0,1340.7518,1164.1399,0,1355.1396,0,1469.0366,1425.3792,1464.5184,
1052,340.8769320025223,53.13667,,,,,,,,,,,0,0,0,0,0,0,0,0,0,0,0,0,942.06506,1331.2909,0,0,0,0,0,0,0,0,0,0,0,0,0,0,0,0,0,0,0,0,0,0,0,0,0,0,948.90125,0,0,0,0,0,0,0,0,0,0,0,0,0,0,0,0,
1750,340.87804503783275,53.77,,,,,,,,,,,0,0,0,925.18146,0,0,0,0,0,1236.8977,0,858.79175,0,0,0,0,0,0,0,1007.02716,1363.5518,0,0,0,0,0,0,0,0,0,1222.3665,0,0,0,1147.8911,0,0,0,0,1448.0206,0,0,0,0,1379.963,0,1359.4666,0,0,0,0,0,0,0,0,0,0,
1299,340.8801167650983,53.42285,,,,,,,,,,,0,0,0,0,0,0,0,0,0,0,0,0,0,0,0,0,0,0,0,994.5371,0,0,1296.0592,0,1218.2527,0,0,1204.6221,1397.473,0,0,0,1296.3446,0,0,0,0,0,0,0,0,0,0,0,0,0,0,0,0,0,1047.138,0,0,0,0,0,0,
1639,340.880431976524,53.69591,,,,,,,,,,,0,0,0,0,0,0,0,0,0,0,0,838.9127,0,0,0,0,0,0,0,0,0,1229.5574,0,0,0,0,0,0,0,975.2939,0,1399.6774,0,0,1147.3485,0,0,1400.1562,1348.1611,0,0,1272.6871,0,0,0,0,1320.5214,0,1302.1732,1270.6143,0,0,0,0,0,0,0,
1808,340.88211468326824,53.832146,,,,,,,,,,,1266.3037,1263.429,1023.74695,0,0,0,1325.3658,0,1433.503,0,0,0,973.4737,0,0,0,1450.6875,1215.4594,0,0,0,0,0,0,0,0,0,0,0,1026.8385,0,0,0,1365.1818,0,0,0,0,0,0,0,0,0,0,0,0,1328.2328,0,0,0,1044.6682,1222.6417,1312.5498,0,0,0,0,
1538,340.8825962558086,53.58214,,,,,,,,,,,0,1238.0134,0,929.30664,0,0,0,1281.1919,0,0,0,0,0,0,1341.1707,0,1432.7617,0,0,0,0,0,0,0,0,1220.0758,0,0,1377.1611,974.6159,0,0,1257.4266,0,0,0,1366.6388,1395.0259,0,0,949.4119,0,0,0,0,0,0,1314.7021,0,0,0,0,0,0,0,1305.8693,0,
1465,340.88909488699744,53.516666,,,,,,,,,,,0,0,0,0,0,0,0,0,0,0,0,0,0,1367.185,0,0,0,0,0,0,0,0,0,0,0,0,0,0,0,0,0,0,0,0,0,0,0,0,0,0,996.2449,0,0,0,0,0,0,0,0,0,0,1198.375,0,0,0,0,0,
1379,341.875280625859,53.478336,,,,,,,,,,,0,0,0,0,0,0,500.26184,0,0,0,0,0,0,0,0,521.8735,0,0,0,0,537.102,0,0,0,0,0,0,0,0,0,0,0,0,0,0,0,0,0,0,0,0,0,469.14777,518.17944,0,0,0,0,0,0,0,0,0,507.5371,0,0,0,
1921,341.87923928845584,53.950382,,,,,,,,,,,0,0,0,0,0,0,0,0,528.9058,0,0,0,0,0,0,535.3544,559.6724,0,0,0,0,491.59726,0,555.8565,0,0,0,0,549.38934,0,0,634.7179,0,0,0,532.0304,549.0438,0,551.67114,0,0,0,0,562.3086,0,0,560.99414,0,0,0,0,0,0,589.6388,0,0,0,
1901,341.87926479046763,53.8925,,,,,,,,,,,0,0,0,0,0,0,561.6038,0,0,0,0,0,0,558.58124,0,0,0,0,0,0,0,0,0,0,0,0,0,0,0,0,0,522.6688,0,567.50964,0,0,0,559.9147,0,0,0,0,489.83295,0,0,0,0,0,0,0,0,0,0,0,0,0,0,
1278,341.8806817141116,53.39375,,,,,,,,,,,0,0,0,0,0,0,0,0,525.184,0,0,0,0,0,0,0,0,0,0,0,0,475.5832,0,0,0,0,0,0,0,0,0,490.11865,0,0,0,0,0,0,520.43414,0,0,0,0,0,0,0,0,0,0,0,0,0,0,0,0,0,0,
1555,341.88489841698026,53.602142,,,,,,,,,,,0,0,0,0,0,0,493.882,0,0,0,0,0,0,509.7195,0,528.92676,0,0,0,0,0,0,0,478.16803,0,0,0,0,527.60443,0,0,0,0,511.87906,0,0,0,549.4586,0,0,0,0,0,0,0,0,0,0,0,0,0,0,0,0,0,0,0,
1621,341.8871807118858,53.6825,,,,,,,,,,,0,0,0,0,0,0,498.62372,0,537.1013,0,0,0,0,0,0,0,0,0,0,0,0,0,0,490.82803,0,0,0,0,0,0,0,0,0,0,0,0,500.0984,550.11017,0,0,0,0,0,530.3043,0,0,0,0,0,0,0,0,0,0,0,0,0,
1768,341.8885881913119,53.787495,,,,,,,,,,,0,0,0,0,0,0,0,0,532.75354,0,0,0,0,507.6842,0,0,575.8088,0,0,0,0,0,0,0,0,0,0,0,525.94836,0,0,508.83133,0,532.8823,0,525.56525,497.96274,0,556.2743,0,0,0,0,0,0,0,514.23047,0,0,0,0,0,0,0,0,0,0,
1942,342.89322049059524,53.958813,,,,,,,,,,,642.4047,640.4616,0,0,715.9552,0,673.5982,685.3825,719.7424,658.69073,636.31805,0,0,712.8643,719.017,696.9251,0,667.9987,653.87744,0,693.55865,0,0,0,658.49396,629.98627,686.95685,671.6094,725.17096,0,623.79926,734.34326,0,770.57794,606.46716,712.56226,730.0912,726.1353,0,713.0219,0,645.97644,0,0,700.33344,608.2916,0,0,0,678.85126,0,0,669.1987,0,702.8372,0,710.6113,
1606,342.89701324352586,53.6625,,,,,,,,,,,646.5106,643.7565,0,0,688.407,0,0,0,0,619.2736,615.34717,0,0,678.69824,0,0,725.405,0,0,573.69727,0,0,631.0118,687.19385,0,0,0,0,0,0,612.6806,0,0,0,0,0,0,0,0,0,0,0,637.53973,710.4064,0,0,649.1278,658.77997,0,631.8532,527.8382,599.66296,0,0,677.23145,653.3645,0,
1449,342.8972604729253,53.4975,,,,,,,,,,,0,0,0,0,0,0,0,0,0,0,0,0,0,0,0,0,0,0,0,0,714.4694,619.80255,0,0,0,0,0,0,0,0,0,0,0,672.92413,0,0,0,0,0,650.5312,0,0,0,0,0,0,0,0,0,0,0,0,0,0,0,0,0,
1341,342.8995907779373,53.444057,,,,,,,,,,,0,0,0,0,0,0,0,656.5273,666.4426,0,0,0,0,0,0,0,0,0,618.71954,0,0,630.9503,639.32855,0,0,0,0,0,0,0,0,0,0,0,0,0,0,695.26117,679.54395,0,0,616.40405,0,666.7983,672.83264,0,0,679.70087,660.62634,0,552.7659,0,0,709.6927,0,624.6888,691.7447,
1530,342.8996375873279,53.573498,,,,,,,,,,,0,0,0,0,0,0,0,0,0,0,0,0,0,692.3099,0,0,693.77997,591.711,0,509.53058,0,0,0,0,0,636.627,646.1167,0,0,0,611.5966,0,0,0,0,0,0,0,677.70544,0,0,0,0,0,0,0,0,0,0,0,0,0,0,715.34784,0,0,684.7064,
1771,342.8998248182115,53.789253,,,,,,,,,,,0,0,0,0,688.6211,0,659.7225,0,700.3573,620.87445,0,0,0,0,675.47534,0,681.60736,616.0072,624.70416,0,0,0,0,706.5286,0,0,0,0,716.8045,0,0,665.49036,647.25464,0,604.5672,691.56946,0,690.696,0,0,0,0,0,0,0,0,669.02747,0,0,639.5041,0,603.6244,0,0,0,622.57306,687.3488,
1697,342.90498174947953,53.71583,,,,,,,,,,,0,0,0,0,0,0,648.0912,662.07385,0,0,0,0,0,0,0,0,0,0,0,0,0,0,0,0,0,0,0,0,0,0,0,661.0301,0,0,0,0,0,0,0,0,0,648.06177,0,0,0,0,0,0,0,0,0,0,644.1729,719.948,0,0,0,
1252,342.9051127652127,53.358574,,,,,,,,,,,0,648.53546,0,0,0,584.8607,0,0,0,0,0,0,0,682.3939,0,0,0,0,0,0,0,0,0,655.6172,0,0,0,0,0,0,0,0,0,695.1056,0,0,0,0,0,653.2524,0,0,0,0,0,0,0,0,0,0,0,0,644.56555,0,0,0,0,
1125,342.9107290795767,53.204166,,,,,,,,,,,0,0,0,0,0,0,0,638.0043,0,0,0,0,0,0,0,0,0,0,0,0,666.8271,0,0,0,613.12946,0,0,0,0,0,0,0,0,0,0,0,0,0,0,0,0,0,625.55963,0,0,0,648.54596,0,0,0,0,0,0,0,0,620.72705,0,
1862,342.9124826280868,53.87251,,,,,,,,,,,0,0,0,0,0,0,0,0,708.60675,0,0,0,0,0,0,0,0,0,0,514.22296,0,678.85913,0,0,625.42957,0,0,0,0,0,0,0,0,0,579.86597,0,664.5195,727.6571,0,0,0,0,674.20953,0,0,570.98004,0,0,658.2413,0,526.3318,0,0,701.0307,0,0,0,
142,343.96602926194834,50.463634,,,,,,,,,,,0,0,0,0,486.08435,0,453.5492,756.49756,0,648.02386,0,0,641.79767,0,0,0,0,0,0,749.5724,0,628.8163,513.62537,723.695,669.8267,875.9186,0,807.8372,0,570.13275,0,657.914,780.92413,827.09973,0,0,0,0,0,0,0,0,0,0,0,0,951.5312,702.82117,0,852.2746,0,0,736.94244,0,500.45343,0,672.68353,
1737,345.9219134734105,53.751385,,,,,,,,,,,600.44525,0,0,0,0,0,0,0,0,0,528.58026,0,0,0,595.9395,600.38184,0,0,0,0,579.03827,556.357,0,0,0,0,0,0,0,0,0,585.08203,552.05066,0,0,0,576.1468,0,0,632.39655,0,0,595.12976,593.37103,603.5263,0,586.0641,0,0,561.4047,0,528.0497,0,648.1461,584.56195,0,0,
1801,345.92192818344546,53.824997,,,,,,,,,,,0,0,0,0,602.29456,0,600.0494,559.1089,0,0,0,0,0,0,0,0,613.5538,562.32855,0,0,578.8378,0,0,0,0,0,0,530.324,631.85156,449.53546,546.81396,594.99084,0,0,525.4855,0,0,0,0,0,0,0,0,0,0,0,0,0,0,0,0,0,0,0,0,584.525,0,
1421,345.9259058715433,53.48611,,,,,,,,,,,0,548.5639,0,0,0,0,0,0,0,0,0,0,0,0,0,0,621.3619,0,0,0,0,0,576.2079,0,0,0,0,0,0,0,541.0085,0,0,0,0,0,578.8359,0,600.13043,0,0,0,0,0,0,0,600.3789,0,0,565.188,0,0,0,0,0,605.8794,0,
1607,345.92755768106196,53.65227,,,,,,,,,,,549.0798,0,0,0,645.4175,0,575.0147,560.73224,615.9438,557.67834,0,0,0,606.8804,596.1572,0,635.23047,0,0,0,576.08826,0,0,558.2524,0,538.405,0,0,0,0,0,0,522.98596,0,537.2527,614.5446,562.3004,0,605.79175,0,0,546.9581,575.0706,0,0,0,0,598.0762,582.1167,0,0,0,530.815,0,0,0,0,
1895,345.92703132246646,53.88808,,,,,,,,,,,553.79865,0,0,0,0,0,0,0,0,0,0,0,0,0,0,0,0,0,0,0,0,0,0,0,570.57043,0,0,0,606.90094,440.10788,0,608.3419,539.8107,0,0,0,0,601.8084,0,628.91895,0,534.9317,0,591.1429,570.5342,0,0,0,569.5296,0,0,535.89606,0,0,0,0,0,
1279,345.9276115141013,53.398743,,,,,,,,,,,548.58746,0,0,0,0,0,0,0,606.53937,0,0,0,0,0,0,0,614.4658,0,582.70483,0,616.8336,556.04645,0,0,0,530.55444,572.2435,0,0,0,0,0,0,592.93365,0,0,0,0,0,0,0,0,0,0,586.01996,0,0,0,0,0,0,533.53876,534.32855,0,0,0,0,
1932,345.9289411700423,53.95741,,,,,,,,,,,0,577.6829,0,0,664.9559,0,595.1922,606.8931,0,513.1834,0,0,0,638.474,0,636.1775,636.2746,561.3194,612.898,0,0,556.3498,567.5482,597.9902,0,570.83167,633.087,571.04083,0,453.53253,577.80743,605.8166,0,0,0,630.322,0,615.0791,621.9552,631.5541,0,576.4629,0,626.61884,0,0,582.0634,643.03827,586.3387,0,0,0,571.898,654.44885,0,0,639.19775,
1519,345.93399260252517,53.56406,,,,,,,,,,,0,558.57733,0,0,0,0,0,0,0,0,0,0,0,0,0,0,0,529.9768,0,0,0,589.0765,545.8225,0,0,0,587.26544,545.3086,640.7175,423.67474,0,585.55963,526.6002,0,521.76984,0,0,638.32007,0,620.3259,0,0,564.02155,0,0,0,0,635.06866,0,565.04346,0,0,0,0,0,0,0,
1182,345.94188286808156,53.311665,,,,,,,,,,,0,0,0,0,0,0,0,597.2775,0,0,0,0,0,0,0,0,0,0,0,0,0,0,0,577.15497,0,0,0,0,0,0,0,0,0,0,0,0,0,0,0,0,0,0,0,0,0,0,0,0,569.20886,0,0,0,0,0,0,0,0,
1076,345.94449908316193,53.158997,,,,,,,,,,,0,0,0,0,0,0,0,0,0,0,0,0,0,0,0,0,0,0,0,0,0,0,557.3256,0,572.2213,0,0,0,0,0,0,0,0,0,0,0,560.22656,0,0,0,0,0,0,0,0,0,0,0,0,0,0,544.44165,0,0,575.9624,0,0,
773,353.0947336115549,52.911816,,,,,,,,,,,0,0,0,514.3462,0,0,0,0,0,0,0,0,0,0,0,0,859.24976,0,0,0,0,0,0,0,0,0,0,0,0,0,0,0,871.0873,0,0,770.22687,881.69824,656.424,0,0,537.50146,810.4822,0,937.9588,0,0,0,0,0,0,0,0,929.5868,0,0,0,938.746,
204,353.09590687872316,50.489002,,,,,,,,,,,0,0,0,0,0,0,627.8006,0,0,0,0,0,0,0,0,0,0,0,0,0,0,0,0,0,0,0,0,0,0,0,0,0,0,518.4119,0,0,0,0,0,0,0,0,0,0,0,0,443.406,0,0,0,0,0,0,0,0,524.049,421.83426,
427,353.9395070435033,52.366665,,,,,,,,,,,0,0,476.90128,0,0,3089.8975,638.0693,0,0,0,520.3694,0,540.7532,0,0,0,0,0,2855.9268,0,0,0,0,0,0,0,0,961.54266,0,929.8408,0,1785.3394,0,530.7473,0,0,0,0,0,963.4469,0,0,0,0,0,0,623.3351,0,0,0,0,0,0,0,0,0,0,
1333,353.9420058857858,53.440716,,,,,,,,,,,0,0,0,0,0,954.8385,0,0,0,0,0,0,603.2109,0,0,0,0,0,1014.77936,0,0,0,0,0,0,0,405.39392,0,0,0,0,0,0,568.3099,0,0,0,0,846.0013,0,0,0,0,0,0,0,627.2936,0,0,0,0,0,0,0,0,0,0,
1746,354.90352981375685,53.767,,,,,,,,,,,0,0,0,0,0,0,1365.0585,0,0,0,1281.6797,815.8846,0,0,0,1500.9232,0,0,0,0,0,0,0,0,0,0,0,0,0,0,0,0,0,0,0,0,0,0,0,0,1001.09155,0,0,0,0,0,0,0,0,0,0,0,0,0,0,0,0,
255,354.90704908935805,50.932083,,,,,,,,,,,0,0,0,1008.4135,0,0,0,0,0,0,0,0,0,1776.0396,0,1835.6117,2211.1465,0,0,0,0,0,0,1987.78,0,0,0,0,0,0,0,2218.4282,0,0,0,1876.4802,1665.5609,1875.7041,0,0,0,1476.3671,0,1999.1893,0,0,0,0,0,1598.7878,0,0,0,0,0,0,0,
1635,354.908172965831,53.69375,,,,,,,,,,,0,0,0,0,0,0,1358.7483,0,1471.8058,0,0,0,0,0,0,0,0,0,0,1077.6123,0,0,0,0,0,0,0,0,0,0,0,0,0,0,0,0,0,0,0,1457.4387,0,0,0,0,0,0,0,0,0,0,0,0,0,0,0,0,0,
1805,354.90937606212697,53.828335,,,,,,,,,,,0,1282.3844,0,0,0,0,0,0,0,0,0,0,0,0,0,0,0,0,0,0,0,0,0,0,0,0,0,0,0,0,0,0,1279.7355,0,0,0,0,0,0,0,0,0,0,0,0,0,0,0,1403.1559,0,0,0,0,0,0,0,0,
1923,354.91001257977047,53.952637,,,,,,,,,,,1472.9392,1412.1046,1071.3982,1164.0771,1745.5872,1223.5289,1562.4122,1580.7584,0,0,1329.5303,0,1065.4652,1891.5371,1508.1298,2082.5168,2058.5422,1381.2373,1577.7892,1133.7855,1676.1399,1651.6646,1473.4165,2028.6433,1421.5377,1499.1954,1646.4904,1442.692,1633.3802,1128.5979,1648.5914,2102.8628,1460.829,1672.6211,1476.171,1930.624,1898.6361,1940.4685,1557.4341,1720.7294,1146.9052,1691.623,1455.9788,2088.8787,0,1322.0896,1650.7832,1595.8718,1456.2318,1747.4188,1222.9807,1457.4557,1570.8058,1701.9875,1561.3762,1514.2675,1830.8251,
1440,354.910136086294,53.492256,,,,,,,,,,,1377.7391,1332.9529,1017.813,0,0,0,0,1401.2043,0,0,0,0,0,0,0,0,1478.8843,1290.2429,0,1133.3955,1466.5106,0,1385.7286,0,0,0,1505.63,0,0,1064.2899,0,0,1286.556,1531.1853,0,0,0,0,1493.1742,0,0,0,0,0,0,0,1476.8934,0,1409.257,0,1123.4609,0,1367.8215,0,1473.2537,0,1490.9967,
508,354.91161431760577,52.435833,,,,,,,,,,,0,0,0,1056.503,0,0,0,0,0,0,0,0,0,1928.6084,0,1988.0863,2241.0754,0,1480.8761,0,0,1436.6139,0,2208.5127,0,0,0,0,0,0,1599.0693,2327.3684,0,0,0,2055.1077,1871.1412,1970.659,0,0,1097.6482,1626.4253,0,2134.1506,0,0,0,0,0,1898.7345,0,0,1395.1442,0,0,0,1719.5695,
1559,354.9134405027506,53.607224,,,,,,,,,,,0,0,0,949.29193,0,0,0,0,0,0,1240.3053,0,1001.20233,0,1417.2155,0,0,0,0,0,0,0,1353.0898,0,0,0,0,0,0,0,0,0,0,0,1270.6747,0,0,0,0,0,0,0,0,0,0,1187.3838,0,0,0,0,1097.1284,0,0,0,1484.7715,0,0,
428,354.91568262841247,52.36667,,,,,,,,,,,0,0,0,0,0,1515.0912,0,0,0,0,0,0,0,0,0,0,0,0,1611.9575,0,0,0,0,0,0,0,0,0,0,0,0,0,0,0,0,0,0,0,1562.9922,0,0,0,0,0,0,0,0,0,0,0,0,0,0,0,0,0,0,
1312,354.91740566506047,53.430836,,,,,,,,,,,0,0,0,0,0,1301.4534,0,0,0,0,0,0,1087.6384,0,0,0,0,0,1468.7222,0,0,0,0,0,0,0,0,1362.4802,0,0,0,0,0,0,0,0,0,0,0,0,0,0,0,0,0,0,0,1466.9398,0,0,0,0,0,1466.284,0,0,0,
956,355.8877150637975,53.085003,,,,,,,,,,,0,0,0,0,0,0,0,0,0,0,0,0,0,0,0,0,0,0,0,0,0,0,0,0,0,0,0,0,0,0,521.9291,0,0,0,0,0,0,0,0,0,0,0,0,0,538.12195,0,0,0,547.0422,0,0,0,0,0,0,0,0,
1294,355.90263381280306,53.413334,,,,,,,,,,,518.4972,0,0,0,0,0,0,0,0,0,0,0,0,0,0,0,0,0,0,0,0,0,0,0,0,0,553.4135,0,0,0,0,0,0,0,0,0,0,0,575.3825,0,0,518.75415,0,0,0,0,0,551.81006,0,0,0,0,0,0,0,493.423,0,
1459,355.90604276859193,53.506874,,,,,,,,,,,0,0,0,0,0,0,0,0,0,520.51294,523.406,0,0,575.8843,554.6953,579.51715,0,0,0,0,0,0,540.82513,547.6777,535.47437,0,0,512.7728,575.14026,0,0,0,0,590.185,483.55017,0,0,0,0,0,0,0,0,587.3043,0,0,584.49133,0,0,0,0,0,0,0,611.99774,500.17685,0,
1920,355.90996688738187,53.95,,,,,,,,,,,606.80286,543.15,0,0,650.0226,0,567.79895,604.94116,616.9526,572.2148,498.7777,0,0,717.19415,608.4351,724.3495,779.2056,0,592.92645,0,615.42664,596.662,530.22656,756.7872,541.9938,524.72736,606.7633,561.4289,636.71625,0,548.89215,804.1242,570.0438,611.2828,558.98724,713.2363,744.77936,695.6175,599.9997,629.79504,0,640.22003,582.09576,761.55475,587.4263,0,610.13403,645.4246,569.0569,737.63745,0,0,568.68945,586.21704,599.9516,0,719.41846,
514,355.9102469297967,52.439213,,,,,,,,,,,535.64594,0,0,0,578.26514,0,0,0,0,0,0,0,0,631.8166,0,692.1124,849.31445,0,555.83685,0,555.70416,604.40015,0,790.7784,0,0,0,0,0,0,584.79895,776.5034,0,0,0,756.09644,711.711,715.9886,0,0,0,596.90094,0,840.3004,0,0,0,0,0,736.57434,0,0,516.5162,0,0,0,610.1128,
1572,355.9105855952489,53.62447,,,,,,,,,,,0,492.9781,0,0,0,0,0,560.90356,563.57635,524.5917,499.74567,0,0,0,0,584.4469,551.1644,0,0,0,569.9026,550.1769,530.8784,0,514.88,530.73065,558.0817,0,585.3001,0,517.2327,0,0,0,0,0,0,566.35504,0,607.5907,0,0,0,0,0,0,650.47205,0,0,588.33344,0,0,0,0,0,0,0,
1714,355.9115097655967,53.72813,,,,,,,,,,,0,514.0369,0,0,580.76465,0,0,0,0,0,0,0,0,0,0,0,0,0,0,0,0,0,529.41547,0,563.7728,525.3076,576.73126,0,0,0,0,0,494.83786,0,0,610.31055,0,561.3187,590.57404,0,0,0,530.3004,0,0,0,0,554.4969,0,0,0,0,501.17032,587.9464,583.36255,0,583.0942,
1807,355.9136981715077,53.831,,,,,,,,,,,0,0,0,0,0,0,0,551.6126,591.22296,0,498.6999,0,0,0,0,0,0,0,0,0,0,0,0,0,0,521.4426,0,0,0,0,0,0,505.1566,0,505.25302,563.7659,0,0,0,537.43774,0,0,0,0,0,0,0,0,0,0,0,0,0,0,590.6231,510.79175,0,
1235,355.91401096758244,53.351997,,,,,,,,,,,0,0,0,0,0,0,0,0,0,0,492.16638,0,0,0,0,0,0,0,541.74207,0,0,527.9624,0,0,0,515.46844,0,0,0,0,0,582.6996,0,0,0,0,0,0,0,0,0,0,0,0,0,0,0,0,0,0,0,0,0,0,0,0,0,
254,355.9145892220006,50.931362,,,,,,,,,,,0,0,0,0,0,0,0,0,0,0,0,0,0,631.9954,0,725.11505,757.8088,0,0,0,0,0,0,748.5649,0,0,0,0,0,0,0,769.71497,0,0,0,721.3583,608.0419,697.4547,0,0,0,543.80615,0,725.93036,0,0,0,0,0,644.20856,0,0,0,0,0,0,0,
1912,356.9056772132436,53.940712,,,,,,,,,,,0,0,0,0,0,0,0,0,0,0,0,0,0,0,0,553.3073,493.37234,0,0,0,0,0,0,583.3759,0,0,0,0,0,0,0,557.46063,0,0,0,519.44495,0,511.237,0,0,0,0,0,498.0938,0,0,0,0,0,0,0,0,0,0,0,0,0,
516,356.9098693817855,52.44,,,,,,,,,,,0,0,0,0,0,0,0,0,0,0,0,0,0,0,0,513.151,553.3789,0,0,0,0,0,0,548.9866,0,0,0,0,0,0,0,547.1174,0,0,0,554.8297,0,502.1167,0,0,0,0,0,525.10785,0,0,0,0,0,0,0,0,0,0,0,0,0,
258,356.9179653660294,50.93357,,,,,,,,,,,0,0,0,0,0,0,0,0,0,0,0,0,0,0,0,551.509,566.00946,0,0,0,0,0,0,535.19415,0,0,0,0,0,0,0,532.85254,0,0,0,496.15463,0,497.42596,0,0,0,0,0,527.8643,0,0,0,0,0,0,0,0,0,0,0,0,0,
152,367.1294471857826,50.48292,,,,,,,,,,,0,0,0,0,591.2867,0,2559.0366,1216.305,564.0425,0,475.67734,0,0,0,432.4825,0,819.67474,0,0,0,0,0,0,0,1098.4113,601.0677,826.1275,998.4282,1407.8617,0,0,515.97845,1067.0553,2195.6125,615.79175,875.27264,898.0343,519.4662,865.981,1484.571,0,0,0,642.59467,609.5979,0,1649.7512,871.37366,0,0,0,0,1334.9493,496.26773,0,1993.6156,1541.2161,
778,368.1221287198034,52.91227,,,,,,,,,,,0,0,0,580.9199,0,0,0,0,0,0,0,0,0,0,0,0,813.5162,0,0,0,0,0,0,0,0,0,0,0,0,0,0,0,837.31384,0,0,809.81366,844.1765,663.6695,0,0,517.38477,825.94214,0,882.4207,0,0,0,0,0,0,0,0,868.3756,0,0,0,912.44293,
182,368.1636557116153,50.486248,,,,,,,,,,,0,0,0,0,0,0,726.6914,423.3936,0,0,0,0,0,0,0,0,0,0,0,0,0,0,0,0,0,0,0,0,463.78098,0,0,0,0,646.23047,0,0,0,0,0,0,0,0,0,0,0,0,498.32297,0,0,0,0,0,465.00653,0,0,600.0942,463.57602,
993,369.9397277778183,53.114285,,,,,,,,,,,0,0,1073.6016,0,0,0,0,0,0,0,0,0,0,0,0,0,0,0,0,966.647,0,593.68585,517.97284,0,0,766.1092,0,0,0,1544.8473,0,0,0,0,0,0,0,0,0,0,0,0,0,0,0,0,0,0,0,0,503.40503,0,0,0,0,0,0,
1001,370.9525277954972,53.115,,,,,,,,,,,0,0,0,0,0,0,0,0,0,0,0,0,568.96075,0,0,0,0,0,0,0,0,0,0,598.05,0,0,0,0,0,0,0,0,0,0,0,0,0,0,0,0,0,0,0,0,0,0,0,0,0,815.6169,0,0,0,0,0,0,0,
788,371.1104534494292,52.913334,,,,,,,,,,,0,0,0,0,0,0,0,0,0,0,0,0,0,0,0,0,651.6309,0,0,0,0,0,0,0,0,0,0,0,0,0,0,0,632.0301,0,0,701.20496,717.8607,556.9918,0,0,0,686.18207,0,759.31744,0,0,0,0,0,0,0,0,667.15,0,0,0,734.8016,
766,386.14915606260496,52.91071,,,,,,,,,,,0,0,464.4789,886.87445,0,0,0,0,0,0,553.84863,0,0,0,0,0,1346.0631,0,0,0,0,0,0,0,0,0,0,0,0,0,0,0,1554.034,0,0,1396.0651,1467.3374,1076.185,0,0,926.8375,1349.5515,0,1507.6696,513.051,0,0,0,0,0,0,0,1376.0667,0,0,0,1490.1108,
791,387.13457365759956,52.91357,,,,,,,,,,,0,0,0,0,0,0,0,0,0,0,0,0,0,0,0,0,475.40308,0,0,0,0,0,0,0,0,0,0,0,0,0,0,0,517.82446,0,0,0,495.26904,0,0,0,0,428.59073,0,516.4959,0,0,0,0,0,0,0,0,476.59888,0,0,0,542.0863,
375,394.07843087652344,51.95313,,,,,,,,,,,0,467.96405,0,0,443.0265,0,0,0,0,0,0,0,0,0,0,0,0,0,0,0,0,0,0,0,0,0,446.12912,0,514.8715,0,0,0,0,522.3279,0,452.12717,0,0,0,580.3939,0,0,0,0,0,0,0,0,0,0,0,0,0,412.79962,0,0,0,
455,394.10309332470206,52.391666,,,,,,,,,,,0,0,0,0,0,0,0,0,774.4884,0,0,0,0,0,0,0,0,0,0,0,0,0,0,0,0,0,0,0,0,0,0,0,0,0,0,0,0,0,0,0,0,0,0,0,0,0,0,0,649.51587,0,0,0,0,797.90717,0,0,0,
689,395.13803260160495,52.823536,,,,,,,,,,,0,0,0,0,824.12555,0,1182.4645,817.6525,0,444.5456,0,0,0,0,0,0,445.31122,0,0,0,467.67017,490.71756,0,0,635.28345,648.65967,598.5002,626.83264,936.746,0,0,0,439.47433,1128.7231,461.82935,499.85812,592.45734,0,0,1063.6384,0,0,0,0,0,0,872.7084,761.7205,0,0,0,0,577.2592,0,515.59204,983.3233,691.7225,
567,396.103469361175,52.640556,,,,,,,,,,,0,602.4534,0,0,0,0,0,0,569.0899,0,0,0,0,0,444.7179,0,534.36255,0,0,0,0,0,0,0,0,0,0,0,0,0,0,0,0,467.54364,0,567.8202,0,0,0,502.916,0,0,0,0,0,0,0,0,0,0,0,0,0,595.6038,0,579.6957,0,
1402,398.13597000842276,53.48333,,,,,,,,,,,0,0,557.86926,0,0,0,0,0,0,0,595.35504,0,0,0,0,0,0,0,0,0,0,0,0,0,0,0,599.0889,0,613.74536,0,0,0,650.1357,0,0,0,0,0,0,611.55963,0,0,0,0,615.6022,0,0,0,0,0,0,0,740.3086,0,0,0,734.33276,
1471,404.9118934444943,53.52786,,,,,,,,,,,0,0,0,785.7225,0,0,1108.5358,0,0,1044.6113,0,0,0,0,0,1162.5404,0,0,0,853.43054,0,1048.7064,1010.22784,0,0,998.4276,0,1003.9774,0,810.92773,0,0,0,0,0,0,0,1187.1824,0,0,792.8784,0,0,0,0,0,0,1115.9803,0,0,0,0,0,0,0,1125.9297,0,
1899,404.9120680301822,53.890007,,,,,,,,,,,0,0,832.80743,0,1148.9402,0,1110.1876,0,0,1029.3014,1024.4165,695.184,0,0,1155.0298,0,0,1005.5162,0,0,0,1060.7559,0,0,1070.2491,0,0,0,0,0,1032.7339,0,0,0,969.5175,0,0,0,0,1189.408,0,0,0,0,0,0,0,0,0,1048.2762,0,0,1057.6031,0,1155.968,0,1127.5231,
2002,404.9135226392534,53.961742,,,,,,,,,,,1103.5796,1094.3478,0,800.85095,0,0,0,0,0,0,1003.8091,733.32007,0,0,1287.2213,0,1267.237,1104.5416,1122.3207,0,1219.2913,1112.3824,1095.4888,1167.5897,0,1043.3746,1221.7444,1079.965,0,886.2485,0,1182.1517,1053.2026,1209.8157,1024.2357,1255.5792,1158.6086,1256.9902,1247.1062,0,857.42957,1044.1792,0,1249.781,1191.5289,1026.9558,0,1204.39,1139.4037,1086.8813,934.424,1033.5256,0,0,1203.8735,1113.2383,0,
1115,404.91425586304746,53.196667,,,,,,,,,,,0,0,0,0,0,0,0,0,0,0,0,694.91797,0,0,0,0,0,0,0,0,0,0,0,0,0,0,0,0,0,0,0,0,0,0,0,0,0,0,0,0,778.3079,0,0,1146.2161,0,0,0,0,0,0,0,0,0,0,0,0,0,
1336,404.91585585323355,53.441666,,,,,,,,,,,0,0,0,0,0,895.76886,0,0,0,0,0,0,0,0,0,0,0,0,0,0,0,0,0,1095.0748,0,0,0,0,0,0,0,0,0,0,0,0,0,0,0,0,0,0,0,0,0,0,0,0,1047.0594,0,0,0,0,0,0,0,0,
1609,404.91643033339847,53.66469,,,,,,,,,,,0,0,855.3269,0,0,0,0,0,0,0,996.0572,0,0,1112.3125,0,0,0,0,0,0,0,1034.3184,0,0,1028.9749,0,0,0,0,0,0,1127.7892,997.5688,0,0,1145.2184,1086.3073,1168.3433,0,0,0,0,0,0,1140.2831,949.70905,0,0,0,1072.5936,0,0,1094.7202,0,0,1104.4767,1117.969,
1772,404.9183494696207,53.795006,,,,,,,,,,,0,1066.2932,0,0,0,0,0,0,0,0,0,0,813.63617,0,0,1169.4979,0,1042.9493,1069.3822,854.2043,1176.1726,0,1025.2096,1105.1995,0,0,1133.8849,1079.7781,0,821.25433,1022.03986,0,1027.5289,0,996.1203,1160.715,0,0,0,0,0,0,0,0,1144.6025,0,0,1180.6359,0,0,0,973.525,0,0,0,1113.7863,0,
1547,404.9200720232806,53.593334,,,,,,,,,,,1034.7421,0,0,0,0,0,0,0,0,0,0,0,0,1106.5168,0,0,1204.3822,0,0,0,0,0,0,0,0,0,0,0,0,0,0,0,0,0,0,0,0,0,0,0,0,0,1072.8787,0,0,0,0,0,0,0,852.0007,0,1041.4727,0,0,0,0,
1227,404.9208795957561,53.349,,,,,,,,,,,0,0,0,764.8506,0,0,0,0,1161.3481,0,0,0,0,0,0,0,0,0,0,0,0,0,0,0,0,0,0,0,0,833.6277,0,0,1017.4891,0,0,0,0,0,0,0,791.5979,0,0,0,0,0,0,0,0,0,0,0,0,0,0,0,0,
1726,404.9218509951043,53.736362,,,,,,,,,,,0,0,0,0,0,0,1111.9166,0,0,1034.0294,0,697.62177,0,0,0,1150.8771,0,0,0,0,1138.8925,0,0,0,1070.1484,985.08435,0,0,1181.46,0,0,0,0,0,0,1153.3762,0,0,0,0,0,0,0,0,0,0,0,0,0,0,854.23895,1004.82153,0,0,0,0,0,
1376,405.90957371827335,53.476665,,,,,,,,,,,0,0,0,0,0,0,0,0,0,0,0,0,0,473.00262,0,482.44263,0,0,0,0,0,0,0,0,0,0,0,0,0,0,0,0,0,0,0,0,0,0,475.39328,0,0,0,0,0,0,0,0,0,0,0,0,0,0,0,0,0,0,
1151,405.91451729063147,53.263336,,,,,,,,,,,0,0,0,0,0,0,0,0,0,0,0,0,0,466.7499,0,0,0,0,0,0,0,0,0,0,0,0,457.71298,0,0,0,0,0,0,0,0,0,0,0,490.492,0,0,0,0,0,0,0,0,0,0,0,0,0,0,0,0,0,0,
2007,405.9169684535817,53.961998,,,,,,,,,,,0,0,0,0,0,0,0,0,0,0,0,0,0,0,0,507.96436,485.6672,0,0,0,0,0,0,0,0,0,503.22394,0,0,0,0,0,0,0,0,0,0,0,502.18338,0,0,0,0,0,0,0,0,0,0,0,0,0,0,496.58188,0,0,0,
1494,405.92267215254253,53.543,,,,,,,,,,,0,0,0,0,0,0,0,0,0,0,0,0,0,496.1968,0,523.1948,0,0,449.13565,0,0,0,0,0,0,0,499.7375,0,0,0,0,0,0,0,0,0,0,0,0,0,0,0,0,0,0,0,0,0,0,0,0,0,0,499.97122,0,0,0,
1753,405.92345371589374,53.772503,,,,,,,,,,,0,0,0,0,0,0,0,0,0,0,0,0,0,0,0,0,485.77835,0,444.661,0,0,0,0,0,0,0,0,0,0,0,0,0,0,0,0,0,0,0,537.70874,0,0,0,0,0,0,0,0,0,0,0,0,0,0,516.10724,0,0,0,
149,410.1829110058616,50.481976,,,,,,,,,,,469.67374,740.22296,0,0,1065.6047,0,4880.853,2464.1829,1031.1324,494.58026,868.59985,0,0,705.9703,875.3115,808.74274,1585.3203,790.931,531.0043,642.5675,791.7963,613.3831,739.64136,804.3089,2230.4795,1295.103,1616.4243,1948.6025,2846.469,474.62897,0,958.6649,2051.7175,4089.27,1251.42,1694.2252,1741.3,913.879,1658.1615,3044.817,0,697.3799,709.74994,1295.7084,1075.8843,0,2983.2236,1649.3043,487.90848,585.30566,499.21967,0,2657.7634,932.00946,846.44525,3760.665,3124.9497,
151,411.21932639614465,50.482494,,,,,,,,,,,0,0,0,0,0,0,1481.711,822.1095,0,0,0,0,0,0,0,0,0,0,0,0,0,0,0,0,705.0029,438.6489,488.80484,573.77576,822.7584,0,0,0,658.2602,1265.2217,0,575.23895,539.53906,0,519.14154,843.7744,0,0,0,0,0,0,982.19354,513.1625,0,0,0,0,851.1991,0,0,1176.4796,955.3449,
392,416.1602764614808,52.05059,,,,,,,,,,,0,0,5428.4663,1225.1265,586.8274,1399.3322,1432.8163,3552.0137,1389.5208,677.7189,6547.6626,0,2655.7388,1048.0269,1160.1085,980.89014,1333.2194,926.778,1381.1416,3229.6355,596.51587,626.0327,1327.2675,2277.9172,3254.2258,3803.8396,495.26282,1798.6045,522.305,1544.7284,939.3383,2101.158,4475.0425,3524.9438,1285.827,1461.6522,1710.8849,1214.5044,1416.6744,578.31647,1104.1416,1753.7072,1213.8535,1833.5878,7092.9097,0,3539.079,3895.289,1391.4194,2282.7307,1176.3357,0,4113.6797,1485.9811,607.1353,2793.698,4308.2007,
354,417.0650900527894,51.64375,,,,,,,,,,,0,0,0,0,0,0,0,0,0,0,0,0,0,0,513.69824,0,0,0,0,0,520.5907,0,438.6989,0,0,0,0,0,0,0,0,0,0,0,0,0,0,0,0,0,0,0,0,0,0,0,0,0,0,0,0,0,0,0,553.01996,0,0,
270,417.10094389511613,51.16125,,,,,,,,,,,0,0,0,0,0,0,0,0,0,0,0,0,0,0,680.8614,0,0,0,0,0,596.6512,0,545.64496,0,0,0,0,0,0,0,0,0,0,0,474.41583,0,0,0,0,0,0,0,605.6312,0,458.65546,403.6378,0,0,0,0,0,0,0,0,807.1697,0,0,
135,417.1092204913199,50.372856,,,,,,,,,,,526.83685,0,0,0,0,0,0,0,0,561.237,0,0,0,0,832.7673,0,0,569.01404,448.3779,0,653.3423,0,540.9402,0,0,0,0,0,0,0,0,0,0,0,474.99707,0,0,0,0,0,0,0,921.22687,0,404.5283,670.15594,0,0,0,0,482.62863,591.8568,0,0,871.2847,0,0,
390,417.15044187373906,52.049587,,,,,,,,,,,0,0,1743.6848,0,0,0,469.86105,1188.3053,500.18698,0,2108.759,0,922.14905,0,432.3014,0,520.69305,0,470.82773,1124.8022,0,0,516.59564,748.2906,1133.706,1182.2112,0,647.1314,0,506.5283,0,727.3115,1419.3844,1175.9644,462.68192,548.4067,628.7146,0,0,0,0,634.4207,428.6221,689.3148,2153.108,0,1177.1785,1217.4233,475.74405,806.03235,490.32724,0,1297.0906,530.985,0,955.21545,1388.932,
256,428.9045094801705,50.93281,,,,,,,,,,,0,0,0,597.14905,0,0,0,0,0,0,0,0,0,988.5005,0,1226.308,1381.609,0,0,0,0,644.33673,0,1111.3063,0,0,0,0,0,0,741.44556,1269.7303,0,0,0,1134.9078,1043.7136,1135.5897,0,0,575.15137,833.81464,0,1244.4707,0,0,0,0,0,1027.7993,0,0,0,0,0,0,784.02124,
1447,428.9053815572731,53.495,,,,,,,,,,,0,0,0,0,0,0,0,0,0,613.41486,0,0,0,0,645.884,0,0,593.60706,0,0,0,0,641.8052,0,0,0,0,0,0,497.98822,0,0,0,687.6584,0,0,0,0,681.4011,0,0,0,616.2099,0,674.8611,0,680.5593,0,0,0,531.6005,0,0,0,681.7633,0,703.46423,
1565,428.90550045560923,53.61409,,,,,,,,,,,0,0,0,0,0,0,0,626.9238,0,615.4436,0,0,0,0,656.6989,0,0,0,0,0,666.8542,0,0,684.80646,0,605.2674,0,0,0,0,0,0,0,0,0,660.38934,0,0,0,0,493.30566,0,643.0425,0,0,0,0,0,0,636.2625,0,0,0,0,0,0,744.02026,
1803,428.9067098938733,53.827225,,,,,,,,,,,0,0,0,0,0,0,0,628.74304,0,0,0,0,0,0,0,0,0,586.54694,0,0,0,0,0,0,0,0,0,639.2393,0,0,0,0,0,0,0,0,0,0,0,657.1622,0,609.06866,0,708.09906,0,0,0,0,0,636.03827,538.7581,0,0,698.7584,0,0,0,
1918,428.9086643443974,53.945465,,,,,,,,,,,676.98724,684.5175,0,631.73,857.3835,595.8947,701.85614,733.71594,739.6087,678.8604,717.3903,0,0,1059.373,829.1082,1042.2285,1191.5332,654.0909,791.6659,601.8052,774.6917,808.67017,662.16675,1139.5214,687.41974,700.22394,766.8032,655.1089,781.8231,554.13794,823.5868,1259.001,684.642,805.42267,655.4165,1047.5508,1005.2563,971.46356,780.8617,786.45764,634.86664,878.6342,682.89246,1188.984,751.5038,668.39264,756.87744,789.53973,661.5008,1047.9102,578.7169,712.81006,772.23145,787.82544,768.3802,687.931,929.6417,
1050,428.90888099916293,53.13625,,,,,,,,,,,0,0,0,0,0,0,621.8297,0,0,0,0,0,0,0,0,0,0,0,0,0,0,0,638.68195,0,0,0,0,0,0,493.73553,0,0,0,0,0,0,0,0,0,0,0,0,0,0,0,0,0,0,0,0,0,0,0,0,0,609.40375,0,
509,428.91241767690786,52.4362,,,,,,,,,,,692.29816,624.5646,0,675.2112,712.7336,0,642.58875,637.85583,0,0,0,0,0,1075.6028,708.6698,1250.6924,1223.8333,652.42694,753.1919,513.0562,768.1922,857.34424,0,1270.8134,624.8575,717.0098,685.6316,0,730.0726,534.967,902.4835,1374.9408,647.16473,763.879,602.25305,1151.0245,1115.3877,1122.5381,686.97516,0,662.9709,895.358,654.30536,1285.2383,702.34424,0,722.6649,721.29877,0,1029.9873,0,637.1082,763.9696,0,752.94604,0,895.2965,
1738,428.91279357996785,53.75182,,,,,,,,,,,0,0,0,0,0,0,629.75287,0,659.4086,0,591.2373,0,0,0,0,0,0,0,0,514.9474,0,645.80225,637.82056,0,0,621.50244,0,0,672.3011,0,629.7601,0,632.2962,0,0,0,0,0,0,669.8764,0,0,0,0,0,0,0,0,0,0,0,0,0,0,0,0,0,
1258,428.9152735528418,53.376427,,,,,,,,,,,0,0,0,0,0,574.65967,0,0,0,0,0,0,0,0,0,0,0,0,620.3942,0,0,0,0,0,629.0788,0,0,0,0,0,0,0,0,0,0,0,0,0,692.3083,0,0,0,0,0,0,0,0,0,0,0,532.34845,0,658.25104,663.44556,0,0,0,
1156,428.91627744177947,53.276,,,,,,,,,,,0,599.2625,0,0,0,0,0,613.30237,669.61914,0,0,0,0,0,0,0,0,0,0,0,0,0,0,0,0,0,660.9147,0,0,0,0,0,628.14746,0,0,0,0,0,0,0,0,0,0,0,0,0,0,0,0,0,0,0,0,0,0,0,0,
1619,428.91687888907387,53.680004,,,,,,,,,,,0,0,0,0,0,0,0,0,0,0,0,0,0,0,0,0,0,0,0,0,0,0,649.85846,0,0,0,0,0,0,0,0,0,0,0,0,0,0,0,0,0,0,0,0,0,0,582.0984,0,0,0,0,0,628.94507,0,0,0,0,0,
513,429.90968783744313,52.43846,,,,,,,,,,,0,0,0,0,401.31055,0,0,0,0,0,0,0,0,473.6453,0,573.9291,601.00684,0,0,0,0,0,0,551.33276,0,0,0,0,0,0,0,595.4629,0,0,0,471.9647,534.0961,507.8398,0,0,0,421.82053,0,590.5165,0,0,0,0,0,470.34064,0,0,0,0,0,0,412.95358,
252,429.91424171100437,50.929996,,,,,,,,,,,0,0,0,0,0,0,0,0,0,0,0,0,0,462.06964,0,553.33704,609.27527,0,0,0,0,0,0,527.1556,0,0,0,0,0,0,0,564.83325,0,0,0,505.5976,472.01993,464.357,0,0,0,0,0,506.0317,0,0,0,0,0,428.94608,0,0,0,0,0,0,0,
1913,429.91965832037874,53.94107,,,,,,,,,,,0,0,0,0,0,0,0,0,0,0,0,0,0,472.16705,0,523.75287,524.2743,0,0,0,0,426.30402,0,487.2383,0,0,0,0,0,0,408.33737,582.61163,0,0,0,462.80484,487.83917,444.5623,0,405.07422,0,0,0,487.662,0,0,0,0,0,438.7473,0,0,0,0,0,0,445.40112,
879,430.156535507743,52.99981,,,,,,,,,,,6991.7607,6084.156,2444.2979,1618.2347,5237.8057,5885.9624,1507.8114,2504.624,0,5848.952,2746.682,0,1959.7904,1713.0919,7239.285,1685.2324,1827.0193,5712.857,5717.0684,1891.8022,6143.1704,5498.355,5466.102,1467.6287,2183.4087,1986.407,1259.0035,2051.8198,1285.716,1639.2942,1641.0483,1352.8578,552.15265,2447.5422,4728.5054,1934.7695,2084.6404,1542.6522,5462.066,1328.4485,1534.2024,2036.1171,7236.659,2281.2573,2683.3704,5791.4634,2394.54,1967.7101,0,1407.7192,4759.551,7411.9336,552.49164,0,7469.8853,2096.7544,569.1664,
877,431.13679188241275,52.99823,,,,,,,,,,,2246.546,2037.1971,829.0536,610.23114,1725.1284,1889.1841,587.1468,906.71625,0,1814.8872,998.43054,0,688.4217,668.93494,2441.0369,629.96014,669.779,1842.3433,1875.4724,727.0363,2050.118,1748.2704,1825.443,506.45374,806.8084,705.3942,495.43478,756.4891,550.1556,612.1651,629.4031,0,0,906.1981,1660.2184,718.3982,702.7486,0,1856.6799,534.9703,536.95197,746.2295,2324.2192,743.85876,950.7571,1876.8921,877.9928,723.7058,0,567.76135,1586.5662,2412.6548,0,0,2494.4329,727.593,0,
683,438.1960221645926,52.822357,,,,,,,,,,,556.7659,726.203,0,0,1589.0131,0,2361.7625,1555.5198,0,750.3923,539.17554,0,0,0,774.9892,468.94214,902.3462,724.0007,0,716.356,820.7483,938.91956,677.1965,0,1299.309,1333.1066,1199.7721,1177.3191,1822.95,0,0,443.34195,881.76166,2300.156,919.4678,1003.915,1038.623,531.2128,531.89215,1948.6495,0,492.07422,673.06995,790.9967,712.85254,0,1688.5466,1543.165,0,0,414.67407,0,1192.7391,0,1051.307,1939.8685,1272.948,
694,439.22617659990743,52.823757,,,,,,,,,,,0,0,0,0,529.5502,0,764.02155,512.92773,0,0,0,0,0,0,0,0,0,0,0,0,0,0,0,0,476.609,469.6208,0,0,646.99774,0,0,0,0,762.1677,0,0,0,0,0,714.47565,0,0,0,0,0,0,597.6159,554.79767,0,0,0,0,0,0,0,626.3838,439.15332,
